{"type":"FeatureCollection","attribution":"\u00a9 OpenStreetMap contributors (ODbL)","features":[{"type":"Feature","properties":{},"geometry":{"type":"LineString","coordinates":[[-5.41391,33.05391],[-5.41439,33.05477],[-5.41431,33.0555],[-5.41453,33.05643]]}},{"type":"Feature","properties":{"grade":"grade3"},"geometry":{"type":"LineString","coordinates":[[-5.43614,32.97057],[-5.43549,32.97077]]}},{"type":"Feature","properties":{"grade":"grade4"},"geometry":{"type":"LineString","coordinates":[[-5.4762,32.97589],[-5.47737,32.9753]]}},{"type":"Feature","properties":{},"geometry":{"type":"LineString","coordinates":[[-5.03789,33.64995],[-5.03775,33.65024]]}},{"type":"Feature","properties":{"grade":"grade4"},"geometry":{"type":"LineString","coordinates":[[-5.15487,33.41636],[-5.15187,33.41474],[-5.15018,33.41363],[-5.14861,33.41295],[-5.14633,33.41126]]}},{"type":"Feature","properties":{"grade":"grade5"},"geometry":{"type":"LineString","coordinates":[[-5.14633,33.41126],[-5.14474,33.4109],[-5.1439,33.41104],[-5.14232,33.41065],[-5.14161,33.41083],[-5.14194,33.41107]]}},{"type":"Feature","properties":{},"geometry":{"type":"LineString","coordinates":[[-5.36445,33.20464],[-5.36208,33.2054],[-5.35894,33.20598],[-5.35914,33.20682],[-5.35875,33.20744],[-5.35892,33.20773],[-5.35937,33.20784],[-5.35887,33.20844],[-5.35806,33.20831],[-5.35759,33.20873],[-5.3573,33.20858],[-5.35666,33.20884],[-5.35613,33.20834],[-5.3556,33.20819],[-5.3549,33.20845],[-5.3547,33.20881],[-5.35438,33.2088],[-5.35388,33.20958],[-5.35205,33.20957],[-5.3514,33.20924],[-5.35128,33.20895],[-5.35195,33.2087],[-5.35213,33.20842],[-5.35173,33.20755],[-5.35182,33.20693],[-5.35072,33.20654],[-5.35015,33.20585],[-5.34953,33.20558],[-5.34922,33.20441],[-5.34861,33.20525],[-5.34831,33.20543],[-5.3474,33.20551],[-5.34683,33.20495],[-5.34661,33.20562],[-5.34632,33.20595],[-5.34382,33.20706]]}},{"type":"Feature","properties":{},"geometry":{"type":"LineString","coordinates":[[-5.15582,33.42711],[-5.15458,33.42749],[-5.15413,33.42797],[-5.15329,33.42854],[-5.15259,33.4288],[-5.1522,33.42927],[-5.1518,33.42948],[-5.15077,33.4295],[-5.14952,33.43016],[-5.14697,33.43037],[-5.14625,33.43068],[-5.14356,33.43053],[-5.14226,33.43085],[-5.14108,33.43058],[-5.14025,33.43029],[-5.13958,33.42953],[-5.13944,33.42911],[-5.13889,33.42877],[-5.13826,33.42884],[-5.13774,33.4292],[-5.13755,33.43004],[-5.13725,33.43031],[-5.13648,33.43089],[-5.13618,33.43089],[-5.13403,33.43195],[-5.13339,33.43252],[-5.13277,33.43241],[-5.13217,33.43202],[-5.13185,33.43227],[-5.13132,33.43234],[-5.13102,33.43291],[-5.13058,33.43289],[-5.13003,33.43258],[-5.12997,33.43293],[-5.12966,33.43315],[-5.1288,33.43272],[-5.12811,33.43381],[-5.1278,33.43396],[-5.12654,33.43434],[-5.12621,33.43434],[-5.12572,33.43405],[-5.12398,33.43461],[-5.12389,33.43481],[-5.12353,33.43493],[-5.12199,33.43466],[-5.11953,33.43476],[-5.11899,33.43518],[-5.11876,33.43589],[-5.11828,33.4364],[-5.11787,33.43642],[-5.11753,33.43555],[-5.11605,33.43608],[-5.11526,33.43525],[-5.11425,33.43529],[-5.11411,33.43548],[-5.11379,33.43549],[-5.11193,33.43481],[-5.1107,33.43501],[-5.10958,33.43421],[-5.10956,33.43362],[-5.10872,33.43313],[-5.10643,33.43281],[-5.10576,33.43063],[-5.10525,33.42811],[-5.1052,33.4259],[-5.10456,33.42449],[-5.104,33.42234],[-5.10325,33.4213],[-5.10161,33.41987],[-5.1009,33.41898],[-5.10111,33.41837],[-5.1036,33.41711],[-5.10384,33.4163],[-5.10353,33.4151],[-5.10291,33.41382],[-5.10219,33.41308]]}},{"type":"Feature","properties":{"grade":"grade4"},"geometry":{"type":"LineString","coordinates":[[-4.89171,33.09784],[-4.89352,33.09652],[-4.89428,33.0966],[-4.89555,33.09789],[-4.89665,33.09804],[-4.89795,33.09854],[-4.90049,33.10042],[-4.90097,33.1007],[-4.90266,33.10119],[-4.90327,33.10181],[-4.90444,33.10251],[-4.90484,33.10252],[-4.90596,33.10151],[-4.90664,33.1012],[-4.90776,33.10218],[-4.90972,33.1022],[-4.90993,33.10241],[-4.90996,33.10291],[-4.91101,33.10349],[-4.91315,33.10307],[-4.9139,33.10345],[-4.91525,33.10381]]}},{"type":"Feature","properties":{},"geometry":{"type":"LineString","coordinates":[[-5.36341,33.26654],[-5.36324,33.26581],[-5.36268,33.26515],[-5.36123,33.26525],[-5.36024,33.26489],[-5.35991,33.26469],[-5.35999,33.26414],[-5.35975,33.26387],[-5.35816,33.26303],[-5.35794,33.26232],[-5.35807,33.26167],[-5.35776,33.26082],[-5.35804,33.26032],[-5.35968,33.2593],[-5.36055,33.25837],[-5.36116,33.25817],[-5.36159,33.25754],[-5.36161,33.25709],[-5.36106,33.25653],[-5.36123,33.25624],[-5.36119,33.2559],[-5.36163,33.25494],[-5.36185,33.25477],[-5.3617,33.25428],[-5.36198,33.25325],[-5.3637,33.25184],[-5.36417,33.25115],[-5.36452,33.24992],[-5.36451,33.24954],[-5.36398,33.24869],[-5.36379,33.24785],[-5.36577,33.24686],[-5.36688,33.24703],[-5.36918,33.24662],[-5.36963,33.24631],[-5.37002,33.24536],[-5.37178,33.24529],[-5.3724,33.24511],[-5.3733,33.24411],[-5.37521,33.24483],[-5.37618,33.24461],[-5.37666,33.24469],[-5.3774,33.24537],[-5.37695,33.24646]]}},{"type":"Feature","properties":{},"geometry":{"type":"LineString","coordinates":[[-5.0924,33.51179],[-5.09364,33.51066],[-5.09392,33.50985],[-5.09407,33.50758],[-5.09516,33.50411],[-5.09545,33.50336],[-5.09569,33.50317],[-5.09757,33.50436],[-5.09884,33.50541],[-5.10054,33.5053],[-5.10188,33.50478],[-5.10338,33.50512],[-5.10637,33.50512],[-5.10749,33.50468],[-5.10806,33.50472],[-5.10855,33.50508],[-5.11066,33.50745]]}},{"type":"Feature","properties":{},"geometry":{"type":"LineString","coordinates":[[-5.13006,33.48822],[-5.13073,33.4888],[-5.13094,33.48919],[-5.13049,33.49069],[-5.13058,33.49146],[-5.13117,33.49266],[-5.13191,33.49306],[-5.13216,33.49353],[-5.13199,33.49566],[-5.13177,33.49649],[-5.13213,33.49765],[-5.13217,33.49882],[-5.13275,33.49999],[-5.13316,33.5018]]}},{"type":"Feature","properties":{},"geometry":{"type":"LineString","coordinates":[[-5.13274,33.48414],[-5.13352,33.48482],[-5.13385,33.48562],[-5.13441,33.48588],[-5.13473,33.48644],[-5.13511,33.48665],[-5.1366,33.48677],[-5.13869,33.48643],[-5.13984,33.48595],[-5.14213,33.48583],[-5.14347,33.48661],[-5.14453,33.487]]}},{"type":"Feature","properties":{},"geometry":{"type":"LineString","coordinates":[[-5.18608,33.45318],[-5.18517,33.45365],[-5.18432,33.45447],[-5.18275,33.45547],[-5.18227,33.456],[-5.18126,33.4564],[-5.17977,33.45741],[-5.17778,33.45846],[-5.17691,33.45874],[-5.17602,33.45998]]}},{"type":"Feature","properties":{},"geometry":{"type":"LineString","coordinates":[[-5.45268,33.40215],[-5.45243,33.40124]]}},{"type":"Feature","properties":{},"geometry":{"type":"LineString","coordinates":[[-5.47135,33.39728],[-5.47052,33.39615],[-5.46963,33.39534],[-5.46753,33.39481],[-5.46656,33.39446],[-5.4658,33.39397],[-5.46142,33.39353],[-5.4603,33.39396],[-5.45982,33.39448],[-5.45873,33.39514],[-5.45647,33.39587],[-5.45644,33.39639]]}},{"type":"Feature","properties":{},"geometry":{"type":"LineString","coordinates":[[-5.46388,33.40516],[-5.46157,33.404],[-5.45991,33.40356],[-5.45817,33.40269],[-5.45703,33.40231],[-5.45405,33.40181],[-5.45239,33.40221],[-5.44949,33.40362],[-5.44768,33.40483],[-5.44689,33.40681],[-5.44684,33.40733],[-5.44826,33.40811],[-5.44877,33.40879],[-5.44854,33.40924]]}},{"type":"Feature","properties":{},"geometry":{"type":"LineString","coordinates":[[-5.38277,33.35761],[-5.38017,33.35654],[-5.37775,33.35493],[-5.37694,33.35619],[-5.37632,33.35654]]}},{"type":"Feature","properties":{},"geometry":{"type":"LineString","coordinates":[[-5.46119,33.40024],[-5.46192,33.40085],[-5.46207,33.40112],[-5.462,33.40144],[-5.46336,33.4028],[-5.46388,33.40516],[-5.4657,33.40642],[-5.46964,33.40999],[-5.47255,33.41235],[-5.47307,33.4131],[-5.47354,33.41454],[-5.47458,33.41631],[-5.47543,33.41708],[-5.47628,33.41905],[-5.47628,33.41981],[-5.47585,33.42148],[-5.47655,33.42313],[-5.47675,33.42469],[-5.47662,33.42532],[-5.47552,33.42646],[-5.47465,33.42696],[-5.47452,33.42746],[-5.47459,33.4281],[-5.47197,33.43029],[-5.47033,33.43074],[-5.46949,33.43014],[-5.46891,33.43056],[-5.46901,33.43101],[-5.46866,33.43194],[-5.46875,33.43219],[-5.47024,33.43282],[-5.47217,33.43286],[-5.47292,33.43308],[-5.47313,33.43338],[-5.47373,33.43352],[-5.47475,33.4341],[-5.47505,33.4347],[-5.47477,33.43691],[-5.47408,33.43746],[-5.47379,33.43793],[-5.47293,33.43844],[-5.47243,33.43937],[-5.47115,33.4403],[-5.47038,33.44122],[-5.46989,33.44152]]}},{"type":"Feature","properties":{},"geometry":{"type":"LineString","coordinates":[[-5.4456,33.30623],[-5.44649,33.3072],[-5.44706,33.30717],[-5.44824,33.30656],[-5.44882,33.30662]]}},{"type":"Feature","properties":{},"geometry":{"type":"LineString","coordinates":[[-5.46497,33.31529],[-5.46393,33.31485],[-5.46287,33.31501],[-5.46158,33.31489],[-5.46037,33.31455],[-5.45991,33.31409],[-5.45896,33.31381],[-5.4583,33.31279],[-5.45856,33.31218],[-5.45831,33.31137],[-5.45837,33.31114],[-5.45801,33.31078],[-5.45792,33.31018],[-5.45711,33.30998],[-5.45649,33.31034],[-5.45632,33.30942],[-5.45484,33.30915],[-5.45413,33.30851],[-5.45357,33.30881],[-5.45235,33.3085],[-5.45199,33.30878],[-5.45177,33.30934],[-5.45102,33.30917],[-5.44801,33.31039],[-5.4481,33.31058],[-5.44899,33.31088],[-5.45016,33.31198],[-5.45074,33.31226],[-5.45129,33.3123],[-5.45128,33.31284],[-5.451,33.31346],[-5.45198,33.31417],[-5.45208,33.31465],[-5.45181,33.31479],[-5.45148,33.31483],[-5.45097,33.3146],[-5.45035,33.31499],[-5.44966,33.31516],[-5.44884,33.3148],[-5.44771,33.31504],[-5.44696,33.31481],[-5.44585,33.31477],[-5.44558,33.31462],[-5.44516,33.31378],[-5.44178,33.31242],[-5.44183,33.31165],[-5.44132,33.31154],[-5.44097,33.31095],[-5.44015,33.31052],[-5.43978,33.30961],[-5.4405,33.30824],[-5.44162,33.30781],[-5.44171,33.30749],[-5.44204,33.3073],[-5.44195,33.30681],[-5.44222,33.30626],[-5.44261,33.30591],[-5.44333,33.30604],[-5.4435,33.30563],[-5.44428,33.30543],[-5.44496,33.30547],[-5.44501,33.30578],[-5.44544,33.30626],[-5.44606,33.30603],[-5.44699,33.30606],[-5.44741,33.30591],[-5.4475,33.30561],[-5.44717,33.30451],[-5.44661,33.30398],[-5.44614,33.30387],[-5.44592,33.30329],[-5.44764,33.30313],[-5.44843,33.30331],[-5.45051,33.30326],[-5.45099,33.30351],[-5.45129,33.30349],[-5.45261,33.30266],[-5.45323,33.30136],[-5.45457,33.30134],[-5.45654,33.30087],[-5.45775,33.30074],[-5.45843,33.30098],[-5.45946,33.30096],[-5.46003,33.30114],[-5.46096,33.30105],[-5.46133,33.30127],[-5.4621,33.30138],[-5.46291,33.30192],[-5.46323,33.30316],[-5.464,33.30457],[-5.46508,33.30527],[-5.46586,33.30605],[-5.46672,33.30622],[-5.46711,33.30584],[-5.46859,33.30605],[-5.46848,33.30693],[-5.46966,33.30769],[-5.46963,33.30853],[-5.47137,33.3098],[-5.47076,33.31218]]}},{"type":"Feature","properties":{},"geometry":{"type":"LineString","coordinates":[[-5.29236,33.49895],[-5.29455,33.49881],[-5.29658,33.49835],[-5.29786,33.49771],[-5.2989,33.49671]]}},{"type":"Feature","properties":{},"geometry":{"type":"LineString","coordinates":[[-5.7335,33.54455],[-5.7336,33.54476],[-5.73325,33.54523],[-5.73319,33.5459],[-5.7328,33.54639],[-5.73324,33.54679]]}},{"type":"Feature","properties":{},"geometry":{"type":"LineString","coordinates":[[-5.26548,33.43818],[-5.26257,33.4389],[-5.25699,33.4397],[-5.25503,33.43945],[-5.25454,33.43922]]}},{"type":"Feature","properties":{},"geometry":{"type":"LineString","coordinates":[[-5.23046,33.43634],[-5.2306,33.43605],[-5.23148,33.43547],[-5.23171,33.43501],[-5.2316,33.43475]]}},{"type":"Feature","properties":{},"geometry":{"type":"LineString","coordinates":[[-5.36861,33.33305],[-5.36939,33.33284]]}},{"type":"Feature","properties":{},"geometry":{"type":"LineString","coordinates":[[-5.36778,33.33367],[-5.36924,33.33409]]}},{"type":"Feature","properties":{},"geometry":{"type":"LineString","coordinates":[[-5.36797,33.3336],[-5.36982,33.33384]]}},{"type":"Feature","properties":{},"geometry":{"type":"LineString","coordinates":[[-5.36797,33.3336],[-5.36791,33.33286],[-5.36768,33.33276],[-5.36749,33.33231],[-5.36784,33.33193],[-5.36781,33.33157],[-5.36848,33.33143],[-5.36953,33.33084],[-5.37108,33.33091]]}},{"type":"Feature","properties":{},"geometry":{"type":"LineString","coordinates":[[-5.39193,33.3183],[-5.39351,33.31961],[-5.39464,33.32196],[-5.39505,33.32316],[-5.39622,33.32444],[-5.39651,33.32499],[-5.39816,33.32612],[-5.39824,33.32712],[-5.39892,33.32756]]}},{"type":"Feature","properties":{},"geometry":{"type":"LineString","coordinates":[[-5.39356,33.31971],[-5.39326,33.32084],[-5.3929,33.32135],[-5.39294,33.32165],[-5.39252,33.32247],[-5.39264,33.32305],[-5.39339,33.32374],[-5.39328,33.32393]]}},{"type":"Feature","properties":{},"geometry":{"type":"LineString","coordinates":[[-5.2558,33.34983],[-5.25993,33.35003],[-5.26068,33.34993]]}},{"type":"Feature","properties":{},"geometry":{"type":"LineString","coordinates":[[-5.25887,33.35147],[-5.25824,33.35147],[-5.25728,33.35104]]}},{"type":"Feature","properties":{},"geometry":{"type":"LineString","coordinates":[[-5.25753,33.35273],[-5.2575,33.35164],[-5.25728,33.35104],[-5.2558,33.34983],[-5.25448,33.34911],[-5.25342,33.34771],[-5.25308,33.347]]}},{"type":"Feature","properties":{},"geometry":{"type":"LineString","coordinates":[[-5.2015,33.40798],[-5.20132,33.40772],[-5.20033,33.40712],[-5.19707,33.40587],[-5.19682,33.40519],[-5.19698,33.40441],[-5.19726,33.40395],[-5.1969,33.40339],[-5.19679,33.40273],[-5.19602,33.40072]]}},{"type":"Feature","properties":{"grade":"grade1"},"geometry":{"type":"LineString","coordinates":[[-5.10502,33.5312],[-5.10484,33.53092],[-5.10487,33.53042]]}},{"type":"Feature","properties":{},"geometry":{"type":"LineString","coordinates":[[-5.15773,33.53003],[-5.15805,33.53055],[-5.15789,33.531],[-5.1574,33.53136],[-5.15684,33.53148],[-5.15636,33.53118],[-5.15676,33.53097]]}},{"type":"Feature","properties":{},"geometry":{"type":"LineString","coordinates":[[-5.13438,33.52791],[-5.13452,33.52808],[-5.1345,33.52891]]}},{"type":"Feature","properties":{},"geometry":{"type":"LineString","coordinates":[[-5.15906,33.53352],[-5.15922,33.53302],[-5.1589,33.53225],[-5.15881,33.53078],[-5.15835,33.5303],[-5.1567,33.52967],[-5.15634,33.52919],[-5.15719,33.52836],[-5.15749,33.52789],[-5.15751,33.52755],[-5.15717,33.52704],[-5.1562,33.52672],[-5.15515,33.52669],[-5.15322,33.52724],[-5.15046,33.5304],[-5.13788,33.52922],[-5.13718,33.52957],[-5.13567,33.531]]}},{"type":"Feature","properties":{},"geometry":{"type":"LineString","coordinates":[[-5.1345,33.52891],[-5.13788,33.52922]]}},{"type":"Feature","properties":{},"geometry":{"type":"LineString","coordinates":[[-5.16307,33.08041],[-5.16301,33.07983],[-5.16354,33.07774],[-5.1633,33.07688],[-5.16462,33.07574],[-5.16474,33.07514],[-5.16491,33.07498],[-5.1642,33.07367],[-5.16474,33.07249],[-5.16505,33.0711],[-5.16642,33.07066],[-5.16763,33.06976],[-5.16784,33.06937]]}},{"type":"Feature","properties":{},"geometry":{"type":"LineString","coordinates":[[-5.24993,33.08474],[-5.24926,33.08706],[-5.24879,33.08799],[-5.24882,33.08971],[-5.24926,33.09054],[-5.24926,33.09339],[-5.24872,33.09406],[-5.24792,33.09418],[-5.24775,33.09448],[-5.24676,33.09499],[-5.24561,33.09594],[-5.24567,33.09681],[-5.24514,33.09827],[-5.2456,33.09924],[-5.24588,33.09945],[-5.24588,33.10084],[-5.24639,33.10108],[-5.24644,33.1019],[-5.24695,33.10217],[-5.2476,33.10329],[-5.24836,33.1034],[-5.24808,33.10455],[-5.24748,33.10519]]}},{"type":"Feature","properties":{},"geometry":{"type":"LineString","coordinates":[[-5.19359,32.97852],[-5.19457,32.97872],[-5.19509,32.97858],[-5.19687,32.97922],[-5.19718,32.97919],[-5.20049,32.98112],[-5.20063,32.98167],[-5.20042,32.98228],[-5.20044,32.98284],[-5.20134,32.98755],[-5.20115,32.98834],[-5.20053,32.98929],[-5.19849,32.99022],[-5.19603,32.99186],[-5.19441,32.99321],[-5.19378,32.99346],[-5.19318,32.9941],[-5.19205,32.9945],[-5.19125,32.99511],[-5.18904,32.9961],[-5.18806,32.99684],[-5.18692,32.99689],[-5.18385,32.99846]]}},{"type":"Feature","properties":{},"geometry":{"type":"LineString","coordinates":[[-5.09312,33.39954],[-5.0944,33.40114],[-5.0958,33.40169],[-5.09788,33.40321],[-5.09811,33.40356],[-5.09794,33.40448],[-5.0984,33.40663],[-5.09943,33.40766]]}},{"type":"Feature","properties":{},"geometry":{"type":"LineString","coordinates":[[-5.216,33.23806],[-5.21509,33.2383],[-5.21322,33.23932],[-5.21273,33.23974],[-5.20811,33.24127],[-5.20652,33.2413],[-5.20357,33.24089],[-5.20318,33.24097],[-5.20283,33.24116],[-5.20263,33.2416],[-5.20149,33.24224],[-5.20108,33.24229],[-5.1991,33.24319],[-5.19881,33.24373],[-5.19784,33.24402],[-5.19697,33.24469],[-5.19643,33.24477],[-5.19582,33.24535]]}},{"type":"Feature","properties":{},"geometry":{"type":"LineString","coordinates":[[-5.09593,33.41151],[-5.09559,33.41211],[-5.09524,33.41389]]}},{"type":"Feature","properties":{},"geometry":{"type":"LineString","coordinates":[[-5.13907,33.42894],[-5.1383,33.42768],[-5.13344,33.42356],[-5.13177,33.42136],[-5.13127,33.42026],[-5.13113,33.41736],[-5.13027,33.41548],[-5.13032,33.41436],[-5.12973,33.41265],[-5.12892,33.41151],[-5.12858,33.4107],[-5.12869,33.41002],[-5.1281,33.40937],[-5.12674,33.40904],[-5.12578,33.40862],[-5.12537,33.40817],[-5.12498,33.4075],[-5.12479,33.40673],[-5.12453,33.40649],[-5.12308,33.40663],[-5.12207,33.40642],[-5.1209,33.40491],[-5.12003,33.40427]]}},{"type":"Feature","properties":{},"geometry":{"type":"LineString","coordinates":[[-5.15057,33.41387],[-5.1486,33.41318],[-5.14792,33.41264],[-5.14569,33.41288],[-5.1448,33.41266],[-5.1412,33.41361],[-5.14023,33.41335],[-5.13947,33.41341],[-5.13898,33.41317],[-5.13883,33.41284],[-5.13896,33.41188],[-5.13922,33.41167],[-5.13868,33.41108],[-5.13843,33.41103],[-5.1341,33.41142],[-5.13369,33.41125],[-5.13256,33.41126],[-5.12876,33.41065],[-5.12829,33.41085],[-5.12764,33.41088],[-5.1261,33.41154],[-5.12279,33.41182],[-5.12189,33.41137],[-5.12103,33.41054],[-5.11955,33.41028],[-5.11874,33.4098],[-5.11719,33.4097],[-5.11582,33.41025],[-5.11504,33.4103],[-5.11471,33.41024],[-5.11396,33.4097]]}},{"type":"Feature","properties":{},"geometry":{"type":"LineString","coordinates":[[-5.09189,33.41341],[-5.09295,33.41299],[-5.09369,33.41294],[-5.09593,33.41151],[-5.09805,33.41042],[-5.09904,33.40952],[-5.09924,33.40926],[-5.09945,33.40793],[-5.09926,33.40653],[-5.10005,33.40506],[-5.10075,33.40473],[-5.1011,33.40434],[-5.10126,33.4044],[-5.10041,33.40576],[-5.10114,33.40686],[-5.10185,33.40637],[-5.10166,33.40579],[-5.10209,33.4053],[-5.10232,33.40521],[-5.10273,33.40571],[-5.10301,33.40565],[-5.10324,33.40527]]}},{"type":"Feature","properties":{},"geometry":{"type":"LineString","coordinates":[[-5.06129,33.40457],[-5.06154,33.40123],[-5.06184,33.40047],[-5.06166,33.39909],[-5.06182,33.39836],[-5.06164,33.3978],[-5.06082,33.39684],[-5.06072,33.39653],[-5.06058,33.39325],[-5.0614,33.39112],[-5.06095,33.38843],[-5.06167,33.38555],[-5.06152,33.38511],[-5.06041,33.38388],[-5.05983,33.38265],[-5.05933,33.37978],[-5.06005,33.3784],[-5.05963,33.37766],[-5.05961,33.37712],[-5.05922,33.37663],[-5.0584,33.37617],[-5.05589,33.37239],[-5.05563,33.37142]]}},{"type":"Feature","properties":{},"geometry":{"type":"LineString","coordinates":[[-5.34904,33.31932],[-5.34956,33.32022],[-5.35032,33.32107],[-5.35148,33.32583],[-5.35199,33.32713],[-5.35249,33.32781],[-5.35385,33.3289],[-5.35387,33.32911]]}},{"type":"Feature","properties":{},"geometry":{"type":"LineString","coordinates":[[-5.31815,33.30839],[-5.3179,33.30701],[-5.318,33.30653],[-5.31879,33.3053],[-5.31873,33.3046],[-5.31812,33.30472],[-5.3158,33.3061],[-5.31527,33.30685],[-5.31364,33.30794],[-5.31255,33.30838],[-5.31193,33.30905]]}},{"type":"Feature","properties":{},"geometry":{"type":"LineString","coordinates":[[-5.31808,33.3092],[-5.31819,33.30929]]}},{"type":"Feature","properties":{},"geometry":{"type":"LineString","coordinates":[[-5.31805,33.30937],[-5.3186,33.30934],[-5.32146,33.31023],[-5.3229,33.3104],[-5.32454,33.31192],[-5.32618,33.3124],[-5.32749,33.31245],[-5.32801,33.3127]]}},{"type":"Feature","properties":{},"geometry":{"type":"LineString","coordinates":[[-5.35346,33.30483],[-5.35433,33.30503],[-5.35792,33.30519],[-5.36015,33.30459],[-5.36058,33.30468],[-5.36118,33.30512]]}},{"type":"Feature","properties":{},"geometry":{"type":"LineString","coordinates":[[-5.2933,33.30279],[-5.29246,33.30285],[-5.29213,33.30336],[-5.2918,33.30346],[-5.28819,33.30603],[-5.28718,33.30733],[-5.28601,33.3083],[-5.28479,33.3097],[-5.28392,33.31018],[-5.28306,33.31022],[-5.28216,33.30983],[-5.28127,33.30993],[-5.27911,33.30973],[-5.27444,33.30904]]}},{"type":"Feature","properties":{},"geometry":{"type":"LineString","coordinates":[[-5.31835,33.30885],[-5.32006,33.30819],[-5.32139,33.30811],[-5.32292,33.30778],[-5.32404,33.30663],[-5.32535,33.30629],[-5.32582,33.30632],[-5.32712,33.30578],[-5.32733,33.30606],[-5.32725,33.30652],[-5.32756,33.30691],[-5.328,33.30682],[-5.32835,33.30699],[-5.32839,33.30719],[-5.32822,33.30737]]}},{"type":"Feature","properties":{},"geometry":{"type":"LineString","coordinates":[[-5.24962,33.28684],[-5.25102,33.28584],[-5.25097,33.28477]]}},{"type":"Feature","properties":{},"geometry":{"type":"LineString","coordinates":[[-5.25663,33.28243],[-5.25662,33.28196],[-5.25637,33.28191],[-5.25635,33.28157],[-5.25594,33.28134]]}},{"type":"Feature","properties":{},"geometry":{"type":"LineString","coordinates":[[-5.24363,33.46606],[-5.24386,33.46533],[-5.2445,33.46469],[-5.24511,33.46501],[-5.24546,33.46498],[-5.24675,33.46236],[-5.24781,33.46072],[-5.24851,33.45912],[-5.25061,33.45712],[-5.25127,33.45682],[-5.25315,33.45526],[-5.25639,33.45322],[-5.25893,33.451],[-5.26005,33.44941],[-5.26123,33.44702],[-5.26294,33.44454],[-5.26479,33.44225],[-5.26607,33.4402],[-5.26706,33.43927],[-5.26823,33.43856],[-5.26943,33.43756],[-5.27067,33.437],[-5.27256,33.43704],[-5.27391,33.43743],[-5.27716,33.43737],[-5.27833,33.43709],[-5.28089,33.43725],[-5.28139,33.43745]]}},{"type":"Feature","properties":{},"geometry":{"type":"LineString","coordinates":[[-5.29488,33.42603],[-5.29593,33.42717],[-5.29721,33.42788],[-5.30072,33.42881],[-5.30168,33.42893],[-5.30326,33.42997],[-5.30631,33.42917],[-5.31235,33.42917]]}},{"type":"Feature","properties":{},"geometry":{"type":"LineString","coordinates":[[-5.24119,33.46575],[-5.2409,33.46641],[-5.24032,33.46702],[-5.23859,33.4708],[-5.23831,33.47181],[-5.23854,33.47257],[-5.23799,33.47243],[-5.23779,33.47198],[-5.23716,33.47174],[-5.23594,33.47188],[-5.23507,33.47179],[-5.23394,33.47102]]}},{"type":"Feature","properties":{},"geometry":{"type":"LineString","coordinates":[[-5.2445,33.46469],[-5.24449,33.46447],[-5.24564,33.46332],[-5.24582,33.46286]]}},{"type":"Feature","properties":{},"geometry":{"type":"LineString","coordinates":[[-5.36277,33.22426],[-5.36245,33.22525],[-5.36159,33.22537],[-5.36021,33.22525],[-5.35949,33.2256],[-5.35905,33.22613],[-5.35871,33.22692],[-5.35843,33.22709],[-5.35799,33.22724],[-5.35662,33.22721],[-5.35563,33.22682],[-5.35484,33.22677],[-5.35315,33.2279]]}},{"type":"Feature","properties":{},"geometry":{"type":"LineString","coordinates":[[-5.62644,33.00294],[-5.62642,33.00263],[-5.62686,33.0014],[-5.62704,32.99995],[-5.627,32.99905],[-5.62681,32.99853],[-5.6269,32.99814],[-5.62655,32.99694],[-5.6265,32.99598],[-5.62731,32.9943],[-5.62687,32.99234],[-5.6267,32.99032],[-5.62579,32.9866],[-5.62565,32.98627],[-5.62516,32.98608],[-5.62552,32.98547],[-5.6253,32.98424],[-5.62486,32.98364],[-5.62433,32.98326],[-5.62419,32.98287],[-5.62332,32.98244],[-5.62306,32.98201],[-5.62279,32.98108],[-5.62276,32.9795],[-5.62256,32.97894],[-5.62264,32.97725],[-5.62163,32.97525],[-5.62169,32.97409],[-5.62144,32.97347],[-5.62163,32.97316],[-5.62161,32.97283],[-5.61888,32.97394],[-5.61704,32.9745],[-5.61548,32.97467],[-5.615,32.97459],[-5.61487,32.9752],[-5.61392,32.97548],[-5.6132,32.97618],[-5.61214,32.97646]]}},{"type":"Feature","properties":{},"geometry":{"type":"LineString","coordinates":[[-5.61,33.68199],[-5.6099,33.6812],[-5.61041,33.68069],[-5.61359,33.68029],[-5.61505,33.67991],[-5.61701,33.6798],[-5.62007,33.67929]]}},{"type":"Feature","properties":{},"geometry":{"type":"LineString","coordinates":[[-5.5939,33.64015],[-5.59377,33.64026]]}},{"type":"Feature","properties":{},"geometry":{"type":"LineString","coordinates":[[-5.57872,33.61693],[-5.57674,33.61883],[-5.57693,33.61929],[-5.57678,33.62025],[-5.57722,33.62111],[-5.57886,33.62247],[-5.57901,33.62277],[-5.57895,33.62372],[-5.57788,33.62481],[-5.57817,33.62554],[-5.57797,33.62664],[-5.57775,33.62703],[-5.57726,33.62738],[-5.5758,33.62784],[-5.57538,33.62861],[-5.57529,33.62915],[-5.57471,33.62973],[-5.57258,33.63292],[-5.57214,33.63384],[-5.57199,33.63462],[-5.5727,33.63524],[-5.57274,33.63563],[-5.57105,33.63851],[-5.57098,33.63965],[-5.57075,33.64058],[-5.57042,33.64089],[-5.57038,33.64126],[-5.56895,33.64245],[-5.56858,33.643],[-5.56851,33.64337],[-5.56875,33.64356],[-5.56883,33.64393],[-5.56865,33.64485],[-5.5683,33.64556],[-5.57231,33.64579],[-5.57493,33.64566],[-5.57684,33.64604],[-5.58022,33.64533],[-5.583,33.64569]]}},{"type":"Feature","properties":{},"geometry":{"type":"LineString","coordinates":[[-5.58419,33.64266],[-5.58481,33.64351]]}},{"type":"Feature","properties":{},"geometry":{"type":"LineString","coordinates":[[-5.59484,33.64022],[-5.59436,33.64003],[-5.59369,33.64014]]}},{"type":"Feature","properties":{},"geometry":{"type":"LineString","coordinates":[[-4.84432,33.66827],[-4.84465,33.66893],[-4.84534,33.66969],[-4.84674,33.67031],[-4.84742,33.6705],[-4.84863,33.6702],[-4.84914,33.67023],[-4.8505,33.67097],[-4.85154,33.67049],[-4.85256,33.67086],[-4.85349,33.67085],[-4.85664,33.66992],[-4.85769,33.67003],[-4.85853,33.6699],[-4.86072,33.67225]]}},{"type":"Feature","properties":{},"geometry":{"type":"LineString","coordinates":[[-5.36174,33.68708],[-5.35942,33.6866],[-5.35884,33.68683],[-5.35648,33.68471]]}},{"type":"Feature","properties":{},"geometry":{"type":"LineString","coordinates":[[-5.3653,33.68164],[-5.3617,33.67796],[-5.36096,33.67785],[-5.35976,33.67807],[-5.35905,33.67899],[-5.35681,33.68076],[-5.35609,33.68098],[-5.35498,33.68292],[-5.35513,33.68398],[-5.35613,33.68459],[-5.35732,33.68487],[-5.35827,33.6847]]}},{"type":"Feature","properties":{},"geometry":{"type":"LineString","coordinates":[[-5.36102,33.66403],[-5.36412,33.66848],[-5.36553,33.66933],[-5.36669,33.67051],[-5.36884,33.67205]]}},{"type":"Feature","properties":{},"geometry":{"type":"LineString","coordinates":[[-5.35718,33.66134],[-5.35862,33.6615],[-5.35958,33.66226]]}},{"type":"Feature","properties":{},"geometry":{"type":"LineString","coordinates":[[-5.13051,33.73973],[-5.1309,33.7408],[-5.13249,33.74152],[-5.13314,33.74152],[-5.13407,33.74118],[-5.13519,33.74118],[-5.1369,33.73974],[-5.13781,33.73854],[-5.14135,33.73578]]}},{"type":"Feature","properties":{},"geometry":{"type":"LineString","coordinates":[[-5.131,33.74087],[-5.1315,33.74176],[-5.1319,33.74204],[-5.13818,33.74484],[-5.14199,33.74685],[-5.14463,33.74761]]}},{"type":"Feature","properties":{},"geometry":{"type":"LineString","coordinates":[[-5.12262,33.74183],[-5.12209,33.74193],[-5.11886,33.74177],[-5.11845,33.74189],[-5.11742,33.74313],[-5.11755,33.74339],[-5.1172,33.74399],[-5.11818,33.74456],[-5.11905,33.74542],[-5.11955,33.74674],[-5.12138,33.74674],[-5.12215,33.74697],[-5.12351,33.74806]]}},{"type":"Feature","properties":{},"geometry":{"type":"LineString","coordinates":[[-5.14211,33.74686],[-5.14226,33.74713],[-5.14201,33.74747],[-5.14226,33.74816],[-5.1422,33.74893],[-5.14286,33.75066],[-5.143,33.75128],[-5.14291,33.75194],[-5.14395,33.75402],[-5.14451,33.7546],[-5.14509,33.75558],[-5.14589,33.75631]]}},{"type":"Feature","properties":{},"geometry":{"type":"LineString","coordinates":[[-5.08139,33.68047],[-5.08104,33.68238],[-5.08109,33.68279],[-5.08156,33.6842],[-5.08282,33.68494],[-5.08296,33.68551],[-5.08286,33.68609],[-5.08018,33.6856],[-5.07996,33.68583],[-5.0794,33.68778],[-5.07894,33.68848],[-5.07791,33.68926],[-5.07755,33.69012],[-5.07692,33.69041],[-5.07636,33.69113],[-5.07586,33.69122],[-5.07528,33.69202],[-5.07502,33.6928],[-5.07331,33.69325],[-5.06968,33.6948],[-5.06904,33.69453],[-5.06782,33.695],[-5.06718,33.69494],[-5.06645,33.69524],[-5.06527,33.69539],[-5.06494,33.69567],[-5.06504,33.69604],[-5.0641,33.69618],[-5.06323,33.69683],[-5.0619,33.69674],[-5.06064,33.69762],[-5.05877,33.69833],[-5.05868,33.69855],[-5.05913,33.69898],[-5.05912,33.6995],[-5.0588,33.69983],[-5.05729,33.69998],[-5.0559,33.70033],[-5.05422,33.70031],[-5.05288,33.70079],[-5.05238,33.70136],[-5.05205,33.70255]]}},{"type":"Feature","properties":{},"geometry":{"type":"LineString","coordinates":[[-5.07306,33.69336],[-5.07264,33.69239],[-5.0721,33.6918],[-5.07041,33.69041],[-5.07007,33.68988],[-5.06924,33.68923],[-5.06907,33.68884],[-5.06857,33.68864]]}},{"type":"Feature","properties":{},"geometry":{"type":"LineString","coordinates":[[-5.06502,33.68086],[-5.0651,33.68203],[-5.06538,33.68267],[-5.06595,33.68323],[-5.06629,33.68391],[-5.0668,33.68431],[-5.06746,33.68565],[-5.06745,33.68627],[-5.06786,33.6875],[-5.06856,33.68845],[-5.0687,33.68998],[-5.06854,33.69056],[-5.06809,33.69105],[-5.06719,33.69143],[-5.06652,33.69203],[-5.06588,33.69227],[-5.06213,33.69313],[-5.06025,33.69298],[-5.05971,33.69341],[-5.05885,33.69461],[-5.05781,33.69506],[-5.055,33.69509],[-5.0541,33.69525],[-5.05235,33.69647],[-5.05205,33.69683],[-5.05092,33.69739],[-5.05024,33.69819],[-5.04926,33.6988],[-5.04859,33.6997]]}},{"type":"Feature","properties":{},"geometry":{"type":"LineString","coordinates":[[-5.06508,33.68185],[-5.06477,33.68246],[-5.06412,33.68292],[-5.0631,33.68438],[-5.06211,33.68492],[-5.06107,33.68525],[-5.06053,33.68568]]}},{"type":"Feature","properties":{},"geometry":{"type":"LineString","coordinates":[[-5.06073,33.69407],[-5.0622,33.69508],[-5.06233,33.69552],[-5.06127,33.69545],[-5.06042,33.69586],[-5.0596,33.69583],[-5.05876,33.69633],[-5.05853,33.69669],[-5.05765,33.69665],[-5.0573,33.69678],[-5.05673,33.69651],[-5.05593,33.69657],[-5.05527,33.69626],[-5.05507,33.69607],[-5.05497,33.69578],[-5.05507,33.69559],[-5.05481,33.69535],[-5.05484,33.69511],[-5.05408,33.69456],[-5.054,33.69431],[-5.05422,33.69375],[-5.05475,33.69309],[-5.0548,33.69255],[-5.05524,33.69203],[-5.05554,33.69204],[-5.05641,33.69263],[-5.05716,33.69358],[-5.0582,33.69335],[-5.06006,33.69197],[-5.06013,33.69161],[-5.05945,33.68961],[-5.05929,33.68828],[-5.0594,33.68773],[-5.06009,33.68721],[-5.06032,33.68724],[-5.06182,33.68891],[-5.06308,33.68964],[-5.0632,33.69005],[-5.06395,33.69075],[-5.06443,33.69085],[-5.06569,33.69063],[-5.06728,33.68958],[-5.06747,33.68899],[-5.06686,33.68749],[-5.06636,33.68518],[-5.06461,33.68255]]}},{"type":"Feature","properties":{},"geometry":{"type":"LineString","coordinates":[[-5.06005,33.68604],[-5.05862,33.68745],[-5.05712,33.68785],[-5.05645,33.68841],[-5.05557,33.68951],[-5.05494,33.68979],[-5.05436,33.69068],[-5.05359,33.69126],[-5.05339,33.69231],[-5.05296,33.69294],[-5.053,33.69324],[-5.05283,33.69355],[-5.05305,33.69384],[-5.05321,33.69528],[-5.05376,33.69549]]}},{"type":"Feature","properties":{},"geometry":{"type":"LineString","coordinates":[[-5.06016,33.69304],[-5.06027,33.69359],[-5.06073,33.69407],[-5.05987,33.69397],[-5.0591,33.69421]]}},{"type":"Feature","properties":{},"geometry":{"type":"LineString","coordinates":[[-5.25151,33.43668],[-5.25016,33.43781],[-5.24899,33.4394],[-5.24737,33.43992],[-5.24655,33.43966],[-5.24602,33.43982],[-5.24599,33.44044],[-5.24667,33.44148],[-5.24667,33.44235]]}},{"type":"Feature","properties":{},"geometry":{"type":"LineString","coordinates":[[-5.16462,33.43526],[-5.16388,33.43452],[-5.1618,33.43394],[-5.16127,33.43415],[-5.16056,33.435],[-5.16022,33.43703],[-5.15991,33.43731],[-5.15883,33.43768],[-5.15822,33.43844],[-5.15802,33.43898],[-5.15915,33.43961]]}},{"type":"Feature","properties":{},"geometry":{"type":"LineString","coordinates":[[-5.24594,33.44],[-5.24444,33.43929],[-5.24385,33.43941],[-5.24286,33.43906],[-5.24192,33.43827],[-5.24103,33.43789],[-5.2365,33.43711],[-5.23613,33.4372]]}},{"type":"Feature","properties":{},"geometry":{"type":"LineString","coordinates":[[-5.17049,33.45853],[-5.17033,33.45829],[-5.17074,33.45717],[-5.17068,33.4564],[-5.17038,33.4556],[-5.17043,33.45342],[-5.17027,33.4521],[-5.1696,33.45169],[-5.16842,33.45164]]}},{"type":"Feature","properties":{},"geometry":{"type":"LineString","coordinates":[[-5.01054,33.7398],[-5.01016,33.73977],[-5.00929,33.74021],[-5.0087,33.74148],[-5.00828,33.74175]]}},{"type":"Feature","properties":{},"geometry":{"type":"LineString","coordinates":[[-5.02083,33.71873],[-5.02129,33.71919],[-5.02161,33.7198],[-5.02132,33.72019],[-5.01987,33.72077],[-5.01836,33.72055]]}},{"type":"Feature","properties":{},"geometry":{"type":"LineString","coordinates":[[-5.01821,33.72093],[-5.01776,33.72152]]}},{"type":"Feature","properties":{},"geometry":{"type":"LineString","coordinates":[[-5.01672,33.72065],[-5.01776,33.72152]]}},{"type":"Feature","properties":{},"geometry":{"type":"LineString","coordinates":[[-4.94228,33.70135],[-4.94305,33.70288],[-4.9427,33.70478],[-4.94298,33.70554],[-4.94293,33.70606],[-4.94279,33.70636],[-4.94247,33.70652],[-4.94197,33.70739],[-4.94189,33.70923],[-4.94135,33.70973],[-4.94022,33.71196],[-4.93893,33.71319],[-4.93814,33.71522]]}},{"type":"Feature","properties":{},"geometry":{"type":"LineString","coordinates":[[-4.99289,33.72189],[-4.99515,33.72017]]}},{"type":"Feature","properties":{},"geometry":{"type":"LineString","coordinates":[[-5.05721,32.97448],[-5.05718,32.97386],[-5.05676,32.97352],[-5.05625,32.97273],[-5.05606,32.97179],[-5.05684,32.9709],[-5.05722,32.96993],[-5.05821,32.96928]]}},{"type":"Feature","properties":{},"geometry":{"type":"LineString","coordinates":[[-5.05462,32.95271],[-5.05055,32.95629],[-5.04736,32.95834],[-5.0454,32.96049],[-5.04454,32.96227],[-5.04462,32.96274],[-5.04536,32.96422],[-5.04566,32.96434]]}},{"type":"Feature","properties":{},"geometry":{"type":"LineString","coordinates":[[-5.05295,32.95667],[-5.05386,32.95751],[-5.05649,32.9591],[-5.05703,32.9596],[-5.058,32.95994],[-5.05782,32.96034],[-5.05655,32.96033],[-5.05623,32.96065],[-5.0577,32.96274],[-5.05779,32.96398],[-5.05753,32.965],[-5.05756,32.96551],[-5.05792,32.96621],[-5.05784,32.96825]]}},{"type":"Feature","properties":{},"geometry":{"type":"LineString","coordinates":[[-5.00725,33.06075],[-5.00606,33.06206],[-5.00553,33.06361],[-5.00527,33.06395],[-5.00465,33.06418]]}},{"type":"Feature","properties":{"grade":"grade4"},"geometry":{"type":"LineString","coordinates":[[-4.983,33.0801],[-4.98303,33.07995],[-4.98334,33.08008],[-4.98351,33.07998],[-4.98362,33.07934],[-4.98339,33.07794],[-4.98479,33.07614],[-4.98529,33.07523],[-4.98674,33.0737],[-4.98963,33.07268],[-4.99094,33.07255],[-4.99282,33.07121],[-4.99402,33.07061],[-4.99549,33.06918],[-4.99566,33.06859],[-4.99566,33.0676],[-4.99625,33.06659],[-4.99714,33.06621],[-4.99992,33.0664],[-5.00241,33.06578],[-5.00333,33.06523],[-5.00448,33.06421],[-5.00501,33.06429],[-5.00602,33.06479],[-5.00792,33.0648],[-5.00977,33.06562],[-5.01011,33.06583],[-5.01071,33.06698],[-5.01094,33.06818],[-5.01043,33.06912],[-5.00787,33.07065],[-5.00712,33.07131],[-5.00629,33.07238],[-5.00644,33.0728],[-5.00662,33.07287],[-5.00729,33.07257],[-5.00767,33.07287],[-5.00724,33.07371],[-5.00729,33.0749]]}},{"type":"Feature","properties":{},"geometry":{"type":"LineString","coordinates":[[-4.88196,33.02535],[-4.88199,33.02444],[-4.88277,33.0234],[-4.88337,33.02029],[-4.88332,33.01973],[-4.88168,33.01786],[-4.87829,33.01502]]}},{"type":"Feature","properties":{},"geometry":{"type":"LineString","coordinates":[[-4.88187,33.01339],[-4.88185,33.01331]]}},{"type":"Feature","properties":{},"geometry":{"type":"LineString","coordinates":[[-4.84754,32.98653],[-4.84741,32.98635]]}},{"type":"Feature","properties":{},"geometry":{"type":"LineString","coordinates":[[-4.77911,33.04383],[-4.77967,33.04462],[-4.7821,33.04491],[-4.78281,33.04439],[-4.7833,33.04423],[-4.78362,33.04357],[-4.78361,33.0429]]}},{"type":"Feature","properties":{},"geometry":{"type":"LineString","coordinates":[[-4.88382,33.0127],[-4.88245,33.01264],[-4.88136,33.01213],[-4.88069,33.01206],[-4.88028,33.01232],[-4.88016,33.0126],[-4.88024,33.01306],[-4.88058,33.01338],[-4.88036,33.01357]]}},{"type":"Feature","properties":{},"geometry":{"type":"LineString","coordinates":[[-4.84736,32.98736],[-4.84717,32.9868],[-4.84539,32.98675],[-4.84423,32.98647],[-4.84323,32.98671],[-4.84155,32.98584],[-4.84129,32.98544]]}},{"type":"Feature","properties":{},"geometry":{"type":"LineString","coordinates":[[-4.70406,33.11514],[-4.69925,33.11262],[-4.6979,33.1115],[-4.69521,33.10884],[-4.69262,33.10497],[-4.69141,33.10384],[-4.68966,33.10165],[-4.68658,33.09826],[-4.68367,33.09434],[-4.68177,33.09256],[-4.67903,33.08902]]}},{"type":"Feature","properties":{},"geometry":{"type":"LineString","coordinates":[[-4.75425,33.04054],[-4.75106,33.03632],[-4.751,33.03611],[-4.75135,33.03535],[-4.75021,33.03391],[-4.74974,33.03304],[-4.74793,33.03334],[-4.74639,33.03309],[-4.74586,33.03331]]}},{"type":"Feature","properties":{},"geometry":{"type":"LineString","coordinates":[[-4.84762,32.98639],[-4.8468,32.98607],[-4.84667,32.98555],[-4.84572,32.98445],[-4.84512,32.98465],[-4.84402,32.9845],[-4.84302,32.98399],[-4.84216,32.98384],[-4.84146,32.98409],[-4.84039,32.98496],[-4.83568,32.98732]]}},{"type":"Feature","properties":{},"geometry":{"type":"LineString","coordinates":[[-4.84203,32.98612],[-4.84087,32.98644],[-4.84093,32.98747],[-4.84066,32.9885],[-4.84048,32.98851],[-4.83989,32.98749],[-4.83959,32.98584],[-4.83968,32.98532],[-4.83809,32.9804],[-4.83749,32.98005],[-4.83598,32.97686]]}},{"type":"Feature","properties":{},"geometry":{"type":"LineString","coordinates":[[-4.78186,33.18214],[-4.7817,33.18159],[-4.78167,33.17979],[-4.7818,33.17945],[-4.78357,33.17858],[-4.78564,33.17808],[-4.78589,33.17652],[-4.78619,33.17631],[-4.78695,33.1765],[-4.7877,33.17625],[-4.78821,33.17552],[-4.78802,33.17515],[-4.7881,33.17475],[-4.78883,33.17403],[-4.78955,33.17388],[-4.79003,33.17408],[-4.79062,33.17394],[-4.79275,33.1746],[-4.79415,33.17476],[-4.79482,33.17456],[-4.79544,33.17492],[-4.79568,33.17607]]}},{"type":"Feature","properties":{},"geometry":{"type":"LineString","coordinates":[[-4.8019,33.00332],[-4.80463,33.00257],[-4.80529,33.00254],[-4.80558,33.00285],[-4.8069,33.00207],[-4.80863,33.0014],[-4.8099,32.99994],[-4.81092,32.99915],[-4.81193,32.99807],[-4.81226,32.99825],[-4.81251,32.99812],[-4.81458,32.9993]]}},{"type":"Feature","properties":{},"geometry":{"type":"LineString","coordinates":[[-4.88185,33.01331],[-4.88064,33.01228],[-4.87949,33.01057],[-4.87934,33.0097],[-4.87911,33.00946],[-4.87915,33.00874],[-4.87829,33.0066],[-4.87782,33.00602],[-4.87774,33.00554],[-4.87808,33.00496],[-4.87742,33.00402],[-4.87753,33.00329],[-4.87729,33.00239],[-4.87685,33.00184],[-4.87688,33.00099],[-4.8756,32.99953],[-4.87591,32.99804],[-4.8758,32.99719],[-4.87565,32.99712],[-4.87487,32.99742],[-4.87451,32.99691]]}},{"type":"Feature","properties":{},"geometry":{"type":"LineString","coordinates":[[-4.85804,33.00455],[-4.85729,33.00403],[-4.85642,33.00382],[-4.85563,33.00302],[-4.85547,33.00269],[-4.85553,33.00145],[-4.85529,33.00115],[-4.8545,33.00081],[-4.85364,33.00071],[-4.85324,33.00035],[-4.85294,32.99975],[-4.85288,32.9986],[-4.85257,32.99763],[-4.85192,32.99682],[-4.85261,32.99586],[-4.8521,32.99416],[-4.8506,32.99277],[-4.84781,32.99061],[-4.84744,32.98993],[-4.84723,32.9891],[-4.84736,32.98736],[-4.84762,32.98639],[-4.84958,32.98584],[-4.85,32.98536],[-4.85137,32.98502],[-4.85212,32.98353],[-4.85328,32.9821],[-4.85499,32.98173],[-4.85573,32.98098],[-4.85659,32.98111],[-4.85778,32.98061],[-4.85851,32.9805]]}},{"type":"Feature","properties":{},"geometry":{"type":"LineString","coordinates":[[-5.37064,33.22992],[-5.37135,33.22982],[-5.37201,33.22895],[-5.37199,33.2276],[-5.37259,33.22712],[-5.37223,33.22662],[-5.37277,33.22628],[-5.37309,33.22559],[-5.37367,33.22514],[-5.37414,33.22524],[-5.37453,33.22508],[-5.37463,33.22488],[-5.37408,33.22402],[-5.374,33.22361],[-5.37353,33.22305],[-5.37309,33.22063],[-5.37303,33.21942],[-5.37199,33.21834],[-5.37102,33.21701],[-5.37133,33.21564],[-5.37191,33.21458],[-5.37232,33.21418],[-5.37238,33.21365]]}},{"type":"Feature","properties":{},"geometry":{"type":"LineString","coordinates":[[-4.73799,33.2786],[-4.73755,33.27722],[-4.73783,33.27536],[-4.7381,33.27488],[-4.73816,33.27324],[-4.73775,33.27207],[-4.7378,33.27119]]}},{"type":"Feature","properties":{"grade":"grade3"},"geometry":{"type":"LineString","coordinates":[[-4.69091,33.31506],[-4.69047,33.31492],[-4.69014,33.31506],[-4.68917,33.31636],[-4.68828,33.31704],[-4.68789,33.31758],[-4.68648,33.31846],[-4.68372,33.32228],[-4.6835,33.32279],[-4.684,33.32432],[-4.68405,33.32507],[-4.68441,33.32564],[-4.68436,33.32686]]}},{"type":"Feature","properties":{"grade":"grade4"},"geometry":{"type":"LineString","coordinates":[[-4.77787,33.42366],[-4.77677,33.42408],[-4.77485,33.42402],[-4.77452,33.42424],[-4.77427,33.42476],[-4.77389,33.42476],[-4.77315,33.42532],[-4.77066,33.42629],[-4.76922,33.42674],[-4.76838,33.42683],[-4.76703,33.42751],[-4.76633,33.42821],[-4.76463,33.42928],[-4.76339,33.43059],[-4.76299,33.4316],[-4.76252,33.43383]]}},{"type":"Feature","properties":{},"geometry":{"type":"LineString","coordinates":[[-4.73485,33.36866],[-4.73456,33.36917],[-4.73488,33.36936]]}},{"type":"Feature","properties":{},"geometry":{"type":"LineString","coordinates":[[-4.71684,33.41114],[-4.71727,33.41192],[-4.71831,33.41224],[-4.72122,33.41368],[-4.72189,33.41386],[-4.72294,33.41437],[-4.72368,33.41498],[-4.72417,33.41589],[-4.72518,33.41667],[-4.72592,33.41817],[-4.72617,33.41901],[-4.72641,33.42123],[-4.72678,33.42224],[-4.7271,33.42245],[-4.72801,33.42252],[-4.72862,33.42228],[-4.72899,33.42174],[-4.73011,33.42228],[-4.73149,33.42198],[-4.73215,33.42228],[-4.73274,33.42289]]}},{"type":"Feature","properties":{"grade":"grade3"},"geometry":{"type":"LineString","coordinates":[[-4.72732,33.37078],[-4.7272,33.3718],[-4.72632,33.3728],[-4.726,33.37301],[-4.72525,33.37304],[-4.72466,33.3733],[-4.72406,33.37397],[-4.72164,33.37526],[-4.7192,33.37717],[-4.71848,33.37804],[-4.71903,33.37835],[-4.71931,33.37871],[-4.72023,33.37837],[-4.71994,33.37874],[-4.7202,33.37929],[-4.72049,33.37951],[-4.72047,33.38049],[-4.7202,33.38075],[-4.71899,33.38125],[-4.71815,33.38135],[-4.71757,33.38205],[-4.71648,33.3824],[-4.71556,33.38352],[-4.71458,33.38328],[-4.71388,33.38233],[-4.71174,33.38189],[-4.71072,33.382],[-4.71015,33.38189],[-4.71012,33.38123],[-4.70831,33.38052],[-4.70745,33.38052],[-4.7066,33.38132],[-4.70507,33.38172],[-4.7049,33.38254],[-4.70439,33.38322],[-4.7036,33.38378],[-4.70249,33.38562],[-4.70155,33.38594],[-4.70086,33.38576],[-4.69965,33.3859],[-4.69889,33.38628],[-4.69871,33.38701],[-4.69768,33.38743],[-4.69721,33.38813],[-4.69474,33.38928],[-4.69435,33.38996],[-4.69205,33.39182],[-4.69159,33.39238],[-4.69119,33.39261],[-4.69077,33.39251],[-4.69045,33.39265],[-4.68993,33.39323],[-4.68836,33.39413],[-4.68698,33.39456],[-4.68685,33.39489],[-4.68701,33.39528],[-4.68685,33.3955],[-4.68522,33.39579],[-4.68427,33.39613],[-4.68298,33.3967],[-4.68267,33.39712],[-4.68222,33.39727],[-4.68022,33.39694],[-4.67689,33.39734],[-4.67507,33.39696],[-4.67406,33.3971],[-4.67345,33.39692],[-4.67329,33.39713],[-4.67349,33.3975],[-4.67337,33.39792],[-4.67264,33.39813],[-4.67219,33.39846],[-4.67216,33.39864],[-4.67182,33.39869],[-4.67089,33.39925],[-4.67097,33.39962],[-4.67142,33.40017],[-4.67134,33.40072],[-4.67101,33.40134],[-4.66944,33.40285],[-4.6688,33.40307],[-4.66928,33.40541],[-4.66745,33.40712],[-4.66635,33.40706],[-4.66608,33.40723],[-4.66589,33.40783],[-4.66496,33.409],[-4.66481,33.40948],[-4.66439,33.40982],[-4.66407,33.40975],[-4.66351,33.40993],[-4.66244,33.41062],[-4.6622,33.41204],[-4.66144,33.41238],[-4.66139,33.4129],[-4.66198,33.41374],[-4.66281,33.41441],[-4.6636,33.4143],[-4.66381,33.41443],[-4.66378,33.41475],[-4.66344,33.41498],[-4.66304,33.41515],[-4.66154,33.4147],[-4.65933,33.41475],[-4.65907,33.41464],[-4.65745,33.4131],[-4.6574,33.4122],[-4.65694,33.41099],[-4.65673,33.40946],[-4.65651,33.40918],[-4.65609,33.40926],[-4.65544,33.4103],[-4.65447,33.41134],[-4.65298,33.41244],[-4.65189,33.41279]]}},{"type":"Feature","properties":{},"geometry":{"type":"LineString","coordinates":[[-4.86925,33.64732],[-4.86902,33.64722],[-4.86859,33.64762],[-4.86637,33.64653]]}},{"type":"Feature","properties":{},"geometry":{"type":"LineString","coordinates":[[-4.87235,33.64373],[-4.87003,33.64657],[-4.8678,33.65316],[-4.86682,33.65803],[-4.86689,33.65878]]}},{"type":"Feature","properties":{},"geometry":{"type":"LineString","coordinates":[[-5.003,33.64285],[-5.00278,33.64231],[-5.00251,33.64215],[-5.00147,33.64237]]}},{"type":"Feature","properties":{},"geometry":{"type":"LineString","coordinates":[[-4.8668,33.619],[-4.86289,33.61803],[-4.86011,33.61694],[-4.858,33.61603],[-4.85509,33.61431],[-4.85413,33.61393],[-4.85272,33.6139],[-4.85067,33.61419],[-4.84913,33.61485],[-4.84769,33.61438],[-4.84667,33.61291],[-4.84401,33.61066],[-4.84206,33.60945],[-4.84012,33.6088],[-4.83976,33.60836],[-4.83968,33.60789],[-4.83706,33.60611],[-4.83313,33.60173],[-4.83193,33.60029],[-4.83175,33.59979],[-4.82993,33.59862],[-4.82906,33.59736],[-4.82831,33.59683],[-4.8272,33.59508],[-4.82589,33.59366],[-4.82555,33.59297],[-4.82553,33.59258]]}},{"type":"Feature","properties":{},"geometry":{"type":"LineString","coordinates":[[-5.0743,33.63431],[-5.07245,33.63444],[-5.07137,33.63495],[-5.07021,33.63581],[-5.06859,33.63623],[-5.06707,33.63579],[-5.06508,33.6358],[-5.06473,33.6356],[-5.06349,33.63586],[-5.06246,33.63587],[-5.06103,33.63546],[-5.05924,33.63521],[-5.05756,33.63544],[-5.05451,33.63464],[-5.05378,33.6341],[-5.05293,33.63386],[-5.05065,33.63403],[-5.05042,33.63377],[-5.0503,33.63234],[-5.0494,33.63157],[-5.04922,33.63119]]}},{"type":"Feature","properties":{},"geometry":{"type":"LineString","coordinates":[[-4.90921,33.60621],[-4.90838,33.60568],[-4.90696,33.60511],[-4.90676,33.60417],[-4.90633,33.60319]]}},{"type":"Feature","properties":{},"geometry":{"type":"LineString","coordinates":[[-4.86685,33.60411],[-4.86614,33.6043],[-4.86444,33.6057],[-4.86361,33.60604],[-4.86389,33.60658],[-4.86489,33.60733],[-4.86663,33.608]]}},{"type":"Feature","properties":{},"geometry":{"type":"LineString","coordinates":[[-5.08162,33.61664],[-5.08121,33.61675],[-5.08075,33.61735],[-5.07882,33.61748],[-5.07689,33.61797],[-5.07555,33.61785],[-5.07381,33.61724],[-5.07143,33.61807],[-5.06952,33.61901],[-5.06582,33.61952],[-5.06436,33.6199],[-5.0637,33.62037],[-5.06242,33.62172],[-5.06165,33.62294],[-5.0614,33.6239],[-5.0578,33.62696],[-5.05638,33.62957],[-5.05439,33.63146],[-5.05194,33.63203],[-5.05041,33.63183],[-5.04985,33.63167],[-5.04922,33.63119],[-5.04838,33.63049],[-5.04772,33.62953],[-5.04648,33.62881],[-5.04557,33.62862],[-5.044,33.62882],[-5.04285,33.62972],[-5.0418,33.63189],[-5.04212,33.63608],[-5.04177,33.63695],[-5.04118,33.63727],[-5.03863,33.63791],[-5.03849,33.63775],[-5.03796,33.63796],[-5.03775,33.63776],[-5.03706,33.63793],[-5.03618,33.63791],[-5.03491,33.63755],[-5.03357,33.63797],[-5.03289,33.63802],[-5.03131,33.63764],[-5.03001,33.63759],[-5.02774,33.63719],[-5.0256,33.63647]]}},{"type":"Feature","properties":{},"geometry":{"type":"LineString","coordinates":[[-4.86816,33.62651],[-4.87747,33.626]]}},{"type":"Feature","properties":{},"geometry":{"type":"LineString","coordinates":[[-4.89302,33.62853],[-4.89331,33.62778],[-4.89309,33.6265],[-4.88922,33.62511],[-4.88696,33.62284],[-4.88536,33.62185],[-4.88428,33.62083],[-4.88352,33.6205],[-4.88344,33.6203]]}},{"type":"Feature","properties":{},"geometry":{"type":"LineString","coordinates":[[-4.86726,33.61874],[-4.86645,33.61914],[-4.86446,33.6193],[-4.86374,33.61975],[-4.86164,33.62053],[-4.86156,33.62111],[-4.85878,33.62397],[-4.85873,33.62582],[-4.85789,33.62715],[-4.85841,33.628],[-4.86271,33.62842],[-4.86289,33.62822],[-4.86512,33.62837],[-4.86566,33.62647],[-4.86822,33.62633]]}},{"type":"Feature","properties":{},"geometry":{"type":"LineString","coordinates":[[-4.97799,33.61152],[-4.97836,33.61244],[-4.97813,33.61349],[-4.97834,33.61419],[-4.97817,33.6155],[-4.97779,33.61612],[-4.97759,33.61709],[-4.97778,33.61759],[-4.97789,33.61924],[-4.97777,33.61952],[-4.97806,33.62047],[-4.97773,33.62135],[-4.97768,33.62205],[-4.97789,33.623],[-4.9785,33.62423],[-4.97951,33.62528],[-4.97962,33.6257],[-4.978,33.62581],[-4.97748,33.62627],[-4.97717,33.62621]]}},{"type":"Feature","properties":{},"geometry":{"type":"LineString","coordinates":[[-4.76809,33.66995],[-4.76746,33.66927],[-4.76584,33.66818],[-4.76542,33.66772],[-4.76465,33.66789],[-4.76359,33.66786]]}},{"type":"Feature","properties":{},"geometry":{"type":"LineString","coordinates":[[-4.72638,33.7262],[-4.72249,33.72541],[-4.72145,33.72471],[-4.71967,33.72464],[-4.71902,33.72433]]}},{"type":"Feature","properties":{},"geometry":{"type":"LineString","coordinates":[[-4.78633,33.70802],[-4.78558,33.7068],[-4.7852,33.70563],[-4.78446,33.70413],[-4.78445,33.70348],[-4.78343,33.70224],[-4.78263,33.70025],[-4.78111,33.69832],[-4.77959,33.69707],[-4.77864,33.69593],[-4.77846,33.69517],[-4.77862,33.69428],[-4.7785,33.69351],[-4.77757,33.69175],[-4.77718,33.68932],[-4.77664,33.68816],[-4.77629,33.68595],[-4.77584,33.68478],[-4.77518,33.68423],[-4.77471,33.68323],[-4.77436,33.68057],[-4.77456,33.67764],[-4.77397,33.67752],[-4.77391,33.67617],[-4.7737,33.67573],[-4.77264,33.67446],[-4.77182,33.67401],[-4.77062,33.67375],[-4.76902,33.67204],[-4.76571,33.67013]]}},{"type":"Feature","properties":{},"geometry":{"type":"LineString","coordinates":[[-4.80326,33.74642],[-4.80352,33.74716],[-4.8042,33.74805],[-4.8043,33.74905],[-4.80481,33.75033],[-4.80439,33.75142],[-4.80499,33.75321],[-4.80493,33.75442],[-4.80677,33.75617],[-4.80647,33.75645],[-4.8057,33.75648],[-4.80557,33.75704],[-4.80567,33.75724],[-4.80693,33.75792],[-4.80681,33.75999],[-4.80722,33.76067],[-4.80725,33.76118],[-4.807,33.76131],[-4.80623,33.76122],[-4.80574,33.76147],[-4.80462,33.76254],[-4.80272,33.76317],[-4.80269,33.76335],[-4.80466,33.76329],[-4.80603,33.76238],[-4.80698,33.76274],[-4.8076,33.76278],[-4.81066,33.76245],[-4.81102,33.7622],[-4.8114,33.76151],[-4.81157,33.76168],[-4.81171,33.76245],[-4.81149,33.76474],[-4.81263,33.76564]]}},{"type":"Feature","properties":{},"geometry":{"type":"LineString","coordinates":[[-4.87169,33.68543],[-4.87192,33.68571],[-4.87194,33.68645],[-4.8722,33.68702],[-4.87295,33.68796],[-4.87327,33.68962],[-4.87373,33.69022],[-4.87457,33.69078],[-4.87544,33.69192],[-4.87568,33.69337],[-4.87543,33.69602],[-4.87558,33.69703],[-4.87585,33.69729]]}},{"type":"Feature","properties":{},"geometry":{"type":"LineString","coordinates":[[-4.7921,33.73977],[-4.79204,33.7387]]}},{"type":"Feature","properties":{},"geometry":{"type":"LineString","coordinates":[[-4.82834,33.70903],[-4.82905,33.71004],[-4.82897,33.71109],[-4.82861,33.71192],[-4.82851,33.71261],[-4.8287,33.71375],[-4.82806,33.7148]]}},{"type":"Feature","properties":{"grade":"grade2"},"geometry":{"type":"LineString","coordinates":[[-5.05925,33.23049],[-5.05203,33.22812],[-5.05025,33.23063],[-5.0497,33.23071],[-5.04885,33.23167],[-5.04718,33.23096],[-5.04408,33.23005],[-5.04318,33.22954]]}},{"type":"Feature","properties":{},"geometry":{"type":"LineString","coordinates":[[-5.04735,33.23109],[-5.04708,33.23155],[-5.04699,33.23239],[-5.04592,33.23372],[-5.04528,33.23508],[-5.04462,33.23581],[-5.04335,33.23613],[-5.04219,33.23723],[-5.0414,33.23766],[-5.03991,33.23911],[-5.03977,33.23955],[-5.04027,33.24029]]}},{"type":"Feature","properties":{},"geometry":{"type":"LineString","coordinates":[[-5.0598,33.23487],[-5.05952,33.23588]]}},{"type":"Feature","properties":{},"geometry":{"type":"LineString","coordinates":[[-5.20845,33.448],[-5.20972,33.44782],[-5.2101,33.44763]]}},{"type":"Feature","properties":{},"geometry":{"type":"LineString","coordinates":[[-5.24513,33.49744],[-5.24285,33.49969],[-5.24294,33.50006],[-5.2427,33.50067],[-5.24274,33.50233],[-5.24255,33.50296],[-5.24294,33.50475],[-5.243,33.50596],[-5.24351,33.50634],[-5.24355,33.50681],[-5.24418,33.50744],[-5.24428,33.50779],[-5.24406,33.50876],[-5.24498,33.5089],[-5.24551,33.51167],[-5.24631,33.51229],[-5.24719,33.51334],[-5.24773,33.5142],[-5.24868,33.51646],[-5.25017,33.51859],[-5.25021,33.51938],[-5.24985,33.51999],[-5.24941,33.52196]]}},{"type":"Feature","properties":{},"geometry":{"type":"LineString","coordinates":[[-5.24429,33.49833],[-5.24329,33.49791]]}},{"type":"Feature","properties":{},"geometry":{"type":"LineString","coordinates":[[-5.67259,33.45764],[-5.67436,33.45724],[-5.67423,33.45776],[-5.67443,33.45805],[-5.67594,33.45873],[-5.67695,33.45944],[-5.67783,33.45977],[-5.6791,33.45947],[-5.68099,33.45936],[-5.6816,33.45914],[-5.68325,33.45931],[-5.68368,33.46038],[-5.68514,33.46146],[-5.68538,33.46239],[-5.68746,33.46275],[-5.68861,33.46275],[-5.68944,33.46209],[-5.69037,33.46192],[-5.6909,33.46253],[-5.69066,33.46321],[-5.69084,33.46345],[-5.6914,33.46322],[-5.69281,33.46189],[-5.69326,33.46185],[-5.69395,33.46213],[-5.69462,33.46209],[-5.69479,33.46098],[-5.69491,33.46082],[-5.69517,33.46082],[-5.69553,33.46112],[-5.69622,33.46218],[-5.69696,33.46464],[-5.69738,33.46548],[-5.69748,33.46624],[-5.69796,33.46623],[-5.69891,33.46556],[-5.70045,33.46687],[-5.70229,33.46766],[-5.70326,33.46849],[-5.70352,33.46898],[-5.70378,33.47019],[-5.70426,33.47099],[-5.70452,33.47369],[-5.70484,33.47472],[-5.70554,33.47609],[-5.70689,33.47749],[-5.70729,33.47837],[-5.70798,33.47924],[-5.70889,33.48158],[-5.70883,33.4834],[-5.70853,33.48479],[-5.7078,33.48681],[-5.70711,33.48821],[-5.70703,33.49005],[-5.70722,33.49068],[-5.70693,33.4921],[-5.70692,33.49301],[-5.70426,33.49679],[-5.7004,33.49974],[-5.69791,33.50205],[-5.69336,33.5026],[-5.69011,33.50319],[-5.68827,33.50455],[-5.68663,33.50546],[-5.685,33.50727],[-5.68241,33.50926],[-5.68,33.5126],[-5.6766,33.51563],[-5.67361,33.51898],[-5.67402,33.51947],[-5.67416,33.52108],[-5.67516,33.52148],[-5.67578,33.52143],[-5.67686,33.52216],[-5.67981,33.52306],[-5.68055,33.52388],[-5.6819,33.52477],[-5.68454,33.52604],[-5.68577,33.52642],[-5.68587,33.52735]]}},{"type":"Feature","properties":{},"geometry":{"type":"LineString","coordinates":[[-4.67527,33.08383],[-4.67062,33.08671],[-4.6601,33.0928],[-4.65693,33.09492],[-4.65544,33.0945]]}},{"type":"Feature","properties":{},"geometry":{"type":"LineString","coordinates":[[-4.68144,33.08919],[-4.67984,33.08788],[-4.67934,33.08764]]}},{"type":"Feature","properties":{},"geometry":{"type":"LineString","coordinates":[[-4.65544,33.0945],[-4.65451,33.09317],[-4.65522,33.09304],[-4.65573,33.09213],[-4.65562,33.09158],[-4.65505,33.09065],[-4.65511,33.0888],[-4.65548,33.08768],[-4.65499,33.0852],[-4.65531,33.08371],[-4.65592,33.08297],[-4.65598,33.08269],[-4.65549,33.08202],[-4.65438,33.08144],[-4.65414,33.08057],[-4.65835,33.06814],[-4.65787,33.06697],[-4.65602,33.06424],[-4.65493,33.06201],[-4.65244,33.05815],[-4.64868,33.05323],[-4.64766,33.05161],[-4.64726,33.05044],[-4.64667,33.0494],[-4.64575,33.04822],[-4.64463,33.04737],[-4.64319,33.04592],[-4.64234,33.0443],[-4.64203,33.04296],[-4.64128,33.0423],[-4.64133,33.04066],[-4.63957,33.04005]]}},{"type":"Feature","properties":{},"geometry":{"type":"LineString","coordinates":[[-4.67903,33.08902],[-4.67875,33.08879],[-4.67869,33.0882],[-4.67886,33.08786],[-4.67934,33.08764],[-4.6787,33.08733],[-4.67816,33.0867],[-4.67698,33.08484],[-4.67527,33.08383]]}},{"type":"Feature","properties":{"grade":"grade3"},"geometry":{"type":"LineString","coordinates":[[-4.62685,33.08851],[-4.63431,33.09096],[-4.63699,33.09118],[-4.64016,33.09177],[-4.64089,33.0925],[-4.64214,33.09545],[-4.6422,33.09598],[-4.64242,33.09625],[-4.64353,33.09649],[-4.64385,33.09686],[-4.64569,33.09682],[-4.64674,33.09701],[-4.64857,33.09807],[-4.6503,33.09862],[-4.65266,33.09779],[-4.65401,33.09658],[-4.65473,33.0962],[-4.65539,33.09523],[-4.65544,33.0945]]}},{"type":"Feature","properties":{},"geometry":{"type":"LineString","coordinates":[[-5.66755,33.71069],[-5.6672,33.71161],[-5.66562,33.71341],[-5.66555,33.71446]]}},{"type":"Feature","properties":{},"geometry":{"type":"LineString","coordinates":[[-5.32385,32.98416],[-5.32294,32.98413],[-5.31828,32.983],[-5.31704,32.98236],[-5.31651,32.9823],[-5.31497,32.98169],[-5.31269,32.98197],[-5.309,32.98421],[-5.30673,32.98433],[-5.30507,32.98381],[-5.30465,32.98336],[-5.30329,32.98283],[-5.30032,32.98273],[-5.29916,32.98288],[-5.29791,32.98252],[-5.29613,32.98252],[-5.29599,32.98189],[-5.29557,32.98155],[-5.29484,32.9813],[-5.29422,32.98128],[-5.29383,32.981],[-5.29288,32.9813],[-5.29205,32.98133],[-5.29171,32.9812],[-5.29113,32.98027],[-5.28791,32.97774],[-5.28724,32.97704],[-5.28624,32.97671],[-5.28254,32.97171],[-5.28177,32.97038],[-5.28143,32.96935],[-5.28044,32.96862],[-5.27913,32.96723],[-5.27758,32.96666],[-5.27633,32.96674],[-5.27591,32.96622],[-5.27552,32.96619],[-5.27528,32.96636],[-5.27516,32.96678],[-5.27431,32.96708],[-5.27218,32.96725],[-5.27174,32.96704],[-5.27103,32.96607],[-5.26805,32.96603],[-5.26742,32.96535],[-5.26678,32.96508],[-5.26611,32.96524],[-5.2658,32.96584],[-5.26431,32.96658]]}},{"type":"Feature","properties":{},"geometry":{"type":"LineString","coordinates":[[-4.88391,33.43588],[-4.88377,33.43567],[-4.88387,33.43499],[-4.88351,33.43333],[-4.8837,33.43254],[-4.88368,33.43111],[-4.88281,33.43029],[-4.8815,33.42942],[-4.87914,33.42854],[-4.878,33.42784],[-4.87612,33.42801],[-4.87253,33.42773],[-4.87199,33.42752],[-4.87041,33.4276],[-4.86967,33.42741],[-4.86776,33.42607],[-4.86647,33.42573],[-4.86595,33.42523],[-4.86577,33.42461],[-4.86606,33.42347],[-4.86656,33.42263],[-4.86666,33.42112],[-4.86616,33.42062],[-4.86523,33.4191],[-4.8631,33.41684],[-4.86128,33.41604],[-4.86048,33.41532],[-4.85647,33.41287],[-4.85006,33.40969],[-4.8465,33.40869],[-4.84348,33.40736],[-4.84252,33.40722],[-4.84072,33.40734],[-4.83962,33.40725],[-4.83656,33.40673],[-4.83573,33.4069],[-4.83445,33.40669],[-4.83306,33.40684]]}},{"type":"Feature","properties":{},"geometry":{"type":"LineString","coordinates":[[-4.8708,33.41213],[-4.87007,33.41283],[-4.86898,33.41345],[-4.8683,33.41339],[-4.86831,33.41363],[-4.86656,33.41414],[-4.86474,33.41427],[-4.86326,33.41535],[-4.86191,33.41582],[-4.86209,33.41616],[-4.86298,33.41649],[-4.86278,33.41665]]}},{"type":"Feature","properties":{},"geometry":{"type":"LineString","coordinates":[[-5.58296,32.99715],[-5.58248,32.99731],[-5.57942,32.99578],[-5.57886,32.99581],[-5.5768,32.99514],[-5.57612,32.99515],[-5.57558,32.99592],[-5.57561,32.99475],[-5.57536,32.99392],[-5.57421,32.99331],[-5.5732,32.99233],[-5.57169,32.99184],[-5.57173,32.99167],[-5.57145,32.99136],[-5.57139,32.99068],[-5.57093,32.99028],[-5.57042,32.99011]]}},{"type":"Feature","properties":{},"geometry":{"type":"LineString","coordinates":[[-4.73005,33.36119],[-4.73031,33.36124]]}},{"type":"Feature","properties":{},"geometry":{"type":"LineString","coordinates":[[-4.7291,33.36369],[-4.7291,33.36396]]}},{"type":"Feature","properties":{"grade":"grade3"},"geometry":{"type":"LineString","coordinates":[[-4.67881,33.5142],[-4.67769,33.51267],[-4.67774,33.51235],[-4.67642,33.51187],[-4.67475,33.5105],[-4.67347,33.51006],[-4.67366,33.50912],[-4.67433,33.50855],[-4.67296,33.50801],[-4.67217,33.50787],[-4.67224,33.50704],[-4.67169,33.50502],[-4.67154,33.50294],[-4.67057,33.50185],[-4.67006,33.50081],[-4.67004,33.50003],[-4.66963,33.49912],[-4.66892,33.49816],[-4.668,33.49727],[-4.66772,33.49621],[-4.66708,33.49557],[-4.66685,33.49497],[-4.66592,33.4946],[-4.66541,33.49349],[-4.66413,33.49375],[-4.66311,33.4929],[-4.66244,33.49204],[-4.66246,33.49174],[-4.66291,33.49124],[-4.66237,33.49064],[-4.6622,33.49004],[-4.66185,33.49036],[-4.66161,33.4895],[-4.6595,33.48822],[-4.65671,33.48747],[-4.65547,33.48677],[-4.6545,33.48519],[-4.65096,33.48246],[-4.64966,33.48207],[-4.64806,33.48118],[-4.6474,33.48021],[-4.64634,33.47973],[-4.64553,33.4781],[-4.64477,33.47771]]}},{"type":"Feature","properties":{"grade":"grade5"},"geometry":{"type":"LineString","coordinates":[[-4.65024,33.47449],[-4.64953,33.47539],[-4.64869,33.47571]]}},{"type":"Feature","properties":{"grade":"grade5"},"geometry":{"type":"LineString","coordinates":[[-4.65289,33.474],[-4.65147,33.47358],[-4.65134,33.47369],[-4.65185,33.47388],[-4.65174,33.47399],[-4.65052,33.47376],[-4.65021,33.47385],[-4.65011,33.47419]]}},{"type":"Feature","properties":{"grade":"grade5"},"geometry":{"type":"LineString","coordinates":[[-4.65011,33.47419],[-4.65024,33.47449]]}},{"type":"Feature","properties":{},"geometry":{"type":"LineString","coordinates":[[-4.77854,33.43081],[-4.77868,33.43066],[-4.77896,33.43073]]}},{"type":"Feature","properties":{},"geometry":{"type":"LineString","coordinates":[[-4.77896,33.43073],[-4.77996,33.43096],[-4.78058,33.4308],[-4.78053,33.43151],[-4.78083,33.43161]]}},{"type":"Feature","properties":{"grade":"grade3"},"geometry":{"type":"LineString","coordinates":[[-4.79119,33.38359],[-4.79129,33.38377],[-4.79099,33.38366],[-4.79039,33.38283],[-4.7913,33.38274],[-4.79137,33.38255],[-4.79048,33.38196],[-4.79051,33.38144],[-4.78971,33.38157],[-4.7896,33.38129],[-4.78898,33.38161],[-4.7883,33.38234],[-4.78777,33.38254],[-4.78794,33.38175],[-4.78694,33.38184],[-4.78658,33.38218],[-4.78596,33.38173],[-4.78488,33.38184],[-4.78454,33.38206],[-4.7842,33.38191],[-4.78276,33.38216],[-4.78235,33.382],[-4.78109,33.38242]]}},{"type":"Feature","properties":{},"geometry":{"type":"LineString","coordinates":[[-4.8303,33.38724],[-4.83093,33.38697]]}},{"type":"Feature","properties":{},"geometry":{"type":"LineString","coordinates":[[-4.83284,33.39027],[-4.83251,33.38988]]}},{"type":"Feature","properties":{},"geometry":{"type":"LineString","coordinates":[[-4.83382,33.39086],[-4.83349,33.3906]]}},{"type":"Feature","properties":{},"geometry":{"type":"LineString","coordinates":[[-4.83317,33.38936],[-4.83215,33.39008]]}},{"type":"Feature","properties":{},"geometry":{"type":"LineString","coordinates":[[-4.8256,33.40238],[-4.82447,33.40173],[-4.82421,33.40057],[-4.82495,33.39728],[-4.82632,33.39294],[-4.82672,33.39092],[-4.82664,33.39033],[-4.8268,33.38967],[-4.82706,33.38903],[-4.82771,33.38839],[-4.82798,33.38754]]}},{"type":"Feature","properties":{"grade":"grade3"},"geometry":{"type":"LineString","coordinates":[[-4.84772,33.37197],[-4.84902,33.37028]]}},{"type":"Feature","properties":{"grade":"grade3"},"geometry":{"type":"LineString","coordinates":[[-4.84356,33.35594],[-4.84361,33.35604]]}},{"type":"Feature","properties":{"grade":"grade3"},"geometry":{"type":"LineString","coordinates":[[-4.84361,33.35604],[-4.84374,33.35632],[-4.84368,33.3573],[-4.84398,33.35876],[-4.84377,33.35922],[-4.84393,33.36022],[-4.84501,33.36207],[-4.84502,33.3629],[-4.84598,33.3638],[-4.84689,33.36562]]}},{"type":"Feature","properties":{"grade":"grade3"},"geometry":{"type":"LineString","coordinates":[[-4.84094,33.35447],[-4.84139,33.35421],[-4.84167,33.35428],[-4.84284,33.35509],[-4.84356,33.35594]]}},{"type":"Feature","properties":{"grade":"grade2"},"geometry":{"type":"LineString","coordinates":[[-4.87191,33.38517],[-4.8715,33.38225],[-4.87101,33.38119],[-4.87067,33.37686],[-4.87037,33.37592],[-4.86828,33.37233],[-4.86792,33.37107],[-4.86588,33.36899],[-4.86559,33.36829],[-4.86473,33.36729],[-4.8643,33.36544]]}},{"type":"Feature","properties":{"grade":"grade3"},"geometry":{"type":"LineString","coordinates":[[-4.88052,33.33701],[-4.879,33.338],[-4.87886,33.33941],[-4.87841,33.3395],[-4.878,33.34026],[-4.87806,33.34086],[-4.87784,33.34111],[-4.87896,33.34299],[-4.87932,33.34308],[-4.8803,33.34285],[-4.8807,33.34297],[-4.8815,33.34288],[-4.88321,33.34392],[-4.88531,33.34419],[-4.88647,33.34405],[-4.88895,33.34443],[-4.89034,33.34414],[-4.89106,33.34306]]}},{"type":"Feature","properties":{"grade":"grade3"},"geometry":{"type":"LineString","coordinates":[[-4.88993,33.34641],[-4.88945,33.34471]]}},{"type":"Feature","properties":{"grade":"grade3"},"geometry":{"type":"LineString","coordinates":[[-4.88938,33.34443],[-4.88937,33.34439]]}},{"type":"Feature","properties":{"grade":"grade3"},"geometry":{"type":"LineString","coordinates":[[-4.88945,33.34471],[-4.88938,33.34443]]}},{"type":"Feature","properties":{"grade":"grade3"},"geometry":{"type":"LineString","coordinates":[[-5.04071,33.03132],[-5.04073,33.03105],[-5.04108,33.0312],[-5.04165,33.03225],[-5.04195,33.03221],[-5.04188,33.03087],[-5.04121,33.02947],[-5.04148,33.02925],[-5.04325,33.0305],[-5.04355,33.03088],[-5.04367,33.03214],[-5.04322,33.03365],[-5.04327,33.03441],[-5.04289,33.03579],[-5.04182,33.03719],[-5.04038,33.03822],[-5.03865,33.0388],[-5.03745,33.04089],[-5.03583,33.04215],[-5.03423,33.04394],[-5.03224,33.04529],[-5.03214,33.0457],[-5.0323,33.04824],[-5.03174,33.04962],[-5.03192,33.05073],[-5.03167,33.05108],[-5.03086,33.05146],[-5.03001,33.05294],[-5.03006,33.05349],[-5.03041,33.05394]]}},{"type":"Feature","properties":{"grade":"grade3"},"geometry":{"type":"LineString","coordinates":[[-5.01589,33.03611],[-5.01341,33.03773],[-5.01282,33.03844],[-5.01145,33.03817]]}},{"type":"Feature","properties":{"grade":"grade4"},"geometry":{"type":"LineString","coordinates":[[-5.00399,33.04207],[-5.00444,33.04241],[-5.00483,33.0431],[-5.00465,33.04442]]}},{"type":"Feature","properties":{"grade":"grade3"},"geometry":{"type":"LineString","coordinates":[[-5.00896,33.03526],[-5.00979,33.03611],[-5.01059,33.03736],[-5.01138,33.03777],[-5.01145,33.03817],[-5.01091,33.03956],[-5.01091,33.04124],[-5.00947,33.04258],[-5.00821,33.04286],[-5.0073,33.04259],[-5.00563,33.04272],[-5.00518,33.04262],[-5.00378,33.04191],[-5.00286,33.04062],[-5.00224,33.04027],[-4.99821,33.03961],[-4.99618,33.03968],[-4.99301,33.03906],[-4.99226,33.03877],[-4.99112,33.0382],[-4.98957,33.03625],[-4.98829,33.03507],[-4.98814,33.03474],[-4.98734,33.03437]]}},{"type":"Feature","properties":{"grade":"grade3"},"geometry":{"type":"LineString","coordinates":[[-5.03041,33.05394],[-5.02856,33.05432],[-5.02779,33.05393],[-5.02717,33.05382],[-5.02644,33.05413],[-5.0257,33.05505],[-5.02494,33.05526],[-5.02398,33.05587],[-5.02359,33.05591],[-5.02246,33.05522],[-5.02136,33.05378],[-5.02047,33.05405],[-5.01921,33.05319],[-5.01835,33.05295],[-5.01628,33.05335],[-5.01513,33.05321],[-5.01458,33.05289],[-5.01219,33.05253],[-5.01167,33.05184],[-5.00983,33.05183],[-5.00636,33.05053],[-5.00563,33.04999],[-5.00466,33.04874],[-5.0038,33.04797],[-5.00389,33.0456],[-5.00439,33.04466],[-5.00565,33.04366],[-5.0057,33.04314],[-5.00707,33.04284],[-5.00738,33.04264]]}},{"type":"Feature","properties":{"grade":"grade2"},"geometry":{"type":"LineString","coordinates":[[-5.03439,33.05646],[-5.03447,33.05651]]}},{"type":"Feature","properties":{"grade":"grade2"},"geometry":{"type":"LineString","coordinates":[[-5.03041,33.05394],[-5.03173,33.05531],[-5.03439,33.05646]]}},{"type":"Feature","properties":{"grade":"grade2"},"geometry":{"type":"LineString","coordinates":[[-5.03447,33.05651],[-5.03791,33.05826]]}},{"type":"Feature","properties":{"grade":"grade2"},"geometry":{"type":"LineString","coordinates":[[-5.03758,33.0588],[-5.03907,33.05753],[-5.03991,33.05651],[-5.04148,33.05605],[-5.04237,33.05548],[-5.04272,33.05396],[-5.04302,33.05339],[-5.04412,33.05256],[-5.04577,33.05175],[-5.04681,33.05023],[-5.04762,33.04943],[-5.04737,33.04798],[-5.048,33.04661]]}},{"type":"Feature","properties":{"grade":"grade2"},"geometry":{"type":"LineString","coordinates":[[-5.03791,33.05826],[-5.03812,33.05839]]}},{"type":"Feature","properties":{"grade":"grade3"},"geometry":{"type":"LineString","coordinates":[[-5.039,33.05682],[-5.03907,33.05753]]}},{"type":"Feature","properties":{"grade":"grade4"},"geometry":{"type":"LineString","coordinates":[[-4.93723,32.94726],[-4.94021,32.94947],[-4.94255,32.95082],[-4.94455,32.95121]]}},{"type":"Feature","properties":{},"geometry":{"type":"LineString","coordinates":[[-5.05051,33.69319],[-5.04982,33.6917],[-5.04721,33.69104],[-5.04659,33.69139],[-5.04551,33.69152],[-5.04411,33.69125],[-5.04233,33.69177],[-5.04149,33.69311],[-5.04087,33.69371],[-5.03941,33.69609],[-5.03853,33.697],[-5.03803,33.6983],[-5.03659,33.7006],[-5.03618,33.70179],[-5.03488,33.70433],[-5.0334,33.70627],[-5.03342,33.70679],[-5.03289,33.70747],[-5.03181,33.70835],[-5.03121,33.70933],[-5.02947,33.71005],[-5.02867,33.71008],[-5.02854,33.71106],[-5.02787,33.71184],[-5.02691,33.71234],[-5.02645,33.71322],[-5.02498,33.71399],[-5.02407,33.71483],[-5.02334,33.71527],[-5.02255,33.71634],[-5.02174,33.71699],[-5.0202,33.71748],[-5.01999,33.71721],[-5.01896,33.71716],[-5.0176,33.7164]]}},{"type":"Feature","properties":{},"geometry":{"type":"LineString","coordinates":[[-5.05051,33.69319],[-5.04917,33.69588],[-5.04909,33.69671],[-5.0485,33.69885],[-5.04868,33.7003],[-5.04846,33.70188],[-5.04865,33.70326],[-5.04843,33.70366],[-5.04861,33.70465],[-5.04872,33.70743],[-5.04847,33.70992],[-5.04866,33.71098]]}},{"type":"Feature","properties":{},"geometry":{"type":"LineString","coordinates":[[-5.04868,33.7003],[-5.04906,33.70192]]}},{"type":"Feature","properties":{},"geometry":{"type":"LineString","coordinates":[[-5.04193,33.71099],[-5.04096,33.71326],[-5.04035,33.71389],[-5.03918,33.71663],[-5.03915,33.71743],[-5.03862,33.71945],[-5.03862,33.72056]]}},{"type":"Feature","properties":{},"geometry":{"type":"LineString","coordinates":[[-5.05365,33.69119],[-5.0531,33.69122],[-5.05051,33.69319]]}},{"type":"Feature","properties":{},"geometry":{"type":"LineString","coordinates":[[-5.01207,33.72875],[-5.01384,33.72848],[-5.01518,33.72853]]}},{"type":"Feature","properties":{},"geometry":{"type":"LineString","coordinates":[[-5.01595,33.72863],[-5.01526,33.72836],[-5.01463,33.72781]]}},{"type":"Feature","properties":{},"geometry":{"type":"LineString","coordinates":[[-5.13876,33.36584],[-5.13453,33.36546],[-5.13149,33.36586],[-5.13035,33.36678],[-5.1281,33.36813],[-5.12661,33.36925],[-5.12397,33.37052],[-5.12084,33.37385],[-5.11965,33.37561],[-5.11918,33.3768],[-5.11908,33.37753],[-5.1181,33.37863],[-5.11608,33.37997],[-5.11511,33.38093],[-5.11366,33.38151],[-5.11098,33.38174],[-5.10977,33.38218],[-5.10864,33.38233],[-5.10707,33.38317],[-5.10485,33.38385],[-5.10302,33.38507],[-5.10273,33.38555],[-5.10263,33.38611],[-5.10141,33.38659],[-5.10086,33.38714],[-5.09727,33.38898],[-5.09581,33.38895],[-5.09517,33.38909],[-5.09435,33.38964],[-5.09387,33.39036],[-5.09306,33.39056],[-5.09255,33.39131],[-5.09218,33.39235],[-5.09142,33.39343],[-5.09222,33.39457],[-5.0931,33.39536],[-5.09437,33.39712],[-5.09451,33.39762],[-5.09422,33.39842],[-5.09371,33.39905],[-5.0924,33.40013],[-5.09113,33.40053],[-5.09055,33.40128],[-5.08934,33.40224],[-5.08663,33.40354],[-5.08464,33.40415],[-5.08178,33.40467],[-5.08077,33.40525],[-5.0797,33.40555],[-5.07804,33.40559],[-5.07759,33.40616],[-5.07671,33.40622],[-5.07485,33.40589],[-5.07321,33.40608],[-5.07184,33.40599],[-5.06923,33.40663],[-5.06648,33.40806],[-5.06563,33.40829],[-5.06419,33.4095],[-5.06404,33.40973],[-5.06428,33.41013],[-5.0643,33.41058],[-5.06394,33.4119],[-5.06338,33.41272],[-5.0632,33.41352],[-5.06225,33.41423]]}},{"type":"Feature","properties":{},"geometry":{"type":"LineString","coordinates":[[-5.07696,33.57984],[-5.07732,33.58084],[-5.07791,33.58096],[-5.07874,33.5817],[-5.0803,33.58203],[-5.08303,33.5822],[-5.08385,33.58275],[-5.08527,33.58208],[-5.08708,33.58222],[-5.08756,33.58183],[-5.08825,33.5823],[-5.0884,33.58275],[-5.08859,33.58286],[-5.08992,33.58297],[-5.08999,33.58364],[-5.09019,33.58377]]}},{"type":"Feature","properties":{},"geometry":{"type":"LineString","coordinates":[[-5.12113,33.51515],[-5.12168,33.51504]]}},{"type":"Feature","properties":{},"geometry":{"type":"LineString","coordinates":[[-4.79566,33.17571],[-4.79582,33.17484],[-4.79573,33.17359],[-4.79616,33.17187],[-4.7961,33.17115]]}},{"type":"Feature","properties":{},"geometry":{"type":"LineString","coordinates":[[-4.78927,33.20492],[-4.78811,33.20485]]}},{"type":"Feature","properties":{},"geometry":{"type":"LineString","coordinates":[[-4.79436,33.17471],[-4.7944,33.1742],[-4.79302,33.17326],[-4.79235,33.17253],[-4.79239,33.17182],[-4.79191,33.17132],[-4.79199,33.17082],[-4.79147,33.16963],[-4.7912,33.16774]]}},{"type":"Feature","properties":{},"geometry":{"type":"LineString","coordinates":[[-4.79705,33.17542],[-4.79708,33.17459],[-4.79763,33.1725],[-4.79756,33.17132],[-4.79851,33.1697],[-4.79848,33.16884],[-4.79777,33.16887],[-4.79761,33.16801]]}},{"type":"Feature","properties":{"grade":"grade3"},"geometry":{"type":"LineString","coordinates":[[-4.86203,33.20139],[-4.86173,33.19943],[-4.86172,33.19833],[-4.86263,33.19704],[-4.86293,33.19632],[-4.8629,33.19589],[-4.86257,33.19506],[-4.86216,33.19475],[-4.86082,33.19489],[-4.86054,33.19469],[-4.85992,33.1921],[-4.8594,33.19141],[-4.85908,33.19065],[-4.85898,33.18949],[-4.85948,33.18736],[-4.85976,33.18693],[-4.86008,33.18679],[-4.86101,33.18659],[-4.8618,33.18667],[-4.86342,33.18566],[-4.86429,33.18555],[-4.86496,33.18464],[-4.86489,33.18435],[-4.86535,33.18334],[-4.86544,33.18193],[-4.86615,33.18022],[-4.86737,33.17882],[-4.86743,33.17712],[-4.86818,33.17636],[-4.86821,33.17535],[-4.86889,33.17463],[-4.86924,33.17353],[-4.86955,33.17333],[-4.8703,33.17202],[-4.87137,33.17088],[-4.87273,33.16991],[-4.87485,33.1675],[-4.8749,33.16709],[-4.87572,33.16672],[-4.8765,33.16577],[-4.87808,33.16473],[-4.87845,33.16408],[-4.88004,33.16237],[-4.88204,33.16078],[-4.88278,33.15898],[-4.88344,33.15624],[-4.88358,33.15281],[-4.88343,33.15154],[-4.88307,33.15094],[-4.88301,33.15027],[-4.88242,33.15059],[-4.88223,33.15055],[-4.88185,33.1492],[-4.88158,33.14728],[-4.88106,33.1463],[-4.87993,33.14544],[-4.87744,33.14442],[-4.87603,33.14314],[-4.87555,33.14337],[-4.87335,33.14313],[-4.87255,33.14321],[-4.87071,33.14398],[-4.86981,33.14393],[-4.86911,33.1441],[-4.86876,33.14404],[-4.86826,33.1435],[-4.86639,33.14343],[-4.86484,33.14359],[-4.86382,33.14409],[-4.86268,33.14424],[-4.86212,33.14357],[-4.86186,33.1435],[-4.86007,33.14381],[-4.85737,33.14402],[-4.85174,33.1449],[-4.8505,33.14527]]}},{"type":"Feature","properties":{},"geometry":{"type":"LineString","coordinates":[[-4.79099,33.19309],[-4.79143,33.19289],[-4.79204,33.19207]]}},{"type":"Feature","properties":{},"geometry":{"type":"LineString","coordinates":[[-4.80227,33.17207],[-4.8028,33.17231],[-4.8039,33.17226]]}},{"type":"Feature","properties":{},"geometry":{"type":"LineString","coordinates":[[-4.80339,33.17443],[-4.8022,33.17301],[-4.8017,33.17217]]}},{"type":"Feature","properties":{},"geometry":{"type":"LineString","coordinates":[[-4.78981,33.20671],[-4.79005,33.20654],[-4.78933,33.20531],[-4.78933,33.20382],[-4.79034,33.20189],[-4.79005,33.20103],[-4.79015,33.20024],[-4.79121,33.1991],[-4.7913,33.19833],[-4.79195,33.19699],[-4.7922,33.1961],[-4.79188,33.19516],[-4.79061,33.19458],[-4.79034,33.19397],[-4.79172,33.19418],[-4.79192,33.19347],[-4.79238,33.19281],[-4.79204,33.19207]]}},{"type":"Feature","properties":{},"geometry":{"type":"LineString","coordinates":[[-4.79374,33.18352],[-4.79398,33.18447],[-4.79425,33.18463]]}},{"type":"Feature","properties":{},"geometry":{"type":"LineString","coordinates":[[-4.79204,33.19207],[-4.79235,33.19166],[-4.79233,33.19084],[-4.7926,33.19057],[-4.7924,33.18913],[-4.79284,33.18664],[-4.79276,33.18588],[-4.79305,33.18542],[-4.7933,33.1845],[-4.79299,33.18378],[-4.79244,33.18306]]}},{"type":"Feature","properties":{"grade":"grade2"},"geometry":{"type":"LineString","coordinates":[[-5.11443,33.25729],[-5.11465,33.25526]]}},{"type":"Feature","properties":{"grade":"grade2"},"geometry":{"type":"LineString","coordinates":[[-5.02452,33.34053],[-5.02653,33.34114],[-5.02781,33.33995],[-5.02776,33.33976],[-5.02661,33.33914],[-5.02654,33.33896],[-5.02764,33.33691],[-5.0289,33.33292],[-5.02997,33.33197],[-5.03421,33.33049],[-5.04796,33.33185],[-5.0482,33.33176],[-5.04896,33.33112],[-5.05061,33.32829],[-5.05338,33.32416],[-5.06067,33.31881],[-5.08469,33.29638],[-5.08617,33.29464]]}},{"type":"Feature","properties":{"grade":"grade2"},"geometry":{"type":"LineString","coordinates":[[-5.12334,33.23339],[-5.12298,33.23346],[-5.12149,33.23197],[-5.11969,33.23073],[-5.11915,33.23012],[-5.11851,33.229],[-5.11627,33.2301],[-5.11539,33.23078],[-5.11374,33.23151],[-5.10816,33.233],[-5.10568,33.23341],[-5.10318,33.23335],[-5.09857,33.23527]]}},{"type":"Feature","properties":{"grade":"grade2"},"geometry":{"type":"LineString","coordinates":[[-5.11636,33.25795],[-5.11605,33.25741],[-5.1159,33.25663],[-5.11414,33.25478],[-5.11324,33.25349],[-5.11288,33.25241],[-5.11166,33.25132],[-5.10974,33.24914],[-5.10876,33.24852],[-5.10476,33.24453],[-5.10268,33.24107],[-5.10177,33.24003],[-5.09864,33.23526],[-5.09566,33.2365],[-5.09494,33.23618],[-5.09168,33.23559],[-5.08125,33.23479],[-5.0808,33.23465],[-5.07975,33.23472],[-5.07396,33.2322]]}},{"type":"Feature","properties":{},"geometry":{"type":"LineString","coordinates":[[-5.25637,33.28191],[-5.25612,33.28206],[-5.25642,33.28272]]}},{"type":"Feature","properties":{},"geometry":{"type":"LineString","coordinates":[[-5.6537,33.33984],[-5.65277,33.33918],[-5.65222,33.33912],[-5.65079,33.33939]]}},{"type":"Feature","properties":{},"geometry":{"type":"LineString","coordinates":[[-5.73998,33.34207],[-5.74035,33.34263],[-5.74152,33.34357],[-5.74215,33.34464],[-5.74413,33.34537],[-5.74503,33.3455],[-5.74593,33.34597],[-5.74695,33.34607],[-5.7487,33.34563],[-5.75345,33.34711],[-5.75375,33.34735],[-5.75411,33.34839],[-5.75524,33.34873],[-5.75579,33.34946],[-5.75583,33.34973],[-5.75646,33.35007],[-5.75647,33.3507],[-5.75581,33.35161],[-5.75486,33.35244],[-5.75412,33.3538],[-5.75413,33.35532],[-5.75389,33.35681],[-5.75463,33.35777],[-5.75485,33.35866],[-5.7548,33.35966],[-5.75442,33.3604],[-5.75427,33.36119],[-5.75334,33.36155],[-5.75166,33.36274],[-5.75037,33.36407],[-5.74903,33.36579],[-5.74791,33.36609],[-5.74748,33.36753],[-5.74701,33.36843],[-5.74652,33.36891],[-5.74589,33.3691],[-5.74506,33.37005],[-5.74399,33.37077],[-5.74191,33.373],[-5.74042,33.37347],[-5.73953,33.37428],[-5.73829,33.37579],[-5.7379,33.37701],[-5.73668,33.37868],[-5.73632,33.38034],[-5.7358,33.38134],[-5.73515,33.38211],[-5.7345,33.38389],[-5.73291,33.38547],[-5.73254,33.38612],[-5.73175,33.3866],[-5.73099,33.38733],[-5.73059,33.38803],[-5.73015,33.38832],[-5.7298,33.38902],[-5.72921,33.38943],[-5.72877,33.39013],[-5.72794,33.39094],[-5.72752,33.39173],[-5.72737,33.39297],[-5.72695,33.39393],[-5.72675,33.39632],[-5.72606,33.3978],[-5.7253,33.3985],[-5.72469,33.39873],[-5.72363,33.3987],[-5.72202,33.39819],[-5.7214,33.39853],[-5.71999,33.39878],[-5.71828,33.4001],[-5.71749,33.40041],[-5.71723,33.4008],[-5.71608,33.40155],[-5.71566,33.40177],[-5.71484,33.40188],[-5.7143,33.40236]]}},{"type":"Feature","properties":{},"geometry":{"type":"LineString","coordinates":[[-5.23222,33.69777],[-5.23366,33.6959],[-5.23381,33.69465],[-5.23375,33.69335],[-5.23263,33.6914],[-5.23229,33.69022],[-5.23139,33.68901],[-5.23126,33.68826],[-5.23169,33.68367],[-5.23091,33.68363],[-5.23061,33.68258],[-5.22984,33.6811],[-5.2272,33.67779],[-5.22709,33.67688],[-5.22722,33.67622],[-5.22609,33.67503],[-5.22495,33.67295],[-5.2243,33.67228],[-5.22357,33.67037],[-5.2228,33.66738],[-5.2219,33.66562]]}},{"type":"Feature","properties":{},"geometry":{"type":"LineString","coordinates":[[-5.16284,33.44591],[-5.16157,33.44555],[-5.15767,33.44513],[-5.15644,33.44525],[-5.15577,33.44515],[-5.15484,33.44534]]}},{"type":"Feature","properties":{},"geometry":{"type":"LineString","coordinates":[[-5.16293,33.44588],[-5.16333,33.44498]]}},{"type":"Feature","properties":{},"geometry":{"type":"LineString","coordinates":[[-5.16927,33.44601],[-5.17103,33.44621],[-5.17125,33.44617],[-5.17161,33.44569],[-5.17193,33.4458]]}},{"type":"Feature","properties":{},"geometry":{"type":"LineString","coordinates":[[-5.17249,33.44232],[-5.17275,33.44069],[-5.17184,33.44054],[-5.17098,33.44072]]}},{"type":"Feature","properties":{},"geometry":{"type":"LineString","coordinates":[[-5.18754,33.45273],[-5.18841,33.45218],[-5.18966,33.45173],[-5.1903,33.45092],[-5.19126,33.45023],[-5.1918,33.44961],[-5.19368,33.44896],[-5.19451,33.44834],[-5.19505,33.44762],[-5.19552,33.44734],[-5.19938,33.4468],[-5.19944,33.44647],[-5.20253,33.44396],[-5.20367,33.44271]]}},{"type":"Feature","properties":{},"geometry":{"type":"LineString","coordinates":[[-5.19938,33.4468],[-5.19999,33.44678],[-5.20015,33.44695]]}},{"type":"Feature","properties":{},"geometry":{"type":"LineString","coordinates":[[-5.20462,33.44176],[-5.2049,33.44133]]}},{"type":"Feature","properties":{},"geometry":{"type":"LineString","coordinates":[[-5.20462,33.44176],[-5.20555,33.44281],[-5.20665,33.44309],[-5.20706,33.44293]]}},{"type":"Feature","properties":{},"geometry":{"type":"LineString","coordinates":[[-5.23632,33.43786],[-5.23649,33.43828],[-5.23732,33.43924],[-5.23851,33.44008],[-5.2406,33.44214],[-5.24131,33.44249]]}},{"type":"Feature","properties":{},"geometry":{"type":"LineString","coordinates":[[-5.24685,33.43548],[-5.24676,33.43595],[-5.24704,33.43654],[-5.24706,33.43722],[-5.24678,33.4378],[-5.24635,33.43789],[-5.24625,33.43861]]}},{"type":"Feature","properties":{},"geometry":{"type":"LineString","coordinates":[[-5.2469,33.43549],[-5.2483,33.43469],[-5.24947,33.43475],[-5.2514,33.43441],[-5.25194,33.43305],[-5.25165,33.43231],[-5.25249,33.43179],[-5.25216,33.4314],[-5.25203,33.4309],[-5.25068,33.43102]]}},{"type":"Feature","properties":{},"geometry":{"type":"LineString","coordinates":[[-5.26915,33.43775],[-5.27041,33.43671],[-5.27047,33.43639],[-5.27153,33.43576],[-5.27206,33.43629],[-5.27208,33.43702]]}},{"type":"Feature","properties":{},"geometry":{"type":"LineString","coordinates":[[-5.28155,33.43756],[-5.28214,33.43773],[-5.28495,33.43744],[-5.28653,33.43743],[-5.28693,33.43761],[-5.28813,33.43738],[-5.28844,33.4375],[-5.29515,33.43741],[-5.29587,33.43786],[-5.29632,33.4389],[-5.29782,33.44095],[-5.29816,33.44121],[-5.30001,33.4441],[-5.30037,33.4434],[-5.30207,33.44193],[-5.30321,33.44065],[-5.30562,33.43746],[-5.30667,33.43576],[-5.30798,33.43459],[-5.31193,33.42956],[-5.3131,33.42858],[-5.31625,33.42643],[-5.31816,33.4252],[-5.31868,33.42503]]}},{"type":"Feature","properties":{},"geometry":{"type":"LineString","coordinates":[[-5.28139,33.43745],[-5.28155,33.43756]]}},{"type":"Feature","properties":{},"geometry":{"type":"LineString","coordinates":[[-5.30001,33.4441],[-5.29905,33.44536]]}},{"type":"Feature","properties":{},"geometry":{"type":"LineString","coordinates":[[-5.29905,33.44536],[-5.29862,33.44586],[-5.29796,33.44713],[-5.29737,33.449],[-5.29664,33.45029],[-5.29297,33.45396],[-5.29103,33.45622]]}},{"type":"Feature","properties":{},"geometry":{"type":"LineString","coordinates":[[-5.49065,33.47499],[-5.49003,33.47378],[-5.48782,33.47227]]}},{"type":"Feature","properties":{},"geometry":{"type":"LineString","coordinates":[[-5.26682,33.42947],[-5.26682,33.42881],[-5.26742,33.42816],[-5.2673,33.42757],[-5.26678,33.42713],[-5.26651,33.42638],[-5.26601,33.42592]]}},{"type":"Feature","properties":{},"geometry":{"type":"LineString","coordinates":[[-5.26086,33.42136],[-5.26222,33.42075],[-5.26326,33.42106],[-5.26407,33.42086],[-5.26573,33.4208],[-5.26583,33.42121],[-5.26639,33.42199],[-5.26713,33.42271],[-5.26919,33.42358],[-5.26949,33.42424],[-5.26949,33.42482],[-5.26937,33.42515],[-5.2686,33.42553],[-5.26857,33.42573]]}},{"type":"Feature","properties":{},"geometry":{"type":"LineString","coordinates":[[-5.26437,33.40948],[-5.26404,33.40979],[-5.26362,33.40986],[-5.26214,33.41135],[-5.26108,33.41347],[-5.26088,33.41498]]}},{"type":"Feature","properties":{},"geometry":{"type":"LineString","coordinates":[[-5.26487,33.40949],[-5.26543,33.40956],[-5.26549,33.41004],[-5.26607,33.41032],[-5.26589,33.4106],[-5.26597,33.4107]]}},{"type":"Feature","properties":{},"geometry":{"type":"LineString","coordinates":[[-5.26662,33.4267],[-5.2664,33.42688]]}},{"type":"Feature","properties":{},"geometry":{"type":"LineString","coordinates":[[-5.26714,33.42846],[-5.26576,33.42789],[-5.2653,33.42833],[-5.26458,33.42859],[-5.26442,33.42896]]}},{"type":"Feature","properties":{},"geometry":{"type":"LineString","coordinates":[[-5.26496,33.41058],[-5.26612,33.41073],[-5.26656,33.41098],[-5.26703,33.41177],[-5.26634,33.41229],[-5.26502,33.41272],[-5.26365,33.41356],[-5.26241,33.41399],[-5.26088,33.41498],[-5.25931,33.41646],[-5.26018,33.41733]]}},{"type":"Feature","properties":{},"geometry":{"type":"LineString","coordinates":[[-5.26844,33.42184],[-5.26825,33.42204],[-5.26825,33.42316]]}},{"type":"Feature","properties":{},"geometry":{"type":"LineString","coordinates":[[-5.26742,33.42816],[-5.2681,33.42766],[-5.26878,33.42791]]}},{"type":"Feature","properties":{},"geometry":{"type":"LineString","coordinates":[[-5.26663,33.42141],[-5.26623,33.42169]]}},{"type":"Feature","properties":{},"geometry":{"type":"LineString","coordinates":[[-5.26086,33.42136],[-5.26054,33.42071],[-5.2588,33.41902]]}},{"type":"Feature","properties":{},"geometry":{"type":"LineString","coordinates":[[-5.25653,33.59388],[-5.25624,33.59411],[-5.25571,33.59414],[-5.25405,33.5934],[-5.2517,33.59326],[-5.25122,33.59352],[-5.24975,33.59371],[-5.24932,33.59392]]}},{"type":"Feature","properties":{},"geometry":{"type":"LineString","coordinates":[[-5.25415,33.59343],[-5.25384,33.59305],[-5.25321,33.59274]]}},{"type":"Feature","properties":{},"geometry":{"type":"LineString","coordinates":[[-5.25328,33.59333],[-5.25252,33.59237],[-5.25204,33.59226],[-5.25056,33.59286],[-5.25034,33.59317],[-5.25033,33.59364]]}},{"type":"Feature","properties":{},"geometry":{"type":"LineString","coordinates":[[-5.25046,33.59295],[-5.25002,33.5925],[-5.2487,33.5918],[-5.24707,33.59268],[-5.24527,33.5932],[-5.24057,33.59357],[-5.234,33.59374],[-5.23266,33.59473],[-5.23175,33.59569],[-5.23105,33.5969],[-5.22971,33.5977],[-5.22584,33.60179]]}},{"type":"Feature","properties":{},"geometry":{"type":"LineString","coordinates":[[-5.22584,33.60179],[-5.22422,33.60426],[-5.22183,33.60576],[-5.22073,33.60598],[-5.21979,33.60666],[-5.21962,33.60688],[-5.21962,33.60829]]}},{"type":"Feature","properties":{},"geometry":{"type":"LineString","coordinates":[[-5.07842,33.58143],[-5.07706,33.58136],[-5.07592,33.581],[-5.07529,33.58126],[-5.07518,33.58173],[-5.07484,33.582],[-5.07335,33.58241],[-5.07269,33.58277],[-5.07117,33.58288],[-5.06994,33.58257],[-5.06857,33.58097],[-5.06794,33.5805],[-5.06719,33.58063],[-5.06542,33.5804],[-5.06252,33.58079],[-5.06173,33.58139],[-5.06055,33.58196],[-5.05841,33.58204],[-5.05562,33.5825],[-5.05495,33.5835],[-5.05384,33.58391],[-5.05208,33.58348],[-5.05082,33.58279],[-5.05038,33.58231],[-5.04979,33.58096],[-5.05014,33.5797],[-5.05034,33.57803],[-5.05016,33.57623],[-5.04992,33.57584],[-5.04867,33.57511],[-5.04551,33.57417],[-5.04482,33.57343],[-5.04224,33.57167],[-5.03963,33.57077],[-5.03912,33.57035],[-5.03869,33.57036],[-5.03835,33.57016],[-5.03773,33.5705],[-5.03627,33.57087],[-5.03604,33.57012],[-5.03633,33.56953],[-5.0363,33.56916],[-5.03552,33.56771],[-5.03526,33.56735],[-5.03408,33.56693],[-5.03368,33.5666],[-5.03351,33.56615],[-5.03377,33.56576],[-5.03316,33.56509],[-5.0327,33.56407],[-5.03173,33.5632],[-5.03059,33.56281],[-5.0303,33.56182],[-5.02946,33.5612],[-5.03008,33.55938],[-5.03092,33.55838],[-5.03124,33.55681],[-5.03166,33.55635],[-5.03245,33.556],[-5.03428,33.55586],[-5.03549,33.55548],[-5.03613,33.55516],[-5.03692,33.55431],[-5.03772,33.55376],[-5.03917,33.55295],[-5.0399,33.5529]]}},{"type":"Feature","properties":{},"geometry":{"type":"LineString","coordinates":[[-4.93663,33.55546],[-4.93713,33.55343],[-4.9377,33.55251],[-4.93865,33.55153],[-4.94045,33.55067],[-4.94306,33.54772],[-4.94569,33.54652],[-4.94821,33.54574],[-4.95134,33.54555],[-4.95392,33.54559],[-4.95657,33.54635],[-4.95706,33.54688],[-4.95822,33.54763],[-4.95856,33.54881],[-4.95851,33.54967],[-4.9593,33.55159],[-4.95941,33.55282],[-4.96018,33.55437],[-4.9604,33.55603],[-4.96129,33.55802]]}},{"type":"Feature","properties":{"grade":"grade2"},"geometry":{"type":"LineString","coordinates":[[-5.07654,33.16522],[-5.07631,33.16448],[-5.07628,33.16341],[-5.07604,33.16273],[-5.07641,33.16204],[-5.07718,33.15925],[-5.07851,33.15666],[-5.08157,33.15305],[-5.08176,33.15262],[-5.08178,33.15151],[-5.08191,33.15128],[-5.08573,33.14942]]}},{"type":"Feature","properties":{},"geometry":{"type":"LineString","coordinates":[[-4.87065,33.702],[-4.872,33.70306],[-4.87308,33.70265],[-4.8734,33.70296],[-4.87352,33.70414],[-4.87408,33.70516],[-4.87483,33.70604],[-4.87497,33.70722],[-4.87537,33.70818],[-4.87566,33.70864],[-4.87621,33.70907],[-4.87638,33.70972],[-4.87699,33.71039],[-4.87702,33.71093],[-4.87799,33.71256],[-4.878,33.71292],[-4.87768,33.71356],[-4.87774,33.71377],[-4.87799,33.71378],[-4.87861,33.71322],[-4.8789,33.71323],[-4.87972,33.71417],[-4.88061,33.71479],[-4.88246,33.71554],[-4.88417,33.71607],[-4.88598,33.7161],[-4.88754,33.71671],[-4.88779,33.71665],[-4.88794,33.71631],[-4.88813,33.71627],[-4.88894,33.71776],[-4.88967,33.71808],[-4.89182,33.72046],[-4.89238,33.72248],[-4.89318,33.72347],[-4.89414,33.72399],[-4.89493,33.72273],[-4.89546,33.72291],[-4.89553,33.72361],[-4.89595,33.72412],[-4.89613,33.72481],[-4.8967,33.72511],[-4.89652,33.72547],[-4.89696,33.72689],[-4.89793,33.72758],[-4.89876,33.72758],[-4.89875,33.72798],[-4.89916,33.72831],[-4.89896,33.72862],[-4.89904,33.72899],[-4.89968,33.72957],[-4.90056,33.72965],[-4.90042,33.72911],[-4.90126,33.72869],[-4.90147,33.72829],[-4.902,33.728],[-4.90282,33.72821],[-4.90344,33.72778],[-4.90434,33.72826],[-4.90513,33.72816],[-4.90551,33.72832],[-4.90574,33.728],[-4.90575,33.72733]]}},{"type":"Feature","properties":{},"geometry":{"type":"LineString","coordinates":[[-4.74175,33.28932],[-4.74131,33.2871],[-4.74168,33.28607],[-4.74168,33.28549],[-4.74029,33.28355],[-4.73799,33.2786]]}},{"type":"Feature","properties":{},"geometry":{"type":"LineString","coordinates":[[-5.13745,33.34224],[-5.13915,33.34135],[-5.14017,33.34133],[-5.14115,33.34089]]}},{"type":"Feature","properties":{},"geometry":{"type":"LineString","coordinates":[[-5.1249,33.33805],[-5.12194,33.33781],[-5.12074,33.33752],[-5.11954,33.33833],[-5.11929,33.33912],[-5.1184,33.33965],[-5.11765,33.33983],[-5.11692,33.34048]]}},{"type":"Feature","properties":{},"geometry":{"type":"LineString","coordinates":[[-5.11692,33.34048],[-5.11544,33.34265]]}},{"type":"Feature","properties":{},"geometry":{"type":"LineString","coordinates":[[-5.12758,33.33758],[-5.12674,33.33804],[-5.1249,33.33805]]}},{"type":"Feature","properties":{},"geometry":{"type":"LineString","coordinates":[[-5.12764,33.33853],[-5.12645,33.33808]]}},{"type":"Feature","properties":{},"geometry":{"type":"LineString","coordinates":[[-5.07469,33.27766],[-5.07645,33.27758],[-5.07823,33.27789],[-5.08644,33.27727]]}},{"type":"Feature","properties":{},"geometry":{"type":"LineString","coordinates":[[-5.13788,33.15251],[-5.13721,33.15232],[-5.13696,33.15202],[-5.13698,33.15132],[-5.13653,33.15025],[-5.13655,33.14977],[-5.13638,33.14919],[-5.13597,33.14867],[-5.13598,33.14812],[-5.13574,33.14768],[-5.13389,33.14717],[-5.13375,33.14686],[-5.13397,33.14547],[-5.13373,33.1452],[-5.13355,33.14457],[-5.13234,33.14349],[-5.13224,33.14323],[-5.13177,33.1431],[-5.13093,33.14182]]}},{"type":"Feature","properties":{},"geometry":{"type":"LineString","coordinates":[[-5.11716,33.10571],[-5.11231,33.10383],[-5.11026,33.10271]]}},{"type":"Feature","properties":{},"geometry":{"type":"LineString","coordinates":[[-5.57122,33.17018],[-5.57093,33.17066],[-5.56992,33.17155]]}},{"type":"Feature","properties":{},"geometry":{"type":"LineString","coordinates":[[-4.7743,33.66246],[-4.77321,33.66265],[-4.77332,33.66399],[-4.77316,33.6643],[-4.7725,33.66517],[-4.77094,33.66647],[-4.76964,33.66694],[-4.76849,33.66691],[-4.76584,33.66818]]}},{"type":"Feature","properties":{},"geometry":{"type":"LineString","coordinates":[[-5.29556,33.45145],[-5.29641,33.45377],[-5.29671,33.4542],[-5.29756,33.45485],[-5.29812,33.4557],[-5.29889,33.45746],[-5.30092,33.46358]]}},{"type":"Feature","properties":{},"geometry":{"type":"LineString","coordinates":[[-5.30133,33.51445],[-5.29857,33.51488],[-5.2965,33.51599],[-5.29544,33.51626],[-5.29441,33.51691],[-5.29106,33.51723],[-5.29022,33.51715],[-5.28803,33.51805],[-5.28558,33.51825],[-5.27816,33.518],[-5.27503,33.51807],[-5.27347,33.51744],[-5.27175,33.51724],[-5.26247,33.51781],[-5.26002,33.51767],[-5.25728,33.51979],[-5.25677,33.52174],[-5.2556,33.52251],[-5.2546,33.52266],[-5.25318,33.52225],[-5.25227,33.52177],[-5.24941,33.52196],[-5.24754,33.52188],[-5.24496,33.52425],[-5.24397,33.52488],[-5.23808,33.52604],[-5.2364,33.52593],[-5.23544,33.52556],[-5.23423,33.52535],[-5.23038,33.52542],[-5.22963,33.52494],[-5.22937,33.52455],[-5.22911,33.5245],[-5.22826,33.52478],[-5.22719,33.52566],[-5.22677,33.52615],[-5.22664,33.5268],[-5.22636,33.52694]]}},{"type":"Feature","properties":{},"geometry":{"type":"LineString","coordinates":[[-5.03812,33.63786],[-5.038,33.63736],[-5.03748,33.63744],[-5.0373,33.63726]]}},{"type":"Feature","properties":{"grade":"grade2"},"geometry":{"type":"LineString","coordinates":[[-5.03687,33.64498],[-5.03743,33.6463],[-5.03705,33.64729],[-5.03746,33.6488],[-5.03774,33.64924],[-5.03884,33.64997],[-5.0392,33.65074]]}},{"type":"Feature","properties":{},"geometry":{"type":"LineString","coordinates":[[-5.02011,33.58532],[-5.02057,33.58684],[-5.0202,33.58742],[-5.0204,33.58857],[-5.01977,33.58934],[-5.01975,33.58988],[-5.01954,33.59019],[-5.01885,33.59073],[-5.01856,33.59123],[-5.01716,33.59165],[-5.0162,33.59271],[-5.01635,33.59358],[-5.01623,33.59421],[-5.01583,33.59451],[-5.01561,33.595],[-5.01517,33.595],[-5.01495,33.59522],[-5.01482,33.59591],[-5.01528,33.59643],[-5.01508,33.59687],[-5.01444,33.59696],[-5.01319,33.59747],[-5.01155,33.59766],[-5.01126,33.59834],[-5.01087,33.59856],[-5.01019,33.59996],[-5.00989,33.59996],[-5.00929,33.59952],[-5.0086,33.60008],[-5.008,33.60013],[-5.00776,33.60053],[-5.00826,33.60112],[-5.00757,33.6022],[-5.00726,33.60238],[-5.00689,33.60234],[-5.00651,33.60277],[-5.00591,33.60264],[-5.00571,33.60302],[-5.00586,33.60334],[-5.00581,33.60381],[-5.00622,33.60486],[-5.00651,33.60513],[-5.00705,33.60625],[-5.00886,33.60716],[-5.01047,33.60869],[-5.01057,33.60987],[-5.00992,33.6122],[-5.01025,33.61341],[-5.01082,33.61445],[-5.01205,33.61586],[-5.01265,33.6171],[-5.01384,33.61841],[-5.01488,33.62113],[-5.01548,33.62186],[-5.01568,33.62434],[-5.0149,33.62778],[-5.01486,33.63155],[-5.01559,33.6323],[-5.01925,33.6342]]}},{"type":"Feature","properties":{},"geometry":{"type":"LineString","coordinates":[[-5.06436,33.6199],[-5.06444,33.61959],[-5.0649,33.61916]]}},{"type":"Feature","properties":{},"geometry":{"type":"LineString","coordinates":[[-5.01895,33.66467],[-5.01917,33.6659],[-5.01911,33.66664],[-5.01834,33.66888],[-5.01833,33.66974]]}},{"type":"Feature","properties":{},"geometry":{"type":"LineString","coordinates":[[-5.0309,33.6754],[-5.0308,33.67527],[-5.03105,33.67463],[-5.03023,33.67441],[-5.02989,33.67402],[-5.02865,33.67384],[-5.02764,33.67334],[-5.02681,33.67347],[-5.02494,33.67287],[-5.02349,33.67271],[-5.02245,33.67237],[-5.02121,33.67229],[-5.01951,33.67174],[-5.01864,33.67086],[-5.01833,33.66974],[-5.0174,33.66973],[-5.0152,33.66863],[-5.01488,33.66832],[-5.01346,33.66771],[-5.01309,33.66743],[-5.01291,33.66688],[-5.01296,33.66639]]}},{"type":"Feature","properties":{},"geometry":{"type":"LineString","coordinates":[[-5.15294,33.14956],[-5.15026,33.1426],[-5.14655,33.13774],[-5.14544,33.13653],[-5.14302,33.13526],[-5.1417,33.13363],[-5.13997,33.1322],[-5.13885,33.13034],[-5.13823,33.13024],[-5.13797,33.12988],[-5.13728,33.13007]]}},{"type":"Feature","properties":{},"geometry":{"type":"LineString","coordinates":[[-4.79206,33.19538],[-4.79271,33.19515],[-4.79472,33.19683],[-4.79528,33.19788],[-4.79573,33.19825]]}},{"type":"Feature","properties":{"grade":"grade2"},"geometry":{"type":"LineString","coordinates":[[-5.44004,33.17177],[-5.43786,33.17273],[-5.43673,33.17347],[-5.43516,33.17421],[-5.43378,33.17434],[-5.43207,33.17523],[-5.43105,33.17557],[-5.43047,33.17598],[-5.42981,33.17611],[-5.42911,33.17684],[-5.42704,33.178],[-5.42486,33.17864],[-5.42363,33.17836],[-5.42227,33.17886],[-5.42048,33.18001],[-5.419,33.18028],[-5.41796,33.18019],[-5.41721,33.17916],[-5.41475,33.17739],[-5.41396,33.17641],[-5.41559,33.17456],[-5.41554,33.17365],[-5.41523,33.17245],[-5.41536,33.17183],[-5.41572,33.17155],[-5.41672,33.17125],[-5.41704,33.17091],[-5.41804,33.17046],[-5.41841,33.16999],[-5.41844,33.16967],[-5.41815,33.16902],[-5.41699,33.16896],[-5.41678,33.16808],[-5.41699,33.16777],[-5.41785,33.16753],[-5.41848,33.16696],[-5.41871,33.16633],[-5.41865,33.16608],[-5.41818,33.16554],[-5.41794,33.16485],[-5.41754,33.16455],[-5.41696,33.1637],[-5.41596,33.16351],[-5.41571,33.16287],[-5.41516,33.1627],[-5.41518,33.16217],[-5.41488,33.1619],[-5.41504,33.16151],[-5.41594,33.16054],[-5.41704,33.15812],[-5.4169,33.1565],[-5.41632,33.15452],[-5.4156,33.1539],[-5.41544,33.15322],[-5.41496,33.15256],[-5.41333,33.15175],[-5.41072,33.15141],[-5.40883,33.15148],[-5.40742,33.1526],[-5.40626,33.15293],[-5.39068,33.15319],[-5.38689,33.15382],[-5.38486,33.15396],[-5.38102,33.15538],[-5.37892,33.15558],[-5.37696,33.15538],[-5.37522,33.15623],[-5.37258,33.15693],[-5.3714,33.15746],[-5.37113,33.15773],[-5.36697,33.1587],[-5.36559,33.15886],[-5.36302,33.15875],[-5.36115,33.15924],[-5.3587,33.16033],[-5.35653,33.15999],[-5.35485,33.159],[-5.35405,33.15894],[-5.35263,33.15928],[-5.34927,33.15893],[-5.34656,33.15978],[-5.34503,33.15996],[-5.34361,33.16063],[-5.34296,33.16158],[-5.34301,33.16312],[-5.34309,33.16345],[-5.34377,33.16426],[-5.34381,33.16455],[-5.34238,33.16463],[-5.34117,33.16515]]}},{"type":"Feature","properties":{"grade":"grade5"},"geometry":{"type":"LineString","coordinates":[[-4.72712,32.92156],[-4.72776,32.92144],[-4.72858,32.92088],[-4.72952,32.92053],[-4.73247,32.91896],[-4.73321,32.91842],[-4.73386,32.91842],[-4.73441,32.91756],[-4.7347,32.91605],[-4.73492,32.91596],[-4.73634,32.9173],[-4.73815,32.91802],[-4.74013,32.91819],[-4.74165,32.91905],[-4.74271,32.91998],[-4.74406,32.92023],[-4.74664,32.92143],[-4.74872,32.92187],[-4.74966,32.92289],[-4.7509,32.9238],[-4.75196,32.92509],[-4.75256,32.92533],[-4.75296,32.92578],[-4.75356,32.92585],[-4.75442,32.92637],[-4.75483,32.92827],[-4.75437,32.93036],[-4.75386,32.93132],[-4.75382,32.93163],[-4.75401,32.93202],[-4.75363,32.93299],[-4.75401,32.93418],[-4.75445,32.93486],[-4.75459,32.93572],[-4.75509,32.93666],[-4.75585,32.93745],[-4.75688,32.93812],[-4.758,32.93855],[-4.75842,32.93912],[-4.75898,32.9395],[-4.76135,32.94014],[-4.76176,32.94056],[-4.76235,32.9429],[-4.76298,32.94751],[-4.76365,32.94892],[-4.764,32.95037],[-4.76369,32.95164],[-4.76409,32.95387],[-4.76387,32.95561],[-4.76403,32.95616],[-4.76432,32.9562],[-4.76504,32.95554],[-4.7654,32.95542],[-4.76614,32.9556],[-4.76656,32.95588],[-4.76637,32.95611],[-4.76636,32.95654],[-4.76608,32.95674],[-4.76599,32.95744],[-4.76611,32.958],[-4.76656,32.95871],[-4.76874,32.96099],[-4.76909,32.96187],[-4.77048,32.96341],[-4.77075,32.96396],[-4.77085,32.96473],[-4.77173,32.96626],[-4.77225,32.96846],[-4.77116,32.97079],[-4.77073,32.97403],[-4.77146,32.97482],[-4.77253,32.97827],[-4.77313,32.97905],[-4.77453,32.98154],[-4.7759,32.98214],[-4.77667,32.98342],[-4.7786,32.98512],[-4.78292,32.98662],[-4.78403,32.98677],[-4.78562,32.98767],[-4.78732,32.98913]]}},{"type":"Feature","properties":{},"geometry":{"type":"LineString","coordinates":[[-5.70427,32.96104],[-5.70378,32.96246],[-5.70433,32.96331],[-5.70495,32.96375],[-5.70505,32.96401],[-5.7049,32.96526]]}},{"type":"Feature","properties":{},"geometry":{"type":"LineString","coordinates":[[-5.07439,33.35142],[-5.07516,33.35156],[-5.07629,33.35089]]}},{"type":"Feature","properties":{},"geometry":{"type":"LineString","coordinates":[[-5.06826,33.35418],[-5.06938,33.35326],[-5.07086,33.35268]]}},{"type":"Feature","properties":{},"geometry":{"type":"LineString","coordinates":[[-5.07086,33.35268],[-5.07327,33.3523],[-5.07483,33.35177]]}},{"type":"Feature","properties":{},"geometry":{"type":"LineString","coordinates":[[-5.07327,33.3523],[-5.07426,33.35263],[-5.07522,33.35317]]}},{"type":"Feature","properties":{},"geometry":{"type":"LineString","coordinates":[[-5.0767,33.35436],[-5.07664,33.35459],[-5.07747,33.35569]]}},{"type":"Feature","properties":{},"geometry":{"type":"LineString","coordinates":[[-5.0767,33.35436],[-5.07696,33.35357],[-5.07769,33.35279],[-5.07803,33.35175],[-5.07982,33.35164],[-5.08122,33.35134]]}},{"type":"Feature","properties":{},"geometry":{"type":"LineString","coordinates":[[-5.08122,33.35134],[-5.08197,33.35108],[-5.08312,33.3502]]}},{"type":"Feature","properties":{},"geometry":{"type":"LineString","coordinates":[[-5.0834,33.35136],[-5.08213,33.35021]]}},{"type":"Feature","properties":{},"geometry":{"type":"LineString","coordinates":[[-5.08619,33.3495],[-5.09546,33.35284]]}},{"type":"Feature","properties":{},"geometry":{"type":"LineString","coordinates":[[-5.09537,33.35247],[-5.09389,33.35329],[-5.0919,33.35319]]}},{"type":"Feature","properties":{},"geometry":{"type":"LineString","coordinates":[[-5.11544,33.34265],[-5.11521,33.34422],[-5.11477,33.34523],[-5.11438,33.3469],[-5.11262,33.34939],[-5.11183,33.35087]]}},{"type":"Feature","properties":{},"geometry":{"type":"LineString","coordinates":[[-5.10815,33.35646],[-5.10826,33.35573],[-5.10952,33.35529],[-5.11013,33.3544],[-5.11099,33.35355],[-5.11116,33.3532],[-5.11129,33.35157],[-5.11183,33.35087]]}},{"type":"Feature","properties":{},"geometry":{"type":"LineString","coordinates":[[-5.07311,33.34629],[-5.07615,33.34696]]}},{"type":"Feature","properties":{},"geometry":{"type":"LineString","coordinates":[[-5.04375,33.31799],[-5.04402,33.3196],[-5.0421,33.31938],[-5.04082,33.31857],[-5.03906,33.31836]]}},{"type":"Feature","properties":{},"geometry":{"type":"LineString","coordinates":[[-5.03906,33.31836],[-5.03838,33.3186],[-5.03746,33.31864],[-5.03697,33.31905],[-5.0348,33.31964],[-5.0333,33.31971],[-5.03164,33.32086],[-5.03076,33.32214],[-5.03017,33.32198],[-5.02962,33.32105],[-5.02938,33.32016],[-5.02959,33.31994],[-5.02906,33.31973],[-5.02899,33.31928]]}},{"type":"Feature","properties":{},"geometry":{"type":"LineString","coordinates":[[-5.02829,33.31623],[-5.02993,33.31671]]}},{"type":"Feature","properties":{},"geometry":{"type":"LineString","coordinates":[[-5.02993,33.31671],[-5.03276,33.31734],[-5.03296,33.31864]]}},{"type":"Feature","properties":{},"geometry":{"type":"LineString","coordinates":[[-5.0333,33.31971],[-5.03329,33.31929],[-5.03296,33.31864]]}},{"type":"Feature","properties":{},"geometry":{"type":"LineString","coordinates":[[-5.01954,33.34016],[-5.02151,33.33976],[-5.02452,33.34053]]}},{"type":"Feature","properties":{},"geometry":{"type":"LineString","coordinates":[[-5.10746,33.27665],[-5.10777,33.27711],[-5.10672,33.27975],[-5.10639,33.2814],[-5.10613,33.28181]]}},{"type":"Feature","properties":{},"geometry":{"type":"LineString","coordinates":[[-5.10746,33.27665],[-5.10585,33.27426],[-5.10486,33.27322],[-5.10285,33.27234],[-5.10214,33.27252],[-5.10126,33.27202],[-5.10103,33.2715],[-5.09943,33.27032],[-5.09896,33.2695],[-5.09696,33.26772],[-5.09433,33.26639],[-5.09341,33.26554],[-5.09066,33.26481],[-5.08957,33.26363],[-5.08895,33.26339],[-5.08212,33.26219],[-5.07744,33.26082],[-5.07676,33.26041],[-5.07568,33.26059],[-5.07412,33.26048],[-5.07346,33.26067],[-5.07307,33.26011],[-5.07253,33.25997]]}},{"type":"Feature","properties":{},"geometry":{"type":"LineString","coordinates":[[-5.07261,33.26077],[-5.06969,33.26125],[-5.06299,33.26485],[-5.06232,33.26575],[-5.0558,33.26845],[-5.05034,33.27307],[-5.05003,33.27491],[-5.04985,33.27523]]}},{"type":"Feature","properties":{},"geometry":{"type":"LineString","coordinates":[[-5.09649,33.26743],[-5.09682,33.26711],[-5.09773,33.26695],[-5.0996,33.26746],[-5.10057,33.26728]]}},{"type":"Feature","properties":{},"geometry":{"type":"LineString","coordinates":[[-5.0996,33.26746],[-5.09881,33.26684],[-5.09801,33.2658],[-5.09778,33.26541],[-5.09781,33.26507],[-5.10048,33.26541],[-5.10179,33.26516]]}},{"type":"Feature","properties":{},"geometry":{"type":"LineString","coordinates":[[-5.14522,33.28486],[-5.12861,33.27783],[-5.12561,33.27721]]}},{"type":"Feature","properties":{},"geometry":{"type":"LineString","coordinates":[[-5.12561,33.27721],[-5.10436,33.273]]}},{"type":"Feature","properties":{},"geometry":{"type":"LineString","coordinates":[[-5.10584,33.27327],[-5.10866,33.27292],[-5.11155,33.27235],[-5.11502,33.27221],[-5.11641,33.27238],[-5.12065,33.27184],[-5.12205,33.27157],[-5.1267,33.26927],[-5.12705,33.26923],[-5.1286,33.27046],[-5.13339,33.27509],[-5.13492,33.27573],[-5.13605,33.27521]]}},{"type":"Feature","properties":{},"geometry":{"type":"LineString","coordinates":[[-5.12705,33.26923],[-5.12843,33.26938],[-5.13071,33.26897],[-5.13156,33.26856],[-5.1321,33.26852],[-5.13453,33.26703],[-5.13588,33.2666],[-5.13869,33.26448]]}},{"type":"Feature","properties":{},"geometry":{"type":"LineString","coordinates":[[-5.25135,33.43443],[-5.25212,33.4358],[-5.25203,33.43637],[-5.25167,33.43675]]}},{"type":"Feature","properties":{},"geometry":{"type":"LineString","coordinates":[[-5.24302,33.43208],[-5.24373,33.43206],[-5.2442,33.4323],[-5.244,33.43511]]}},{"type":"Feature","properties":{},"geometry":{"type":"LineString","coordinates":[[-5.18035,33.40183],[-5.18099,33.40067],[-5.18305,33.39818],[-5.18289,33.39751],[-5.18358,33.39696],[-5.18365,33.39638],[-5.18516,33.39578],[-5.18569,33.39456],[-5.18575,33.39268],[-5.18664,33.39242],[-5.18864,33.39262],[-5.19049,33.39234],[-5.19171,33.39269],[-5.19221,33.39254],[-5.19293,33.39259],[-5.19384,33.39297],[-5.19501,33.39309],[-5.19543,33.3934],[-5.19531,33.39497],[-5.19579,33.39563],[-5.19594,33.39667],[-5.19592,33.39801],[-5.19546,33.3986],[-5.19602,33.40072]]}},{"type":"Feature","properties":{},"geometry":{"type":"LineString","coordinates":[[-4.89804,33.38102],[-4.89747,33.37942],[-4.89732,33.37774],[-4.89709,33.37714],[-4.89497,33.37446],[-4.89395,33.37425],[-4.89238,33.37345],[-4.88843,33.37218],[-4.88519,33.37036],[-4.88268,33.3685],[-4.88221,33.36834],[-4.88065,33.36837],[-4.88015,33.368],[-4.87881,33.36754],[-4.87736,33.36679]]}},{"type":"Feature","properties":{},"geometry":{"type":"LineString","coordinates":[[-4.87758,33.36747],[-4.87711,33.36761],[-4.8764,33.36838]]}},{"type":"Feature","properties":{},"geometry":{"type":"LineString","coordinates":[[-4.87778,33.38623],[-4.87709,33.38501],[-4.87629,33.38418],[-4.8756,33.38299],[-4.87513,33.3825],[-4.87443,33.38119],[-4.87314,33.38],[-4.87208,33.37832],[-4.87128,33.37759],[-4.87105,33.37703],[-4.8706,33.37656]]}},{"type":"Feature","properties":{},"geometry":{"type":"LineString","coordinates":[[-4.87958,33.37196],[-4.88161,33.36464],[-4.88255,33.36211],[-4.8826,33.36066],[-4.88283,33.35973],[-4.88388,33.35722],[-4.88538,33.35581],[-4.8847,33.35525],[-4.88205,33.35397],[-4.8814,33.35324],[-4.88111,33.35265]]}},{"type":"Feature","properties":{},"geometry":{"type":"LineString","coordinates":[[-4.87476,33.36203],[-4.87509,33.36195],[-4.87567,33.36211],[-4.87665,33.36287],[-4.8767,33.3637],[-4.87722,33.36453],[-4.87691,33.36476],[-4.87706,33.36631],[-4.87958,33.37196],[-4.87924,33.37314],[-4.87866,33.37672],[-4.8785,33.37866],[-4.87969,33.38336],[-4.87936,33.38363],[-4.8764,33.38432]]}},{"type":"Feature","properties":{},"geometry":{"type":"LineString","coordinates":[[-5.66389,33.64159],[-5.66558,33.64053]]}},{"type":"Feature","properties":{},"geometry":{"type":"LineString","coordinates":[[-5.64635,33.65542],[-5.65366,33.65737]]}},{"type":"Feature","properties":{},"geometry":{"type":"LineString","coordinates":[[-5.67047,33.72495],[-5.66943,33.72403],[-5.66712,33.72354]]}},{"type":"Feature","properties":{},"geometry":{"type":"LineString","coordinates":[[-5.65582,33.63979],[-5.65655,33.64141],[-5.65539,33.64702],[-5.65506,33.64777]]}},{"type":"Feature","properties":{},"geometry":{"type":"LineString","coordinates":[[-5.65837,33.67156],[-5.65821,33.67047],[-5.65786,33.66991],[-5.65496,33.67008]]}},{"type":"Feature","properties":{},"geometry":{"type":"LineString","coordinates":[[-5.67401,33.67123],[-5.67457,33.67087],[-5.67555,33.66956],[-5.67554,33.66926],[-5.67627,33.66896],[-5.67701,33.66778],[-5.67954,33.66486],[-5.6775,33.6636],[-5.67616,33.66312],[-5.6759,33.66254],[-5.67586,33.66157],[-5.67629,33.66025],[-5.67646,33.65706],[-5.67559,33.65599],[-5.67381,33.65444],[-5.67281,33.65395]]}},{"type":"Feature","properties":{},"geometry":{"type":"LineString","coordinates":[[-5.6549,33.66803],[-5.65382,33.66768],[-5.65333,33.66698],[-5.65324,33.66643],[-5.65331,33.66624],[-5.65486,33.66676]]}},{"type":"Feature","properties":{},"geometry":{"type":"LineString","coordinates":[[-5.63361,33.65534],[-5.63716,33.64784],[-5.63751,33.64475],[-5.63695,33.64131],[-5.63682,33.63939],[-5.63703,33.63555],[-5.63691,33.63377],[-5.63751,33.63194],[-5.63787,33.62873],[-5.63835,33.62872]]}},{"type":"Feature","properties":{},"geometry":{"type":"LineString","coordinates":[[-5.6587,33.68644],[-5.65753,33.68665],[-5.65721,33.68656],[-5.65669,33.68615],[-5.6561,33.68535],[-5.65605,33.68439],[-5.65771,33.68329]]}},{"type":"Feature","properties":{},"geometry":{"type":"LineString","coordinates":[[-5.66904,33.72544],[-5.66895,33.72459],[-5.66951,33.72292],[-5.66906,33.72018]]}},{"type":"Feature","properties":{},"geometry":{"type":"LineString","coordinates":[[-5.01836,33.72055],[-5.01829,33.72065]]}},{"type":"Feature","properties":{},"geometry":{"type":"LineString","coordinates":[[-5.01829,33.72065],[-5.01821,33.72093]]}},{"type":"Feature","properties":{},"geometry":{"type":"LineString","coordinates":[[-5.0193,33.72075],[-5.02009,33.72033],[-5.02021,33.72001]]}},{"type":"Feature","properties":{},"geometry":{"type":"LineString","coordinates":[[-5.01672,33.72065],[-5.01632,33.72047]]}},{"type":"Feature","properties":{},"geometry":{"type":"LineString","coordinates":[[-5.01333,33.71747],[-5.01296,33.71643],[-5.01207,33.71537]]}},{"type":"Feature","properties":{},"geometry":{"type":"LineString","coordinates":[[-5.11299,33.54984],[-5.11291,33.54894],[-5.1133,33.54843],[-5.11327,33.54811],[-5.11269,33.54764],[-5.11181,33.54744]]}},{"type":"Feature","properties":{},"geometry":{"type":"LineString","coordinates":[[-5.34663,33.13474],[-5.34593,33.13322],[-5.34568,33.13204],[-5.34491,33.13188],[-5.34486,33.13168],[-5.34494,33.13097],[-5.34474,33.13046],[-5.34489,33.13012],[-5.34592,33.1296],[-5.34605,33.12934],[-5.34538,33.12885],[-5.34467,33.12897],[-5.34423,33.12873],[-5.34424,33.12782],[-5.34443,33.12718]]}},{"type":"Feature","properties":{},"geometry":{"type":"LineString","coordinates":[[-5.21692,33.74414],[-5.21155,33.74399]]}},{"type":"Feature","properties":{},"geometry":{"type":"LineString","coordinates":[[-5.00657,33.73441],[-5.0077,33.73278],[-5.00762,33.73224],[-5.00789,33.73212],[-5.00778,33.73178]]}},{"type":"Feature","properties":{},"geometry":{"type":"LineString","coordinates":[[-5.48139,33.71447],[-5.48573,33.71026],[-5.48451,33.70951],[-5.48435,33.7074],[-5.48379,33.70663],[-5.47788,33.71206]]}},{"type":"Feature","properties":{},"geometry":{"type":"LineString","coordinates":[[-5.25557,33.62396],[-5.25528,33.62358],[-5.25545,33.62163],[-5.2553,33.62129],[-5.25285,33.62054],[-5.25124,33.62106],[-5.25092,33.62101],[-5.2502,33.62043],[-5.24937,33.61943],[-5.24744,33.61873],[-5.24703,33.6183],[-5.24644,33.61715],[-5.24582,33.61685],[-5.2458,33.61592],[-5.24446,33.61537],[-5.24176,33.6133]]}},{"type":"Feature","properties":{},"geometry":{"type":"LineString","coordinates":[[-5.36854,33.40402],[-5.36469,33.40447],[-5.36087,33.40513],[-5.36027,33.40542],[-5.35657,33.40512],[-5.35435,33.40482],[-5.35214,33.40427],[-5.35036,33.40418],[-5.34868,33.40368],[-5.34604,33.40325],[-5.34284,33.40223],[-5.3398,33.40105],[-5.33597,33.40014],[-5.33569,33.39958],[-5.33556,33.39853],[-5.3337,33.39755],[-5.33339,33.39721]]}},{"type":"Feature","properties":{},"geometry":{"type":"LineString","coordinates":[[-5.34503,33.40703],[-5.34588,33.405],[-5.34597,33.40359],[-5.34586,33.40318]]}},{"type":"Feature","properties":{},"geometry":{"type":"LineString","coordinates":[[-5.37189,33.4035],[-5.36869,33.40402],[-5.36701,33.40351],[-5.36477,33.40169],[-5.36324,33.39965],[-5.35969,33.39661],[-5.35889,33.3953],[-5.35808,33.39321],[-5.35598,33.39135],[-5.35459,33.38884],[-5.35441,33.38825],[-5.35452,33.38621],[-5.35423,33.38572],[-5.35415,33.38464],[-5.35198,33.3818],[-5.34972,33.37937]]}},{"type":"Feature","properties":{},"geometry":{"type":"LineString","coordinates":[[-5.48601,33.71707],[-5.48641,33.71699],[-5.49913,33.70471],[-5.50721,33.70167]]}},{"type":"Feature","properties":{},"geometry":{"type":"LineString","coordinates":[[-4.65634,33.60601],[-4.65933,33.59976],[-4.66127,33.59648],[-4.66153,33.5964],[-4.66295,33.5967],[-4.66414,33.59648],[-4.66465,33.59614],[-4.66415,33.59503],[-4.66299,33.59391],[-4.66282,33.59353],[-4.66344,33.59238],[-4.66521,33.59108],[-4.66627,33.58925],[-4.66721,33.58842],[-4.66702,33.58818],[-4.6665,33.58827],[-4.66494,33.5877],[-4.66428,33.58587],[-4.66331,33.58423],[-4.6617,33.58224],[-4.65974,33.58034],[-4.65843,33.57497],[-4.65804,33.57074],[-4.65762,33.56915]]}},{"type":"Feature","properties":{},"geometry":{"type":"LineString","coordinates":[[-5.03374,33.73963],[-5.03412,33.73867],[-5.03415,33.73786],[-5.03461,33.73711],[-5.03575,33.73593],[-5.03825,33.73451],[-5.03935,33.73291],[-5.04038,33.73204]]}},{"type":"Feature","properties":{},"geometry":{"type":"LineString","coordinates":[[-5.03862,33.72056],[-5.03756,33.72058],[-5.03712,33.72135],[-5.03503,33.72299],[-5.03184,33.72484],[-5.0292,33.72597],[-5.02861,33.72662],[-5.02778,33.72684],[-5.02672,33.72755],[-5.02523,33.72795],[-5.0236,33.72883],[-5.02294,33.72893]]}},{"type":"Feature","properties":{},"geometry":{"type":"LineString","coordinates":[[-5.17032,32.96017],[-5.1697,32.95973],[-5.16912,32.95967],[-5.1683,32.95981],[-5.16728,32.95973],[-5.16676,32.96012],[-5.1643,32.95933],[-5.16295,32.95957],[-5.16254,32.95951],[-5.16184,32.95904]]}},{"type":"Feature","properties":{"grade":"grade3"},"geometry":{"type":"LineString","coordinates":[[-5.19942,32.94998],[-5.19857,32.95006],[-5.1979,32.95093],[-5.1975,32.9524],[-5.19769,32.953]]}},{"type":"Feature","properties":{"grade":"grade2"},"geometry":{"type":"LineString","coordinates":[[-5.14851,32.99907],[-5.1497,32.99846],[-5.1501,32.99702],[-5.15046,32.99656],[-5.15108,32.99636],[-5.15167,32.99577],[-5.15295,32.995],[-5.15361,32.99316],[-5.15394,32.99263],[-5.1546,32.9921],[-5.15558,32.99177],[-5.15612,32.99032],[-5.1562,32.98939],[-5.15655,32.98906],[-5.1567,32.98865],[-5.15666,32.98688]]}},{"type":"Feature","properties":{"grade":"grade4"},"geometry":{"type":"LineString","coordinates":[[-5.18127,32.95721],[-5.18273,32.9573],[-5.1831,32.95798],[-5.18359,32.95842],[-5.18346,32.95852],[-5.18251,32.95829],[-5.18342,32.95905],[-5.18435,32.95937],[-5.18315,32.95955],[-5.18224,32.95927],[-5.18279,32.95981],[-5.18329,32.96001],[-5.18487,32.96018],[-5.18538,32.96006]]}},{"type":"Feature","properties":{"grade":"grade5"},"geometry":{"type":"LineString","coordinates":[[-5.18127,32.95721],[-5.18089,32.95712],[-5.1806,32.95729],[-5.18021,32.9571],[-5.17827,32.95702]]}},{"type":"Feature","properties":{},"geometry":{"type":"LineString","coordinates":[[-5.17284,32.93702],[-5.17181,32.93619],[-5.17017,32.93655],[-5.17015,32.93532],[-5.1696,32.93412],[-5.16982,32.93322],[-5.16903,32.93329],[-5.16813,32.9322],[-5.16721,32.93231],[-5.16542,32.93203],[-5.16475,32.93252],[-5.16412,32.93238],[-5.1627,32.9329],[-5.16197,32.93338],[-5.1612,32.93328],[-5.16053,32.93394],[-5.16036,32.93455],[-5.15954,32.93537],[-5.15744,32.936],[-5.15612,32.93588],[-5.15473,32.93624],[-5.15426,32.93611],[-5.15368,32.93638],[-5.15295,32.93627],[-5.15223,32.93678],[-5.15075,32.93606],[-5.15001,32.93607],[-5.14918,32.93645],[-5.1484,32.93624],[-5.14795,32.93678],[-5.14837,32.93736],[-5.14774,32.93888],[-5.14781,32.94014],[-5.1467,32.94262],[-5.14539,32.94362],[-5.14439,32.94404],[-5.1436,32.94408],[-5.14305,32.94386],[-5.14225,32.9431],[-5.14136,32.94317],[-5.14084,32.9434],[-5.1392,32.94452],[-5.13825,32.94567],[-5.13768,32.94677],[-5.13766,32.948],[-5.13742,32.94841],[-5.13652,32.94883],[-5.13604,32.9484],[-5.13529,32.94852],[-5.13518,32.94941],[-5.13463,32.95019],[-5.13461,32.951],[-5.1341,32.95206],[-5.13389,32.95243],[-5.13354,32.95258],[-5.13228,32.9539],[-5.13171,32.95523],[-5.13133,32.95668],[-5.13152,32.95758],[-5.1312,32.9585],[-5.13123,32.95976],[-5.13044,32.96011],[-5.12999,32.96129],[-5.12956,32.96153],[-5.12907,32.96214],[-5.12865,32.96301],[-5.12854,32.96418],[-5.12776,32.96505]]}},{"type":"Feature","properties":{},"geometry":{"type":"LineString","coordinates":[[-5.14866,33.01331],[-5.14895,33.01286],[-5.14882,33.01259],[-5.14771,33.01283],[-5.14659,33.01389],[-5.14463,33.01467],[-5.14392,33.01523],[-5.14325,33.01604],[-5.14232,33.01661],[-5.14104,33.01654],[-5.1403,33.01764],[-5.1392,33.01786],[-5.1378,33.01878],[-5.1373,33.01878],[-5.13573,33.01943],[-5.13506,33.01916],[-5.13404,33.01923],[-5.13383,33.01937],[-5.13309,33.02147],[-5.13179,33.02228],[-5.13138,33.02218],[-5.13091,33.02125],[-5.13022,33.02114],[-5.12895,33.0213],[-5.12711,33.02063],[-5.12679,33.02098],[-5.12662,33.02251],[-5.12631,33.02295],[-5.12597,33.02301],[-5.1255,33.02243],[-5.12531,33.02242],[-5.12458,33.02309],[-5.12356,33.0232],[-5.12349,33.02347]]}},{"type":"Feature","properties":{},"geometry":{"type":"LineString","coordinates":[[-5.16155,33.03397],[-5.163,33.03374],[-5.1633,33.03354],[-5.16361,33.0328],[-5.16324,33.03199],[-5.16163,33.03059],[-5.16093,33.03031],[-5.16008,33.03036],[-5.15921,33.02962],[-5.15859,33.02931],[-5.15801,33.02788],[-5.1571,33.02735],[-5.15668,33.02671],[-5.15599,33.02609],[-5.15496,33.02567],[-5.15393,33.02556],[-5.15338,33.02523],[-5.15251,33.02282],[-5.14997,33.02264],[-5.1488,33.0212],[-5.14807,33.01831],[-5.14692,33.01704],[-5.14662,33.01601],[-5.14666,33.01541],[-5.14756,33.01408],[-5.14866,33.01331]]}},{"type":"Feature","properties":{},"geometry":{"type":"LineString","coordinates":[[-5.11745,33.04434],[-5.11651,33.0443],[-5.11474,33.04479],[-5.11285,33.04467],[-5.11092,33.04539],[-5.10991,33.04533],[-5.10813,33.04564],[-5.10727,33.04612],[-5.1068,33.04605],[-5.10608,33.04664],[-5.10577,33.04742],[-5.10541,33.04773],[-5.10282,33.04698],[-5.10003,33.04771],[-5.09799,33.04869],[-5.09692,33.04899],[-5.09333,33.0492],[-5.08882,33.04998],[-5.08672,33.04969],[-5.08513,33.04877],[-5.08406,33.04835],[-5.08385,33.04775],[-5.08415,33.04711],[-5.0836,33.04643],[-5.0819,33.04593],[-5.08117,33.04458],[-5.08117,33.04374],[-5.08223,33.04164],[-5.08248,33.04075],[-5.08198,33.0405],[-5.08124,33.04046],[-5.08086,33.04016],[-5.08,33.03825],[-5.07899,33.0374],[-5.07787,33.03589],[-5.07716,33.03448],[-5.07711,33.03355],[-5.0766,33.03291],[-5.07668,33.03244],[-5.07651,33.03165],[-5.07629,33.03171],[-5.07576,33.03251],[-5.07228,33.03283],[-5.07037,33.03248],[-5.06996,33.032],[-5.06926,33.03161],[-5.069,33.03123]]}},{"type":"Feature","properties":{},"geometry":{"type":"LineString","coordinates":[[-5.16984,32.98117],[-5.17043,32.98201],[-5.17095,32.98316],[-5.17166,32.98371],[-5.1726,32.98511],[-5.17354,32.98601],[-5.17411,32.9872],[-5.17386,32.98831],[-5.17293,32.98885],[-5.17274,32.98948],[-5.17376,32.99225],[-5.17369,32.99376],[-5.17408,32.99494],[-5.17434,32.9966],[-5.17455,32.99713],[-5.17573,32.99881],[-5.17661,33.00165],[-5.1766,33.00204],[-5.17618,33.00283],[-5.17634,33.00385],[-5.17541,33.00532],[-5.17538,33.00754],[-5.17696,33.00976],[-5.17858,33.0163],[-5.17852,33.01784],[-5.17924,33.01915],[-5.17978,33.02087],[-5.17855,33.02457],[-5.17769,33.02567],[-5.17744,33.02672],[-5.17665,33.02814],[-5.17582,33.03024],[-5.17518,33.03118],[-5.17478,33.0311],[-5.17433,33.03027],[-5.17375,33.0297],[-5.17219,33.02984],[-5.17172,33.03111],[-5.17173,33.03195],[-5.17153,33.03256],[-5.171,33.03282],[-5.17062,33.03244],[-5.17026,33.03168],[-5.16888,33.03159],[-5.16861,33.03195],[-5.16888,33.03298],[-5.16851,33.03379],[-5.16601,33.03488],[-5.16478,33.03596],[-5.16315,33.0364],[-5.16233,33.0361],[-5.16206,33.03578],[-5.16149,33.03427],[-5.16155,33.03397]]}},{"type":"Feature","properties":{},"geometry":{"type":"LineString","coordinates":[[-5.10635,33.03182],[-5.10675,33.03133],[-5.10706,33.03033],[-5.10804,33.02907],[-5.10998,33.02721],[-5.11038,33.02609],[-5.11319,33.0238],[-5.11447,33.02312],[-5.1151,33.02238],[-5.11569,33.02223],[-5.11619,33.0217],[-5.11649,33.02098],[-5.11702,33.0203],[-5.11728,33.01816],[-5.11721,33.01755],[-5.11743,33.01706],[-5.1194,33.01539],[-5.12044,33.01419],[-5.12115,33.01392],[-5.12194,33.01332],[-5.12337,33.01188],[-5.12413,33.01026],[-5.12496,33.00937],[-5.12504,33.00882],[-5.12452,33.00819],[-5.1243,33.00744],[-5.12524,33.00684],[-5.12566,33.0071],[-5.1259,33.00707],[-5.12812,33.00574],[-5.12899,33.00378],[-5.12939,33.0034],[-5.12969,33.00279],[-5.12913,33.00092],[-5.13014,33.00015],[-5.13038,33.00012],[-5.1307,32.99956],[-5.13078,32.9986],[-5.13034,32.99761],[-5.13033,32.9956],[-5.13009,32.99484],[-5.12947,32.99547],[-5.12804,32.99763],[-5.12775,32.99782],[-5.12585,32.99819],[-5.12468,32.99925],[-5.12315,33.00022],[-5.12183,33.00039],[-5.11653,33.00341],[-5.1156,33.0037],[-5.11533,33.00458],[-5.11466,33.00467],[-5.11314,33.0044],[-5.11214,33.00567],[-5.11069,33.0063],[-5.10947,33.00618],[-5.1097,33.00509],[-5.10955,33.00472],[-5.10908,33.00444],[-5.10398,33.00428]]}},{"type":"Feature","properties":{},"geometry":{"type":"LineString","coordinates":[[-5.29999,32.99273],[-5.2999,32.99236],[-5.29941,32.99217],[-5.29802,32.9924],[-5.29703,32.99276],[-5.29655,32.99322],[-5.29611,32.99451],[-5.29577,32.99444],[-5.29499,32.99336],[-5.29472,32.9932],[-5.29382,32.99375],[-5.29294,32.99374],[-5.29079,32.99435],[-5.2882,32.99476],[-5.28747,32.9952],[-5.28663,32.99517],[-5.28505,32.99543],[-5.28452,32.99517],[-5.28407,32.99457],[-5.28368,32.99451],[-5.28332,32.9947],[-5.28302,32.9957],[-5.28276,32.996],[-5.28131,32.99711],[-5.28079,32.99728],[-5.28006,32.99717],[-5.27816,32.99726],[-5.27758,32.99614],[-5.2773,32.99591],[-5.27717,32.99541],[-5.2766,32.99482],[-5.27488,32.99496],[-5.27471,32.99505],[-5.27438,32.99601],[-5.27454,32.99683],[-5.27444,32.99725],[-5.27339,32.99868]]}},{"type":"Feature","properties":{},"geometry":{"type":"LineString","coordinates":[[-5.10453,33.01212],[-5.1062,33.01098],[-5.10796,33.00939],[-5.10885,33.00803],[-5.10918,33.00643],[-5.10946,33.00612]]}},{"type":"Feature","properties":{},"geometry":{"type":"LineString","coordinates":[[-5.42133,33.00972],[-5.42182,33.0099],[-5.42302,33.00978],[-5.4249,33.01003],[-5.42625,33.01037],[-5.42782,33.0113],[-5.42866,33.01202],[-5.43054,33.0141],[-5.43116,33.01563],[-5.43106,33.01647]]}},{"type":"Feature","properties":{},"geometry":{"type":"LineString","coordinates":[[-5.31803,32.99565],[-5.31777,32.99501],[-5.31694,32.99399],[-5.31528,32.99318],[-5.31359,32.99089],[-5.31278,32.99042],[-5.31237,32.98962],[-5.31088,32.98893],[-5.3095,32.98912],[-5.30893,32.99012],[-5.308,32.99128],[-5.30712,32.99174],[-5.30592,32.99286],[-5.30463,32.99281],[-5.30269,32.9935],[-5.30156,32.99359],[-5.30041,32.99313],[-5.29999,32.99273]]}},{"type":"Feature","properties":{},"geometry":{"type":"LineString","coordinates":[[-5.27339,32.99868],[-5.27279,32.99926],[-5.27168,32.99905],[-5.2712,32.99879],[-5.27022,32.99764],[-5.26806,32.9937],[-5.26656,32.99186],[-5.266,32.99091],[-5.2639,32.99063],[-5.26324,32.99073],[-5.26295,32.99123],[-5.26056,32.99299],[-5.25875,32.99486],[-5.25512,32.99445],[-5.25444,32.99403],[-5.25365,32.99323],[-5.25183,32.99327],[-5.25166,32.99289],[-5.25159,32.9912],[-5.25124,32.99047],[-5.25087,32.98816],[-5.25017,32.98762],[-5.24869,32.98756]]}},{"type":"Feature","properties":{},"geometry":{"type":"LineString","coordinates":[[-5.29765,32.99254],[-5.29791,32.99201],[-5.2979,32.99124],[-5.2983,32.9919],[-5.2989,32.99229]]}},{"type":"Feature","properties":{},"geometry":{"type":"LineString","coordinates":[[-5.11167,33.54815],[-5.11191,33.54882],[-5.11074,33.54964],[-5.10965,33.55135],[-5.10982,33.55182],[-5.10977,33.55233],[-5.10928,33.55281],[-5.1089,33.55291],[-5.1083,33.55358],[-5.10795,33.55429],[-5.1077,33.5544],[-5.10631,33.55404],[-5.10615,33.55383],[-5.10613,33.5533],[-5.10556,33.55284],[-5.10563,33.55255],[-5.10635,33.55196],[-5.10648,33.55159],[-5.10628,33.55094],[-5.10519,33.55028],[-5.10495,33.54998],[-5.10487,33.54954],[-5.10524,33.54915],[-5.10515,33.54896],[-5.10386,33.54854],[-5.10332,33.54879],[-5.10296,33.54838],[-5.10189,33.54809],[-5.10054,33.54868],[-5.09878,33.5479],[-5.09802,33.54739]]}},{"type":"Feature","properties":{},"geometry":{"type":"LineString","coordinates":[[-5.13907,33.42894],[-5.1389,33.42781],[-5.13911,33.4273],[-5.13933,33.42498],[-5.13869,33.42328],[-5.1386,33.42181]]}},{"type":"Feature","properties":{},"geometry":{"type":"LineString","coordinates":[[-5.36768,33.28929],[-5.36636,33.28838],[-5.36496,33.28766],[-5.36452,33.28776],[-5.36385,33.2884],[-5.36328,33.28862],[-5.36001,33.28805],[-5.35893,33.28815],[-5.35705,33.28952],[-5.35537,33.29],[-5.35293,33.29009],[-5.3528,33.29026],[-5.35303,33.29086],[-5.35218,33.29048],[-5.35163,33.29074],[-5.35112,33.29074],[-5.34982,33.29156],[-5.34909,33.29168],[-5.34856,33.29211],[-5.34767,33.29244],[-5.34494,33.29165],[-5.34268,33.29042]]}},{"type":"Feature","properties":{"grade":"grade3"},"geometry":{"type":"LineString","coordinates":[[-4.78162,33.33505],[-4.78033,33.33485],[-4.77894,33.33319],[-4.77875,33.33352],[-4.77868,33.33496],[-4.7785,33.33531],[-4.77771,33.33595],[-4.77682,33.33587],[-4.77662,33.33547],[-4.77562,33.3346],[-4.77513,33.33452]]}},{"type":"Feature","properties":{"grade":"grade3"},"geometry":{"type":"LineString","coordinates":[[-4.78622,33.35374],[-4.78676,33.35354],[-4.78772,33.35274],[-4.78764,33.35157],[-4.78707,33.34987],[-4.78613,33.34872],[-4.78565,33.34852],[-4.78485,33.34774],[-4.78477,33.3472],[-4.78534,33.34688],[-4.78525,33.34587],[-4.7836,33.34499],[-4.78181,33.34494],[-4.78145,33.34506],[-4.78119,33.34542],[-4.78085,33.34507],[-4.77957,33.34485],[-4.77914,33.34509],[-4.77824,33.34449],[-4.77768,33.34452],[-4.77763,33.34424],[-4.77792,33.34408],[-4.778,33.34309],[-4.77778,33.34282],[-4.77687,33.34243],[-4.77581,33.3417],[-4.77604,33.34134],[-4.77626,33.33936],[-4.77669,33.33902],[-4.77708,33.33894],[-4.77732,33.33946]]}},{"type":"Feature","properties":{"grade":"grade3"},"geometry":{"type":"LineString","coordinates":[[-4.7785,33.33761],[-4.77828,33.33742],[-4.77747,33.33749],[-4.7758,33.33583],[-4.7752,33.3348],[-4.77514,33.3339],[-4.77424,33.33168],[-4.77417,33.33016],[-4.77433,33.3294],[-4.77477,33.3286],[-4.77442,33.32646],[-4.77438,33.32411],[-4.77456,33.32302],[-4.77402,33.32219],[-4.77424,33.32191],[-4.77392,33.32093]]}},{"type":"Feature","properties":{"grade":"grade3"},"geometry":{"type":"LineString","coordinates":[[-4.77732,33.33946],[-4.77771,33.33936],[-4.77796,33.33869],[-4.77856,33.33837],[-4.77865,33.33809],[-4.7785,33.33761]]}},{"type":"Feature","properties":{"grade":"grade4"},"geometry":{"type":"LineString","coordinates":[[-5.74449,33.31634],[-5.74435,33.31684],[-5.74364,33.3177],[-5.74315,33.31872],[-5.74285,33.31985],[-5.74278,33.32124],[-5.74252,33.32193],[-5.74257,33.3224],[-5.74072,33.32608],[-5.74036,33.3285]]}},{"type":"Feature","properties":{"grade":"grade5"},"geometry":{"type":"LineString","coordinates":[[-4.84505,33.24254],[-4.84477,33.24232],[-4.84469,33.2419],[-4.84617,33.23999],[-4.84704,33.23775],[-4.84743,33.23747],[-4.84866,33.23715],[-4.84914,33.23666],[-4.84985,33.23646],[-4.85021,33.23609],[-4.85042,33.23605],[-4.85058,33.23635],[-4.85102,33.23648],[-4.85071,33.23681],[-4.85087,33.23739],[-4.85077,33.23762],[-4.85008,33.23771],[-4.85,33.23849],[-4.84892,33.23998],[-4.84908,33.2404],[-4.84987,33.24036],[-4.84992,33.24049],[-4.84959,33.24087],[-4.84962,33.24121],[-4.84944,33.2415],[-4.84885,33.24155],[-4.84819,33.24198],[-4.84795,33.24269],[-4.84687,33.24425],[-4.84705,33.24504],[-4.84548,33.24462],[-4.84503,33.24466],[-4.84448,33.24662],[-4.84343,33.24857],[-4.84308,33.24893]]}},{"type":"Feature","properties":{"grade":"grade5"},"geometry":{"type":"LineString","coordinates":[[-4.84269,33.24306],[-4.83978,33.24579],[-4.83925,33.24597],[-4.83678,33.24768]]}},{"type":"Feature","properties":{"grade":"grade4"},"geometry":{"type":"LineString","coordinates":[[-4.83678,33.24768],[-4.83589,33.24896],[-4.83461,33.2493],[-4.83351,33.25145],[-4.8316,33.25302],[-4.82911,33.25453],[-4.82781,33.25466],[-4.82712,33.25511],[-4.826,33.25527],[-4.82517,33.25588],[-4.82333,33.26237],[-4.8226,33.26354],[-4.82151,33.26432],[-4.82049,33.26572],[-4.81917,33.2669],[-4.81827,33.26841],[-4.81404,33.27264],[-4.81259,33.2746],[-4.81158,33.27541],[-4.80953,33.27747],[-4.80693,33.27866],[-4.80461,33.281],[-4.80345,33.28196],[-4.8028,33.28295],[-4.80284,33.28377],[-4.80326,33.28439],[-4.803,33.28503]]}},{"type":"Feature","properties":{},"geometry":{"type":"LineString","coordinates":[[-4.78133,33.2685],[-4.78089,33.26932],[-4.77999,33.26977],[-4.77998,33.2709],[-4.77961,33.27101],[-4.77913,33.27157],[-4.77597,33.27135],[-4.7751,33.27173],[-4.77447,33.27175]]}},{"type":"Feature","properties":{"grade":"grade5"},"geometry":{"type":"LineString","coordinates":[[-4.78562,33.27],[-4.78597,33.27057],[-4.78692,33.27099],[-4.78773,33.27204],[-4.78809,33.27217],[-4.78861,33.27212],[-4.7902,33.27093],[-4.79084,33.27075]]}},{"type":"Feature","properties":{},"geometry":{"type":"LineString","coordinates":[[-4.76806,33.26688],[-4.76576,33.26631],[-4.76469,33.26631]]}},{"type":"Feature","properties":{},"geometry":{"type":"LineString","coordinates":[[-4.80408,33.25659],[-4.80307,33.25709],[-4.8021,33.25821],[-4.80056,33.25909],[-4.79676,33.2625],[-4.79524,33.26345],[-4.79261,33.26555],[-4.79068,33.26685],[-4.78494,33.26846],[-4.78264,33.2687],[-4.78133,33.2685]]}},{"type":"Feature","properties":{"grade":"grade5"},"geometry":{"type":"LineString","coordinates":[[-4.78336,33.2712],[-4.7806,33.271],[-4.77971,33.27119],[-4.77927,33.27146]]}},{"type":"Feature","properties":{},"geometry":{"type":"LineString","coordinates":[[-4.77779,33.26809],[-4.77663,33.26806],[-4.77571,33.26778],[-4.77341,33.26801],[-4.77253,33.26782],[-4.77251,33.26748],[-4.77189,33.2677],[-4.76806,33.26688]]}},{"type":"Feature","properties":{"grade":"grade4"},"geometry":{"type":"LineString","coordinates":[[-4.80408,33.25659],[-4.80524,33.25605],[-4.80576,33.25538],[-4.80677,33.25469],[-4.80813,33.25306],[-4.80917,33.25246],[-4.80962,33.25161],[-4.81012,33.25143],[-4.8103,33.2511],[-4.81292,33.24928]]}},{"type":"Feature","properties":{},"geometry":{"type":"LineString","coordinates":[[-4.78133,33.2685],[-4.78051,33.26819],[-4.77927,33.268],[-4.77779,33.26809]]}},{"type":"Feature","properties":{"grade":"grade5"},"geometry":{"type":"LineString","coordinates":[[-4.9384,33.15171],[-4.93693,33.15492],[-4.93453,33.15717],[-4.93258,33.15982],[-4.9291,33.16359],[-4.92874,33.16424],[-4.92847,33.16545],[-4.92769,33.16612],[-4.92779,33.16634],[-4.92821,33.16636],[-4.92892,33.1668],[-4.92895,33.1675],[-4.92937,33.16847],[-4.92903,33.17302],[-4.92887,33.17365],[-4.92845,33.17409],[-4.92758,33.17555],[-4.92755,33.17725],[-4.92735,33.1782],[-4.92598,33.18052],[-4.9234,33.1811],[-4.92226,33.18076],[-4.91992,33.18091],[-4.91905,33.18061],[-4.9177,33.18088],[-4.91655,33.18072],[-4.91483,33.1815],[-4.9139,33.18169],[-4.91354,33.18137],[-4.91332,33.18012],[-4.91293,33.17976],[-4.91202,33.17959],[-4.9104,33.17978],[-4.90957,33.17931],[-4.90804,33.17884],[-4.90758,33.17875],[-4.90706,33.17887]]}},{"type":"Feature","properties":{"grade":"grade5"},"geometry":{"type":"LineString","coordinates":[[-4.9191,33.12738],[-4.91753,33.12806],[-4.91645,33.12801],[-4.91418,33.12678],[-4.91334,33.12658],[-4.91161,33.12583],[-4.90908,33.1257],[-4.90836,33.12591],[-4.90495,33.1262],[-4.90264,33.12703],[-4.8995,33.12847]]}},{"type":"Feature","properties":{"grade":"grade5"},"geometry":{"type":"LineString","coordinates":[[-4.93851,33.14495],[-4.93892,33.14521],[-4.93995,33.14643]]}},{"type":"Feature","properties":{"grade":"grade4"},"geometry":{"type":"LineString","coordinates":[[-4.9191,33.12738],[-4.92369,33.12286],[-4.92456,33.12175]]}},{"type":"Feature","properties":{"grade":"grade3"},"geometry":{"type":"LineString","coordinates":[[-4.91506,33.13195],[-4.91597,33.1307],[-4.91662,33.12946],[-4.91835,33.12841],[-4.9191,33.12738]]}},{"type":"Feature","properties":{"grade":"grade2"},"geometry":{"type":"LineString","coordinates":[[-4.93851,33.14495],[-4.9352,33.14349],[-4.91628,33.13744],[-4.91454,33.1366],[-4.91417,33.13602],[-4.91399,33.134],[-4.91506,33.13195]]}},{"type":"Feature","properties":{"grade":"grade5"},"geometry":{"type":"LineString","coordinates":[[-4.8995,33.12847],[-4.89862,33.12889],[-4.89701,33.13022],[-4.89514,33.13073],[-4.89106,33.13232],[-4.88617,33.13341],[-4.88413,33.1354],[-4.88372,33.13778],[-4.88294,33.1384],[-4.88365,33.141],[-4.88348,33.14132],[-4.88351,33.14253],[-4.88318,33.14384],[-4.88292,33.14412],[-4.88134,33.14443],[-4.87816,33.14472]]}},{"type":"Feature","properties":{"grade":"grade5"},"geometry":{"type":"LineString","coordinates":[[-4.88178,33.13123],[-4.88067,33.13116],[-4.87972,33.13136],[-4.87803,33.13037]]}},{"type":"Feature","properties":{"grade":"grade5"},"geometry":{"type":"LineString","coordinates":[[-4.86186,33.1435],[-4.86138,33.14177],[-4.86231,33.14157],[-4.86241,33.14055],[-4.8621,33.13961],[-4.86223,33.13927],[-4.86311,33.13898],[-4.86354,33.13866],[-4.86496,33.13827],[-4.86508,33.13811],[-4.86498,33.13774],[-4.86578,33.13765],[-4.86813,33.13682],[-4.8693,33.13672],[-4.87024,33.13699],[-4.87026,33.13663],[-4.86959,33.13601],[-4.86959,33.13513],[-4.86852,33.13386],[-4.86989,33.13073],[-4.87045,33.13027],[-4.86689,33.12843],[-4.86584,33.12732],[-4.86353,33.1263],[-4.86271,33.12604],[-4.85993,33.12602],[-4.8595,33.12587],[-4.85884,33.12505],[-4.85877,33.12421],[-4.85816,33.12291]]}},{"type":"Feature","properties":{"grade":"grade5"},"geometry":{"type":"LineString","coordinates":[[-4.89357,33.0933],[-4.89181,33.0952],[-4.89171,33.09602],[-4.89078,33.09739],[-4.89073,33.09759],[-4.89096,33.09788],[-4.89171,33.09784]]}},{"type":"Feature","properties":{"grade":"grade2"},"geometry":{"type":"LineString","coordinates":[[-4.93313,33.11605],[-4.93242,33.11613],[-4.93109,33.1166],[-4.92591,33.11969],[-4.92456,33.12175]]}},{"type":"Feature","properties":{"grade":"grade2"},"geometry":{"type":"LineString","coordinates":[[-4.94331,33.11084],[-4.94087,33.11272],[-4.93405,33.11662]]}},{"type":"Feature","properties":{},"geometry":{"type":"LineString","coordinates":[[-4.73642,33.10858],[-4.7336,33.10674],[-4.7317,33.10662],[-4.72895,33.10768],[-4.72866,33.10815],[-4.72815,33.10826],[-4.72715,33.10903],[-4.72138,33.11093],[-4.71772,33.11176],[-4.7159,33.1116],[-4.7098,33.10886]]}},{"type":"Feature","properties":{"grade":"grade5"},"geometry":{"type":"LineString","coordinates":[[-4.87422,33.13068],[-4.87348,33.13034],[-4.87172,33.13019],[-4.86937,33.12967]]}},{"type":"Feature","properties":{"grade":"grade5"},"geometry":{"type":"LineString","coordinates":[[-4.8995,33.12847],[-4.89894,33.1285],[-4.89751,33.12905],[-4.8957,33.12896],[-4.89457,33.12913],[-4.893,33.1289],[-4.89146,33.12949],[-4.88663,33.13078],[-4.88544,33.13091],[-4.87388,33.13007],[-4.87295,33.1303]]}},{"type":"Feature","properties":{"grade":"grade3"},"geometry":{"type":"LineString","coordinates":[[-4.81275,33.10383],[-4.81306,33.1048],[-4.81278,33.10573],[-4.81306,33.10626],[-4.81298,33.10681],[-4.81351,33.10787]]}},{"type":"Feature","properties":{"grade":"grade5"},"geometry":{"type":"LineString","coordinates":[[-4.81144,33.08231],[-4.80975,33.08336],[-4.80886,33.08415],[-4.80701,33.08679],[-4.80588,33.08764],[-4.79876,33.08878],[-4.79808,33.08963],[-4.79681,33.09018],[-4.7959,33.09132],[-4.7952,33.09193]]}},{"type":"Feature","properties":{"grade":"grade5"},"geometry":{"type":"LineString","coordinates":[[-4.81351,33.10787],[-4.8132,33.10798],[-4.81129,33.10788],[-4.81077,33.10816],[-4.81077,33.10841],[-4.81051,33.1087],[-4.80951,33.10892],[-4.8091,33.10953],[-4.80784,33.11001],[-4.80745,33.11049]]}},{"type":"Feature","properties":{"grade":"grade2"},"geometry":{"type":"LineString","coordinates":[[-4.81144,33.08231],[-4.81143,33.08295],[-4.81106,33.08413],[-4.8117,33.08924],[-4.81168,33.09032],[-4.81098,33.0914],[-4.81094,33.09172],[-4.81108,33.09296],[-4.81178,33.09369],[-4.81153,33.09445],[-4.8119,33.09846],[-4.81172,33.09881],[-4.81179,33.09914],[-4.8116,33.09988],[-4.81177,33.10044],[-4.81147,33.10107],[-4.81252,33.10299],[-4.81275,33.10383]]}},{"type":"Feature","properties":{"grade":"grade4"},"geometry":{"type":"LineString","coordinates":[[-4.77616,33.04658],[-4.77703,33.04872],[-4.77719,33.05007],[-4.77776,33.05147],[-4.77801,33.0516],[-4.77838,33.05148],[-4.77867,33.05165],[-4.77961,33.05282],[-4.78022,33.05427],[-4.78092,33.055],[-4.78296,33.05625],[-4.78412,33.05733],[-4.78594,33.05761],[-4.78862,33.05731],[-4.79015,33.05556],[-4.7909,33.05535],[-4.79122,33.055],[-4.79177,33.0549],[-4.7918,33.05436],[-4.79214,33.05391],[-4.79363,33.05282],[-4.79634,33.05298],[-4.79736,33.05252],[-4.79769,33.05254],[-4.79844,33.05304],[-4.79887,33.05368],[-4.79911,33.05377]]}},{"type":"Feature","properties":{"grade":"grade5"},"geometry":{"type":"LineString","coordinates":[[-4.81629,33.07479],[-4.81922,33.07631],[-4.82323,33.07796],[-4.82293,33.07727],[-4.82304,33.07664],[-4.82382,33.07588],[-4.82511,33.07407]]}},{"type":"Feature","properties":{"grade":"grade4"},"geometry":{"type":"LineString","coordinates":[[-4.82599,33.07227],[-4.82558,33.07309],[-4.82558,33.07377],[-4.82501,33.07411]]}},{"type":"Feature","properties":{"grade":"grade5"},"geometry":{"type":"LineString","coordinates":[[-4.82501,33.07411],[-4.823,33.0745],[-4.8196,33.07606],[-4.81783,33.07705],[-4.8157,33.07748],[-4.81473,33.07812],[-4.81326,33.07997],[-4.8124,33.08145],[-4.81144,33.08231]]}},{"type":"Feature","properties":{"grade":"grade5"},"geometry":{"type":"LineString","coordinates":[[-4.79911,33.05377],[-4.80129,33.05378],[-4.8039,33.05338],[-4.80504,33.05351],[-4.80626,33.05396],[-4.8077,33.05426],[-4.81028,33.05541],[-4.8107,33.05541],[-4.81718,33.05717],[-4.82299,33.05891],[-4.8248,33.06041],[-4.82514,33.06112],[-4.82603,33.06198],[-4.82642,33.06285],[-4.8272,33.06324],[-4.82696,33.06661],[-4.82679,33.06722],[-4.82712,33.06873],[-4.82651,33.06986],[-4.8262,33.07131],[-4.82637,33.07176],[-4.82599,33.07227]]}},{"type":"Feature","properties":{"grade":"grade5"},"geometry":{"type":"LineString","coordinates":[[-4.88847,33.06937],[-4.886,33.0688],[-4.88327,33.06772],[-4.88265,33.06763],[-4.88153,33.06792],[-4.87542,33.06254],[-4.87435,33.06177],[-4.87244,33.06101],[-4.86521,33.05959],[-4.86232,33.05875],[-4.85954,33.05921],[-4.85243,33.05914],[-4.8514,33.05932]]}},{"type":"Feature","properties":{"grade":"grade5"},"geometry":{"type":"LineString","coordinates":[[-4.83449,33.06244],[-4.83456,33.06297],[-4.83405,33.06475],[-4.83351,33.06761],[-4.83358,33.06856],[-4.83293,33.07115]]}},{"type":"Feature","properties":{"grade":"grade5"},"geometry":{"type":"LineString","coordinates":[[-4.83014,33.05968],[-4.82873,33.05895],[-4.82675,33.05821],[-4.82581,33.05813],[-4.82298,33.05847],[-4.82125,33.05841]]}},{"type":"Feature","properties":{"grade":"grade5"},"geometry":{"type":"LineString","coordinates":[[-4.8514,33.05932],[-4.84851,33.06148],[-4.84696,33.06153],[-4.84609,33.06187],[-4.84112,33.06232],[-4.83558,33.06195],[-4.83488,33.06213],[-4.83438,33.06252],[-4.83387,33.06259],[-4.83349,33.06243],[-4.8315,33.06065],[-4.83014,33.05968]]}},{"type":"Feature","properties":{},"geometry":{"type":"LineString","coordinates":[[-5.18394,33.22856],[-5.18413,33.22791],[-5.18374,33.2267],[-5.18471,33.22506],[-5.18453,33.22475],[-5.18371,33.22455],[-5.18249,33.22517],[-5.1812,33.22542],[-5.17836,33.22664],[-5.17721,33.22747],[-5.17503,33.22855],[-5.17446,33.22948],[-5.17374,33.22981],[-5.172,33.23127],[-5.17108,33.23158],[-5.16943,33.23311],[-5.16836,33.2338],[-5.16758,33.23397],[-5.16608,33.2339],[-5.16538,33.23427],[-5.16483,33.23412],[-5.16574,33.23154],[-5.16573,33.23121],[-5.1666,33.22958],[-5.16661,33.22919],[-5.16745,33.22818],[-5.16943,33.22385],[-5.17052,33.2223],[-5.17145,33.22005],[-5.17263,33.21849],[-5.17492,33.21636],[-5.17583,33.21453],[-5.17585,33.21372]]}},{"type":"Feature","properties":{},"geometry":{"type":"LineString","coordinates":[[-5.1962,33.1995],[-5.19314,33.20243],[-5.18977,33.20508],[-5.18368,33.20927],[-5.17853,33.2131],[-5.17719,33.2138],[-5.17585,33.21372]]}},{"type":"Feature","properties":{},"geometry":{"type":"LineString","coordinates":[[-5.17585,33.21372],[-5.16945,33.21183],[-5.16656,33.21062],[-5.16393,33.20973],[-5.1614,33.2091],[-5.15954,33.20811],[-5.15738,33.20797]]}},{"type":"Feature","properties":{},"geometry":{"type":"LineString","coordinates":[[-5.21376,33.23711],[-5.21357,33.23673],[-5.2136,33.23566],[-5.21401,33.23515],[-5.21358,33.23356],[-5.21304,33.2331],[-5.2126,33.23173],[-5.2132,33.2308],[-5.21375,33.2305],[-5.21384,33.2303],[-5.21366,33.22943],[-5.21386,33.22889],[-5.21483,33.22845],[-5.21546,33.22781],[-5.21688,33.22711],[-5.21735,33.22658],[-5.21831,33.22596],[-5.22154,33.22426],[-5.22343,33.22346],[-5.22672,33.22158],[-5.22772,33.22025],[-5.2282,33.21897],[-5.22872,33.21844],[-5.22913,33.2176],[-5.23073,33.21632],[-5.23208,33.21572],[-5.2328,33.21478],[-5.23372,33.21421],[-5.23459,33.21255],[-5.23553,33.21171],[-5.23557,33.21095],[-5.23594,33.21007],[-5.23635,33.20949],[-5.23768,33.20832],[-5.23836,33.20814],[-5.24018,33.20968],[-5.2405,33.21032],[-5.24143,33.21076],[-5.24198,33.21062],[-5.24305,33.20927],[-5.24363,33.20904],[-5.24446,33.20801],[-5.24477,33.20708],[-5.24537,33.2068],[-5.24639,33.20575],[-5.24799,33.20548],[-5.24898,33.20454],[-5.25001,33.2041],[-5.25045,33.20343],[-5.25162,33.20248],[-5.25285,33.20186],[-5.25391,33.20053],[-5.25405,33.19986],[-5.25496,33.19915],[-5.2555,33.19897],[-5.25624,33.19823],[-5.25681,33.19735]]}},{"type":"Feature","properties":{},"geometry":{"type":"LineString","coordinates":[[-5.21633,33.23808],[-5.21151,33.23626],[-5.21009,33.2343],[-5.20842,33.23308],[-5.20722,33.23254],[-5.20503,33.23287],[-5.20336,33.23282],[-5.20169,33.23229],[-5.20082,33.23249],[-5.19909,33.23229],[-5.19673,33.23385],[-5.19517,33.23403],[-5.19346,33.23513],[-5.19247,33.2352],[-5.19205,33.23493],[-5.19219,33.23325],[-5.192,33.23277],[-5.18939,33.23159],[-5.18769,33.23163],[-5.18641,33.23147],[-5.18391,33.22939],[-5.18377,33.22904],[-5.18394,33.22856]]}},{"type":"Feature","properties":{},"geometry":{"type":"LineString","coordinates":[[-5.26148,33.1997],[-5.26097,33.20042],[-5.26118,33.20121]]}},{"type":"Feature","properties":{},"geometry":{"type":"LineString","coordinates":[[-5.2443,33.17543],[-5.24372,33.17459],[-5.24422,33.17402],[-5.24436,33.17273],[-5.24532,33.17218]]}},{"type":"Feature","properties":{},"geometry":{"type":"LineString","coordinates":[[-5.28076,33.14189],[-5.27939,33.1435],[-5.27659,33.14532],[-5.27447,33.14838],[-5.27289,33.15125],[-5.27217,33.15166],[-5.27118,33.15281],[-5.27004,33.15351],[-5.26934,33.15494],[-5.26891,33.1551],[-5.26783,33.15636],[-5.26694,33.15696],[-5.26561,33.15727],[-5.26481,33.15789],[-5.26183,33.15959],[-5.2613,33.15971],[-5.25951,33.15966],[-5.25812,33.15998],[-5.25387,33.16297],[-5.25038,33.16678],[-5.24892,33.16999],[-5.24779,33.17048],[-5.24776,33.17103],[-5.24756,33.1712],[-5.2455,33.17215],[-5.244,33.17239],[-5.24325,33.17218],[-5.24321,33.17128],[-5.2429,33.17088],[-5.24266,33.17085],[-5.2408,33.17188],[-5.2357,33.16753]]}},{"type":"Feature","properties":{},"geometry":{"type":"LineString","coordinates":[[-5.31074,33.14398],[-5.31059,33.14454],[-5.31069,33.14501],[-5.31039,33.1462]]}},{"type":"Feature","properties":{},"geometry":{"type":"LineString","coordinates":[[-5.26891,33.1551],[-5.2692,33.15487],[-5.26992,33.15367]]}},{"type":"Feature","properties":{},"geometry":{"type":"LineString","coordinates":[[-5.33575,33.04453],[-5.33585,33.04521],[-5.33648,33.04598],[-5.33647,33.04636],[-5.33631,33.04651],[-5.33526,33.04644],[-5.33503,33.04665],[-5.33248,33.0475],[-5.33208,33.04777],[-5.33165,33.0486],[-5.33061,33.04822],[-5.33005,33.0478],[-5.32949,33.04782],[-5.329,33.04828],[-5.32517,33.04983],[-5.32405,33.05013],[-5.32013,33.05303],[-5.31923,33.05304],[-5.3167,33.05347],[-5.31619,33.05341]]}},{"type":"Feature","properties":{},"geometry":{"type":"LineString","coordinates":[[-5.30972,33.04764],[-5.30882,33.04673],[-5.30885,33.04656],[-5.30966,33.04692],[-5.3098,33.04643],[-5.30996,33.04636],[-5.31099,33.04642],[-5.31246,33.04616],[-5.31309,33.04624],[-5.31399,33.04672],[-5.31419,33.04669],[-5.31407,33.0464],[-5.31355,33.046],[-5.31243,33.04544],[-5.31054,33.04511],[-5.30952,33.04456],[-5.30945,33.04437],[-5.30973,33.04412],[-5.31249,33.04348],[-5.31306,33.04309],[-5.3134,33.04232],[-5.31316,33.04173],[-5.31321,33.04133],[-5.31495,33.03934],[-5.31521,33.03918],[-5.31597,33.03912],[-5.31703,33.03837],[-5.31886,33.0378],[-5.32352,33.03579],[-5.32488,33.03588],[-5.32618,33.03565],[-5.32715,33.03582]]}},{"type":"Feature","properties":{},"geometry":{"type":"LineString","coordinates":[[-5.2538,33.04271],[-5.25321,33.04361],[-5.25305,33.04473],[-5.25249,33.04633],[-5.25197,33.04701],[-5.2511,33.04748],[-5.24964,33.04769],[-5.24812,33.04897],[-5.2472,33.04998],[-5.24497,33.05067],[-5.24231,33.05206],[-5.24067,33.05367],[-5.23923,33.05389],[-5.23838,33.05426],[-5.23633,33.05438]]}},{"type":"Feature","properties":{},"geometry":{"type":"LineString","coordinates":[[-5.25226,33.04679],[-5.25371,33.04601],[-5.25799,33.04467],[-5.25914,33.04441],[-5.26077,33.04446]]}},{"type":"Feature","properties":{},"geometry":{"type":"LineString","coordinates":[[-5.24294,33.11149],[-5.24352,33.11191],[-5.24401,33.1129],[-5.24418,33.11295],[-5.24438,33.11197],[-5.2466,33.10854],[-5.24672,33.1069],[-5.24716,33.10553],[-5.24748,33.10519]]}},{"type":"Feature","properties":{},"geometry":{"type":"LineString","coordinates":[[-5.10612,33.03277],[-5.10636,33.0328],[-5.10733,33.03215],[-5.10821,33.03211],[-5.10884,33.03264],[-5.10927,33.03351],[-5.11119,33.03278],[-5.11208,33.0334],[-5.11405,33.03232],[-5.11456,33.03264],[-5.11442,33.03332],[-5.11458,33.03378]]}},{"type":"Feature","properties":{},"geometry":{"type":"LineString","coordinates":[[-5.1092,33.04553],[-5.11003,33.04642],[-5.11013,33.0469],[-5.10956,33.0473],[-5.10935,33.04792],[-5.1094,33.04859],[-5.10895,33.04923]]}},{"type":"Feature","properties":{},"geometry":{"type":"LineString","coordinates":[[-5.10235,33.03339],[-5.10301,33.03274],[-5.1038,33.03242],[-5.10546,33.03125],[-5.10565,33.03146],[-5.10537,33.03178],[-5.1054,33.03194],[-5.10618,33.03172],[-5.10635,33.03182],[-5.10595,33.03329],[-5.10552,33.03401],[-5.10567,33.03577],[-5.10494,33.03694],[-5.10474,33.03761],[-5.10485,33.03908],[-5.10532,33.04014],[-5.10629,33.04071],[-5.10738,33.04178],[-5.10816,33.04342]]}},{"type":"Feature","properties":{},"geometry":{"type":"LineString","coordinates":[[-5.15982,33.06378],[-5.161,33.06421],[-5.16236,33.06518],[-5.1663,33.06719],[-5.16682,33.06794],[-5.1674,33.0682],[-5.16779,33.06859],[-5.16801,33.069],[-5.16784,33.06937]]}},{"type":"Feature","properties":{},"geometry":{"type":"LineString","coordinates":[[-5.14129,33.1094],[-5.14142,33.10971],[-5.14179,33.1097],[-5.14238,33.10888],[-5.14205,33.10799],[-5.14215,33.10792],[-5.14285,33.10819],[-5.14375,33.10922],[-5.14406,33.1108],[-5.14402,33.11157],[-5.14377,33.11186],[-5.1427,33.11235],[-5.14221,33.11303],[-5.13902,33.11372],[-5.13838,33.11361],[-5.13766,33.11323],[-5.13498,33.11438],[-5.13415,33.11492],[-5.13155,33.11512],[-5.12942,33.11683],[-5.12753,33.11694],[-5.12715,33.11668],[-5.12806,33.11545],[-5.12822,33.11499],[-5.12797,33.11479],[-5.12712,33.11492],[-5.12767,33.11392],[-5.12717,33.11371],[-5.12752,33.11277],[-5.12745,33.11259],[-5.12707,33.11242],[-5.12585,33.11102],[-5.12499,33.11077],[-5.12432,33.11024],[-5.12335,33.10931],[-5.12286,33.10848],[-5.12118,33.10799],[-5.12035,33.10737],[-5.11986,33.10672],[-5.11829,33.10596],[-5.11716,33.10571]]}},{"type":"Feature","properties":{},"geometry":{"type":"LineString","coordinates":[[-5.16784,33.06937],[-5.16851,33.069],[-5.16999,33.06861],[-5.17092,33.06791],[-5.17189,33.06751],[-5.17292,33.06743],[-5.17404,33.06773],[-5.17484,33.06762],[-5.17486,33.06724],[-5.17565,33.06618],[-5.17543,33.06494],[-5.17556,33.06444],[-5.17546,33.06413]]}},{"type":"Feature","properties":{},"geometry":{"type":"LineString","coordinates":[[-5.42049,32.99785],[-5.41852,32.998],[-5.41568,32.99725],[-5.41428,32.99749],[-5.41352,32.99782],[-5.41151,32.99929],[-5.41093,33.00008],[-5.40692,33.00306],[-5.40603,33.00426],[-5.40546,33.00562]]}},{"type":"Feature","properties":{},"geometry":{"type":"LineString","coordinates":[[-5.71396,33.40142],[-5.7141,33.40236],[-5.71568,33.40216],[-5.71606,33.40176],[-5.71665,33.40149],[-5.71708,33.40089]]}},{"type":"Feature","properties":{"grade":"grade2"},"geometry":{"type":"LineString","coordinates":[[-5.77248,33.32811],[-5.77009,33.32829],[-5.7673,33.33013],[-5.76536,33.33104],[-5.76294,33.3318],[-5.75843,33.3345],[-5.75801,33.33499],[-5.75655,33.336],[-5.75615,33.33668],[-5.75467,33.33769],[-5.75348,33.33818],[-5.75132,33.33875],[-5.75044,33.33948],[-5.74843,33.34056],[-5.74809,33.34096],[-5.74707,33.34158]]}},{"type":"Feature","properties":{"grade":"grade3"},"geometry":{"type":"LineString","coordinates":[[-5.76577,33.28009],[-5.76443,33.2801],[-5.76405,33.27981],[-5.76292,33.27975],[-5.76154,33.27944],[-5.7598,33.28096],[-5.75917,33.28132],[-5.75837,33.2814],[-5.75775,33.28167],[-5.75697,33.28149],[-5.75493,33.28169],[-5.75392,33.28137],[-5.75247,33.28157],[-5.75051,33.28146],[-5.74998,33.28165],[-5.74903,33.28129],[-5.74749,33.28113],[-5.74659,33.28075],[-5.74499,33.28107],[-5.74327,33.28034],[-5.7427,33.28034],[-5.74236,33.28057],[-5.74098,33.28041],[-5.73955,33.27957],[-5.73885,33.28006],[-5.73653,33.2804],[-5.73591,33.28071],[-5.73512,33.28069],[-5.73468,33.28091],[-5.73355,33.28062],[-5.73266,33.28068],[-5.73096,33.27957],[-5.72977,33.27927],[-5.72801,33.27814],[-5.72482,33.27533],[-5.72377,33.27473],[-5.72313,33.27407],[-5.72286,33.27322],[-5.7209,33.27205],[-5.71903,33.27001],[-5.71767,33.27002],[-5.71539,33.27056],[-5.71434,33.27091],[-5.7135,33.2716],[-5.7123,33.27092],[-5.71025,33.27051],[-5.70937,33.27045],[-5.7089,33.27071],[-5.70856,33.27063],[-5.70649,33.27092],[-5.70411,33.27015],[-5.7029,33.27053],[-5.702,33.27025],[-5.70086,33.27041],[-5.69905,33.27122],[-5.69677,33.27335],[-5.6947,33.27564]]}},{"type":"Feature","properties":{"grade":"grade4"},"geometry":{"type":"LineString","coordinates":[[-5.74907,33.33399],[-5.74864,33.33406],[-5.74789,33.33389],[-5.74707,33.33327],[-5.74728,33.33275],[-5.74702,33.33228],[-5.74516,33.33155],[-5.74377,33.3303],[-5.74243,33.32963],[-5.74115,33.32871],[-5.74036,33.32862]]}},{"type":"Feature","properties":{"grade":"grade4"},"geometry":{"type":"LineString","coordinates":[[-5.74562,33.26599],[-5.74618,33.26366],[-5.74665,33.263],[-5.74706,33.26284],[-5.7478,33.26203],[-5.74832,33.26178],[-5.7492,33.26098],[-5.75111,33.26029],[-5.75151,33.26029]]}},{"type":"Feature","properties":{"grade":"grade4"},"geometry":{"type":"LineString","coordinates":[[-5.7264,33.27669],[-5.72793,33.27717],[-5.72906,33.27723],[-5.73043,33.27586],[-5.73066,33.27473],[-5.73161,33.27446],[-5.73256,33.27492],[-5.73328,33.27458],[-5.73505,33.27422],[-5.73648,33.27323],[-5.7395,33.27046],[-5.73988,33.26986],[-5.74048,33.2699],[-5.74214,33.26954],[-5.74288,33.27061],[-5.74428,33.27179]]}},{"type":"Feature","properties":{"grade":"grade2"},"geometry":{"type":"LineString","coordinates":[[-5.72416,33.20361],[-5.72393,33.20264],[-5.7243,33.20162],[-5.72424,33.20093],[-5.72505,33.1996],[-5.7258,33.1998],[-5.72625,33.20024],[-5.72912,33.20198],[-5.73053,33.20194],[-5.73149,33.20168],[-5.73407,33.20168],[-5.73587,33.20148],[-5.73823,33.20155],[-5.7429,33.20079],[-5.74918,33.20024],[-5.75093,33.2003],[-5.75151,33.20057],[-5.7554,33.20027],[-5.75585,33.2005],[-5.75651,33.20055],[-5.76041,33.19983],[-5.76149,33.19992],[-5.76323,33.19965],[-5.76554,33.19866],[-5.76928,33.19766],[-5.77039,33.19652]]}},{"type":"Feature","properties":{"grade":"grade4"},"geometry":{"type":"LineString","coordinates":[[-5.73267,33.20623],[-5.73314,33.20568],[-5.73364,33.20558],[-5.73402,33.20478],[-5.73309,33.20357],[-5.7334,33.20166]]}},{"type":"Feature","properties":{"grade":"grade2"},"geometry":{"type":"LineString","coordinates":[[-5.68768,33.05699],[-5.68623,33.05777],[-5.68575,33.05823],[-5.68446,33.05843],[-5.68341,33.0588],[-5.68215,33.05905],[-5.681,33.0589],[-5.67888,33.05906]]}},{"type":"Feature","properties":{"grade":"grade3"},"geometry":{"type":"LineString","coordinates":[[-5.67888,33.05906],[-5.67718,33.05892],[-5.67675,33.05908],[-5.67504,33.05913],[-5.67469,33.05929],[-5.6729,33.0591],[-5.67204,33.05916],[-5.67047,33.05892],[-5.66979,33.05912],[-5.66906,33.05909],[-5.66672,33.0585],[-5.66606,33.05847],[-5.66454,33.05852],[-5.6627,33.05937]]}},{"type":"Feature","properties":{"grade":"grade4"},"geometry":{"type":"LineString","coordinates":[[-5.67134,33.04281],[-5.6732,33.04327],[-5.67405,33.04317],[-5.67502,33.04341],[-5.67667,33.04516],[-5.67754,33.04536],[-5.67888,33.04603],[-5.67942,33.046],[-5.6808,33.04634],[-5.68145,33.04692],[-5.6852,33.04718],[-5.68638,33.04771],[-5.68714,33.0472],[-5.68881,33.04785],[-5.68961,33.04771]]}},{"type":"Feature","properties":{"grade":"grade4"},"geometry":{"type":"LineString","coordinates":[[-5.66493,33.11285],[-5.66515,33.11182],[-5.66489,33.11127]]}},{"type":"Feature","properties":{"grade":"grade2"},"geometry":{"type":"LineString","coordinates":[[-5.72744,33.04023],[-5.72795,33.03983],[-5.72925,33.03992],[-5.73002,33.04022]]}},{"type":"Feature","properties":{"grade":"grade4"},"geometry":{"type":"LineString","coordinates":[[-5.67988,33.06513],[-5.681,33.06388],[-5.68216,33.06341],[-5.68211,33.06322],[-5.68101,33.06248],[-5.67973,33.06225],[-5.68011,33.06126],[-5.68012,33.06004],[-5.67979,33.05898]]}},{"type":"Feature","properties":{"grade":"grade4"},"geometry":{"type":"LineString","coordinates":[[-5.68716,33.04965],[-5.68804,33.04839],[-5.68884,33.04818],[-5.68947,33.04781]]}},{"type":"Feature","properties":{"grade":"grade3"},"geometry":{"type":"LineString","coordinates":[[-5.68903,33.07838],[-5.68822,33.0777],[-5.68821,33.07722],[-5.68748,33.07616],[-5.68754,33.07481],[-5.68652,33.0731],[-5.68594,33.07122],[-5.68602,33.07069],[-5.68478,33.06831],[-5.68484,33.06769],[-5.686,33.06617],[-5.68768,33.06487],[-5.68852,33.06361],[-5.68831,33.0625],[-5.68882,33.06022],[-5.68818,33.05868],[-5.68823,33.05803],[-5.68768,33.05699]]}},{"type":"Feature","properties":{"grade":"grade2"},"geometry":{"type":"LineString","coordinates":[[-5.72744,33.04023],[-5.72713,33.0406],[-5.72658,33.04085],[-5.72596,33.04173],[-5.72562,33.04262],[-5.72489,33.04345],[-5.72048,33.04565],[-5.71763,33.04741],[-5.71493,33.04874],[-5.71445,33.04873],[-5.71421,33.04852],[-5.71419,33.04827],[-5.71386,33.04838],[-5.71311,33.04929],[-5.71158,33.05022],[-5.71087,33.05022],[-5.7104,33.0507],[-5.70913,33.05062],[-5.70824,33.05074],[-5.70654,33.05126],[-5.70594,33.05102],[-5.70565,33.05144],[-5.7031,33.05312],[-5.70106,33.05426],[-5.69921,33.05492],[-5.69894,33.05542],[-5.69693,33.05603],[-5.69565,33.05704],[-5.69473,33.05755],[-5.69326,33.05768],[-5.69148,33.05701],[-5.68942,33.05656],[-5.68854,33.05667],[-5.68768,33.05699]]}},{"type":"Feature","properties":{"grade":"grade2"},"geometry":{"type":"LineString","coordinates":[[-5.72562,33.04262],[-5.72633,33.04237],[-5.72826,33.04122],[-5.72874,33.04066],[-5.73002,33.04022]]}},{"type":"Feature","properties":{"grade":"grade2"},"geometry":{"type":"LineString","coordinates":[[-5.66489,33.11127],[-5.65999,33.11321]]}},{"type":"Feature","properties":{"grade":"grade2"},"geometry":{"type":"LineString","coordinates":[[-5.73002,33.04022],[-5.73035,33.03992],[-5.73082,33.03877],[-5.73141,33.03648],[-5.73105,33.03432],[-5.73064,33.03338],[-5.73078,33.03292],[-5.73068,33.03186],[-5.7301,33.03099],[-5.7296,33.02973]]}},{"type":"Feature","properties":{"grade":"grade3"},"geometry":{"type":"LineString","coordinates":[[-5.68961,33.04771],[-5.69251,33.04708],[-5.6938,33.047],[-5.69476,33.0465],[-5.69491,33.04616],[-5.69569,33.04588],[-5.69668,33.04462],[-5.69744,33.04415],[-5.69929,33.04363],[-5.70234,33.04378],[-5.70322,33.04294],[-5.70369,33.04208],[-5.70561,33.04055],[-5.70601,33.04075],[-5.70742,33.04091],[-5.71012,33.04158],[-5.71209,33.0416],[-5.71391,33.04192],[-5.71546,33.04186],[-5.71631,33.042],[-5.71823,33.04159],[-5.71946,33.04067],[-5.71964,33.04034],[-5.72073,33.04079],[-5.7219,33.04092],[-5.7252,33.04044],[-5.72666,33.03982],[-5.72689,33.03988],[-5.72709,33.04018],[-5.72744,33.04023]]}},{"type":"Feature","properties":{"grade":"grade2"},"geometry":{"type":"LineString","coordinates":[[-5.6627,33.05937],[-5.66183,33.05924],[-5.66075,33.05889],[-5.6604,33.05858],[-5.65943,33.05837]]}},{"type":"Feature","properties":{"grade":"grade4"},"geometry":{"type":"LineString","coordinates":[[-5.66321,33.10965],[-5.66403,33.1103],[-5.66464,33.11127]]}},{"type":"Feature","properties":{"grade":"grade2"},"geometry":{"type":"LineString","coordinates":[[-5.65953,33.06548],[-5.66054,33.06662],[-5.66078,33.06758],[-5.66142,33.06756],[-5.66198,33.06687],[-5.66209,33.06636],[-5.66164,33.0656],[-5.66159,33.06469],[-5.66107,33.06407],[-5.66117,33.06342],[-5.66106,33.06203],[-5.66079,33.06161],[-5.66108,33.06094],[-5.66105,33.05985],[-5.66143,33.05946],[-5.66138,33.059]]}},{"type":"Feature","properties":{"grade":"grade3"},"geometry":{"type":"LineString","coordinates":[[-5.67997,33.12168],[-5.6806,33.12171],[-5.68187,33.12117],[-5.68465,33.12077],[-5.68695,33.12111],[-5.68843,33.12088]]}},{"type":"Feature","properties":{"grade":"grade3"},"geometry":{"type":"LineString","coordinates":[[-5.65656,33.1322],[-5.65462,33.13151],[-5.65364,33.13155],[-5.65284,33.13131],[-5.65194,33.13126],[-5.65102,33.13088]]}},{"type":"Feature","properties":{"grade":"grade2"},"geometry":{"type":"LineString","coordinates":[[-5.66567,33.12736],[-5.66523,33.12811],[-5.66462,33.1284],[-5.66242,33.12889],[-5.65945,33.12905],[-5.6585,33.12939]]}},{"type":"Feature","properties":{"grade":"grade2"},"geometry":{"type":"LineString","coordinates":[[-5.66889,33.13187],[-5.66951,33.13199],[-5.6707,33.13169],[-5.67309,33.13167],[-5.67466,33.13201],[-5.67539,33.13274],[-5.67798,33.13389],[-5.67893,33.13378],[-5.67958,33.13319],[-5.68076,33.13147],[-5.68121,33.13117],[-5.68256,33.12945],[-5.68252,33.12865],[-5.68269,33.12839],[-5.6851,33.12725],[-5.68701,33.12723],[-5.68737,33.12552],[-5.68851,33.12397],[-5.68872,33.12336],[-5.68874,33.12169],[-5.68843,33.12088],[-5.68995,33.1203],[-5.69054,33.1199],[-5.69072,33.11958],[-5.69265,33.11876]]}},{"type":"Feature","properties":{"grade":"grade4"},"geometry":{"type":"LineString","coordinates":[[-5.65474,33.13115],[-5.65535,33.13182]]}},{"type":"Feature","properties":{"grade":"grade3"},"geometry":{"type":"LineString","coordinates":[[-5.65472,33.13034],[-5.6547,33.13066],[-5.6544,33.13104],[-5.65474,33.13115]]}},{"type":"Feature","properties":{},"geometry":{"type":"LineString","coordinates":[[-5.71545,33.14797],[-5.71553,33.14765],[-5.71682,33.14591],[-5.71816,33.14336],[-5.71857,33.1413],[-5.71931,33.14071],[-5.72064,33.14019]]}},{"type":"Feature","properties":{"grade":"grade3"},"geometry":{"type":"LineString","coordinates":[[-5.74065,33.02948],[-5.74042,33.03011],[-5.73911,33.03155],[-5.73733,33.03231],[-5.73596,33.03313],[-5.73547,33.0336],[-5.73481,33.03388],[-5.73446,33.03451]]}},{"type":"Feature","properties":{"grade":"grade2"},"geometry":{"type":"LineString","coordinates":[[-5.65943,33.05837],[-5.65823,33.05809],[-5.65499,33.05796],[-5.65204,33.0595],[-5.65095,33.06026],[-5.65052,33.06033],[-5.64845,33.06137],[-5.64787,33.06183],[-5.64793,33.06138],[-5.64769,33.06102],[-5.6451,33.06042]]}},{"type":"Feature","properties":{"grade":"grade2"},"geometry":{"type":"LineString","coordinates":[[-5.65743,33.12977],[-5.65595,33.12998],[-5.65334,33.13086],[-5.6487,33.13099],[-5.64773,33.13149],[-5.64678,33.13138],[-5.64409,33.13168],[-5.64221,33.13225],[-5.64057,33.13255]]}},{"type":"Feature","properties":{"grade":"grade2"},"geometry":{"type":"LineString","coordinates":[[-5.75024,33.03289],[-5.74842,33.03369],[-5.74519,33.03409],[-5.74391,33.03453],[-5.74326,33.03502],[-5.74207,33.03537],[-5.74172,33.03529],[-5.74069,33.0365],[-5.7403,33.0374],[-5.73965,33.03781],[-5.73802,33.03951],[-5.73782,33.03998]]}},{"type":"Feature","properties":{"grade":"grade2"},"geometry":{"type":"LineString","coordinates":[[-5.66889,33.13187],[-5.66804,33.13136],[-5.66653,33.13102],[-5.6659,33.13068],[-5.6644,33.13026],[-5.66115,33.12991],[-5.6585,33.12939],[-5.65756,33.12972]]}},{"type":"Feature","properties":{"grade":"grade2"},"geometry":{"type":"LineString","coordinates":[[-5.65999,33.11321],[-5.65922,33.11357],[-5.65892,33.11399],[-5.65792,33.1143],[-5.65629,33.11613],[-5.65567,33.11642],[-5.65515,33.11695],[-5.65411,33.1172],[-5.65193,33.11897],[-5.65037,33.12062],[-5.64985,33.12179],[-5.64917,33.12266],[-5.64903,33.12307],[-5.64813,33.1241],[-5.64751,33.12524],[-5.64713,33.12543],[-5.64636,33.12659],[-5.64405,33.12833],[-5.64385,33.12889],[-5.64304,33.1296],[-5.64106,33.13217],[-5.63958,33.13317],[-5.63716,33.13446],[-5.6349,33.13623],[-5.63395,33.13673],[-5.6328,33.13708],[-5.63199,33.13758]]}},{"type":"Feature","properties":{"grade":"grade4"},"geometry":{"type":"LineString","coordinates":[[-5.66567,33.12736],[-5.66656,33.12622],[-5.66738,33.12582],[-5.66814,33.1252],[-5.66873,33.12503],[-5.67021,33.12385],[-5.67087,33.12308],[-5.6715,33.1227],[-5.67289,33.12241],[-5.67429,33.12179],[-5.67539,33.12188],[-5.67997,33.12168]]}},{"type":"Feature","properties":{"grade":"grade3"},"geometry":{"type":"LineString","coordinates":[[-5.68655,33.10567],[-5.6853,33.10628],[-5.68353,33.10586],[-5.68073,33.10689],[-5.67993,33.10742],[-5.6777,33.10802],[-5.67423,33.11149],[-5.67204,33.11406],[-5.67126,33.11532],[-5.6704,33.1162],[-5.66962,33.11656],[-5.66781,33.118],[-5.66743,33.11845],[-5.66731,33.11904],[-5.66687,33.11916],[-5.66646,33.11992],[-5.66594,33.12044],[-5.66513,33.12101],[-5.66367,33.12107],[-5.66289,33.12136],[-5.6622,33.12257],[-5.6617,33.12294],[-5.66148,33.12291],[-5.66109,33.1222],[-5.6608,33.12224],[-5.66013,33.12385],[-5.6598,33.12516],[-5.65993,33.12614],[-5.66027,33.12654],[-5.65997,33.12697],[-5.66002,33.12731],[-5.65756,33.12972]]}},{"type":"Feature","properties":{"grade":"grade4"},"geometry":{"type":"LineString","coordinates":[[-5.68797,33.08385],[-5.68761,33.08348],[-5.68673,33.08318],[-5.68642,33.08285],[-5.68586,33.08279],[-5.68515,33.08247],[-5.6852,33.08114]]}},{"type":"Feature","properties":{"grade":"grade5"},"geometry":{"type":"LineString","coordinates":[[-5.53358,33.09742],[-5.53445,33.0967],[-5.53723,33.09546]]}},{"type":"Feature","properties":{"grade":"grade4"},"geometry":{"type":"LineString","coordinates":[[-5.51259,33.11439],[-5.51327,33.11479],[-5.51432,33.11504],[-5.51553,33.11508],[-5.51645,33.1153],[-5.51662,33.11521],[-5.5189,33.1127],[-5.52297,33.1075],[-5.52485,33.1055],[-5.52973,33.10113],[-5.53178,33.09894],[-5.53358,33.09742],[-5.5325,33.09635],[-5.53236,33.096]]}},{"type":"Feature","properties":{},"geometry":{"type":"LineString","coordinates":[[-4.63578,33.52455],[-4.63533,33.52262],[-4.63559,33.52223],[-4.63667,33.52225],[-4.63693,33.5219],[-4.63723,33.52215],[-4.63773,33.52218],[-4.638,33.52266],[-4.64125,33.52197],[-4.64132,33.52181],[-4.64103,33.52094],[-4.64114,33.52017],[-4.64062,33.51923],[-4.64069,33.51819],[-4.64099,33.51693],[-4.64231,33.51618],[-4.64391,33.51556],[-4.64432,33.51555],[-4.64444,33.51587],[-4.64402,33.51684],[-4.64503,33.51701],[-4.64547,33.51725],[-4.6459,33.51803],[-4.64608,33.51927],[-4.64627,33.5194],[-4.64779,33.5179],[-4.6487,33.51625],[-4.6501,33.51519],[-4.65092,33.51479],[-4.65167,33.51494],[-4.65323,33.51634],[-4.65569,33.51703],[-4.6571,33.51762],[-4.6571,33.51739],[-4.65613,33.51606],[-4.65638,33.51559],[-4.65763,33.51472],[-4.65885,33.51505],[-4.65899,33.51395],[-4.66006,33.51337],[-4.66215,33.51292],[-4.66302,33.51226],[-4.66406,33.51215],[-4.66448,33.5122],[-4.66546,33.51322],[-4.66774,33.51275],[-4.66839,33.51314],[-4.66974,33.51471],[-4.67174,33.51862],[-4.67281,33.51907],[-4.67344,33.51962],[-4.67483,33.52029],[-4.67747,33.52301],[-4.67853,33.52517]]}},{"type":"Feature","properties":{},"geometry":{"type":"LineString","coordinates":[[-4.81419,33.58511],[-4.81535,33.58304],[-4.81544,33.58248],[-4.81603,33.58187],[-4.81679,33.58174],[-4.81726,33.58143],[-4.81949,33.58177],[-4.82268,33.58256],[-4.82493,33.58269],[-4.82721,33.5839],[-4.82977,33.58464],[-4.82993,33.58525],[-4.82942,33.58593],[-4.82704,33.58758],[-4.82663,33.58826],[-4.82645,33.589],[-4.82562,33.5908],[-4.82553,33.59258]]}},{"type":"Feature","properties":{},"geometry":{"type":"LineString","coordinates":[[-4.74611,33.55242],[-4.74546,33.55264],[-4.74591,33.55299],[-4.74595,33.55324],[-4.7453,33.55318],[-4.74441,33.55358],[-4.74331,33.5544],[-4.74191,33.55435],[-4.74078,33.55466],[-4.73954,33.55578],[-4.73808,33.55768],[-4.73698,33.5597],[-4.73649,33.56029],[-4.73182,33.56267],[-4.72996,33.56392],[-4.72936,33.56485],[-4.72907,33.5658],[-4.72906,33.56666],[-4.72821,33.56757],[-4.72799,33.56806],[-4.72661,33.56915],[-4.72555,33.56939],[-4.72455,33.56992],[-4.7237,33.56983],[-4.72344,33.56995],[-4.72356,33.57054],[-4.72389,33.57094],[-4.72348,33.5712],[-4.72329,33.57218],[-4.72249,33.57296],[-4.72248,33.57407],[-4.72221,33.57474],[-4.72135,33.5759],[-4.72132,33.57648],[-4.72035,33.57724],[-4.72093,33.57862],[-4.72063,33.57907],[-4.72065,33.57989],[-4.72013,33.58204],[-4.72027,33.58324],[-4.71998,33.58393],[-4.71951,33.58401],[-4.71856,33.58349],[-4.7178,33.58334],[-4.71753,33.58242],[-4.71548,33.58185],[-4.71318,33.58088],[-4.7124,33.58087],[-4.71138,33.58118],[-4.71007,33.58068],[-4.70614,33.58106],[-4.70531,33.58095],[-4.70456,33.58036],[-4.70385,33.57952],[-4.70254,33.57853],[-4.70127,33.57804],[-4.70054,33.57696],[-4.70014,33.57665],[-4.69637,33.57507],[-4.69484,33.57499],[-4.69207,33.57578]]}},{"type":"Feature","properties":{},"geometry":{"type":"LineString","coordinates":[[-4.65666,33.63029],[-4.65652,33.62901],[-4.6558,33.62623],[-4.65621,33.62529],[-4.65621,33.62459],[-4.65678,33.62416],[-4.65711,33.62333],[-4.65797,33.62269],[-4.65902,33.62232],[-4.66122,33.62243],[-4.66504,33.62141],[-4.66564,33.62089],[-4.66679,33.61884],[-4.66716,33.61858],[-4.66823,33.61873],[-4.66879,33.61815],[-4.67103,33.61899],[-4.67291,33.61896],[-4.67256,33.61741],[-4.67273,33.61695],[-4.67349,33.61628],[-4.67443,33.61627],[-4.67472,33.616],[-4.6746,33.61555],[-4.67348,33.61423],[-4.67336,33.61356],[-4.67432,33.61303],[-4.67493,33.61304],[-4.67561,33.61283],[-4.67634,33.61301],[-4.6767,33.61279],[-4.6775,33.61153],[-4.67754,33.6107],[-4.67851,33.60925],[-4.67893,33.60911],[-4.67846,33.60749],[-4.67946,33.60677],[-4.68013,33.60649],[-4.68139,33.60514],[-4.68208,33.60503],[-4.68276,33.60455],[-4.68385,33.6041],[-4.68438,33.60416],[-4.6846,33.60427],[-4.68519,33.60515],[-4.6861,33.60587],[-4.6889,33.6065],[-4.69209,33.60608],[-4.69275,33.60567],[-4.69362,33.60557],[-4.6941,33.60503],[-4.69418,33.60542],[-4.69349,33.60641],[-4.6931,33.60756],[-4.69321,33.6077],[-4.69692,33.60784],[-4.69753,33.6076],[-4.69813,33.60707],[-4.69897,33.60691],[-4.7004,33.6073]]}},{"type":"Feature","properties":{"grade":"grade5"},"geometry":{"type":"LineString","coordinates":[[-4.95245,33.10284],[-4.95186,33.10436],[-4.94782,33.10657],[-4.94331,33.11084]]}},{"type":"Feature","properties":{},"geometry":{"type":"LineString","coordinates":[[-4.86173,33.20717],[-4.86413,33.20705],[-4.86452,33.20674],[-4.86474,33.20675],[-4.86485,33.20714],[-4.86521,33.20739],[-4.86597,33.20756],[-4.8663,33.20841],[-4.8674,33.20797],[-4.86737,33.20824],[-4.86687,33.20895],[-4.86678,33.20955],[-4.86748,33.21251],[-4.86736,33.21298],[-4.86857,33.2135],[-4.86949,33.2145],[-4.86883,33.21536],[-4.86908,33.21703],[-4.87054,33.21659],[-4.87106,33.21737],[-4.8707,33.21772],[-4.8709,33.2179],[-4.87377,33.21765],[-4.87592,33.217],[-4.87809,33.21718],[-4.8792,33.21745],[-4.87951,33.21862],[-4.87905,33.2199],[-4.87913,33.22099],[-4.87869,33.22163],[-4.87852,33.22219],[-4.87943,33.22436],[-4.88009,33.22503],[-4.88092,33.22536],[-4.88132,33.22584],[-4.88119,33.22665],[-4.88131,33.22763],[-4.88216,33.22833],[-4.88227,33.22868],[-4.88169,33.23049],[-4.88191,33.23194],[-4.88171,33.23277],[-4.88179,33.23386],[-4.88249,33.23415],[-4.88357,33.23426],[-4.88399,33.23449],[-4.88442,33.23505],[-4.88587,33.23569],[-4.88627,33.23555],[-4.88627,33.23508],[-4.88645,33.23499],[-4.88828,33.23595],[-4.88958,33.23623],[-4.88994,33.23598],[-4.89041,33.23599],[-4.89126,33.23667],[-4.892,33.23637],[-4.89221,33.23643],[-4.89296,33.23732],[-4.89477,33.23846],[-4.89572,33.23815],[-4.89613,33.23873],[-4.89638,33.23878],[-4.89927,33.23857],[-4.90088,33.23905],[-4.90254,33.23914],[-4.9029,33.23988],[-4.90263,33.2411],[-4.90337,33.24265],[-4.90438,33.2442],[-4.90382,33.24526],[-4.9049,33.24656],[-4.90535,33.2467],[-4.90561,33.24623],[-4.9059,33.24614],[-4.90728,33.24764],[-4.90849,33.24796],[-4.90903,33.24784],[-4.91081,33.24815],[-4.91152,33.24771],[-4.91203,33.24707],[-4.91224,33.24704],[-4.91344,33.24763],[-4.91369,33.24797],[-4.91373,33.24891],[-4.91544,33.24948],[-4.91799,33.25106],[-4.91807,33.25193],[-4.91784,33.25297],[-4.91882,33.25382],[-4.91887,33.25474],[-4.91945,33.25398],[-4.91938,33.25306],[-4.91972,33.25226],[-4.92064,33.2521],[-4.92139,33.25232],[-4.9233,33.25251],[-4.92415,33.25195],[-4.92492,33.2519],[-4.92494,33.25238],[-4.92421,33.25293],[-4.92418,33.25377],[-4.92372,33.25436],[-4.92365,33.25473],[-4.92404,33.255],[-4.92498,33.25503],[-4.92602,33.2546],[-4.92646,33.25478],[-4.92589,33.25579],[-4.92523,33.25606],[-4.92516,33.25639],[-4.92629,33.25856],[-4.92691,33.26042],[-4.92795,33.26088],[-4.92827,33.26136],[-4.92798,33.26191],[-4.9284,33.26379],[-4.92856,33.26394],[-4.93141,33.26416],[-4.93186,33.26438],[-4.93206,33.26486],[-4.93253,33.26475],[-4.93431,33.26494],[-4.93412,33.26602],[-4.93383,33.26625],[-4.93319,33.2663],[-4.93287,33.26649],[-4.93263,33.26732]]}},{"type":"Feature","properties":{"grade":"grade5"},"geometry":{"type":"LineString","coordinates":[[-4.96815,33.2098],[-4.9668,33.21145],[-4.96656,33.21165],[-4.96602,33.21169],[-4.96448,33.21123],[-4.96449,33.2109],[-4.96512,33.20997],[-4.96518,33.20957]]}},{"type":"Feature","properties":{"grade":"grade5"},"geometry":{"type":"LineString","coordinates":[[-4.88217,33.19292],[-4.88189,33.19338],[-4.8805,33.19456],[-4.87997,33.19555],[-4.87944,33.19607],[-4.87938,33.19724],[-4.87972,33.1982],[-4.88014,33.19883],[-4.88012,33.19917]]}},{"type":"Feature","properties":{"grade":"grade5"},"geometry":{"type":"LineString","coordinates":[[-4.96674,33.00302],[-4.96676,33.00377],[-4.96747,33.00472],[-4.96816,33.00484],[-4.96974,33.00434],[-4.97012,33.00454],[-4.97125,33.00623],[-4.97152,33.00813],[-4.97241,33.00847],[-4.97343,33.01015],[-4.97439,33.01134],[-4.97516,33.01577],[-4.97526,33.01918],[-4.97361,33.02083],[-4.97169,33.02193],[-4.97133,33.0226],[-4.97127,33.0238],[-4.9711,33.02406],[-4.97023,33.02439],[-4.96899,33.02418],[-4.96824,33.02467],[-4.96772,33.02481],[-4.96712,33.02579],[-4.96644,33.02644],[-4.96613,33.02714],[-4.96521,33.02798],[-4.96491,33.0286],[-4.96392,33.02912],[-4.96375,33.03054],[-4.964,33.03199],[-4.96388,33.03269],[-4.9643,33.03377],[-4.9648,33.03426],[-4.96481,33.03455],[-4.9645,33.0349],[-4.9632,33.03482],[-4.96188,33.03528],[-4.9611,33.03643],[-4.96106,33.0367],[-4.96138,33.03724],[-4.96051,33.03824],[-4.95999,33.03857],[-4.95799,33.0374],[-4.95689,33.03716],[-4.95576,33.03713],[-4.95423,33.03657],[-4.95343,33.0359],[-4.95293,33.03588],[-4.95267,33.03559],[-4.94882,33.03605],[-4.94686,33.03705],[-4.94686,33.03727],[-4.94647,33.03749],[-4.94648,33.03828],[-4.94634,33.03834],[-4.94612,33.03825],[-4.94564,33.03752],[-4.94539,33.03743],[-4.94368,33.03763],[-4.94246,33.03868],[-4.94149,33.0402],[-4.94124,33.04014],[-4.94108,33.03958],[-4.94068,33.03959],[-4.94023,33.0409],[-4.94025,33.04261],[-4.93981,33.04326],[-4.93807,33.04477],[-4.93664,33.04558],[-4.93039,33.0481],[-4.92862,33.04855],[-4.9276,33.04907],[-4.92574,33.05059],[-4.92458,33.05244],[-4.92381,33.05411],[-4.92053,33.05553],[-4.91972,33.05573],[-4.91902,33.05615],[-4.9176,33.05607],[-4.91749,33.0562],[-4.91767,33.05666],[-4.91754,33.05677],[-4.91419,33.058],[-4.91138,33.05724],[-4.90918,33.05592],[-4.90832,33.05559],[-4.9069,33.0554],[-4.90225,33.05397],[-4.89954,33.05278],[-4.89673,33.05183],[-4.89555,33.05158],[-4.89442,33.05101],[-4.89312,33.05066],[-4.89191,33.0507],[-4.88921,33.0497],[-4.88806,33.04973],[-4.88529,33.04941],[-4.88362,33.04892],[-4.88145,33.04857],[-4.88026,33.04882],[-4.8786,33.04884],[-4.87616,33.04802],[-4.8753,33.04809],[-4.87454,33.04837],[-4.87397,33.04863],[-4.87357,33.04916],[-4.87321,33.04936]]}},{"type":"Feature","properties":{},"geometry":{"type":"LineString","coordinates":[[-4.87059,33.21674],[-4.86921,33.21786],[-4.86737,33.21861],[-4.86695,33.22064],[-4.86658,33.22121],[-4.86647,33.22186],[-4.86789,33.22506],[-4.86831,33.22549],[-4.8686,33.22625],[-4.87059,33.22816],[-4.87136,33.22831],[-4.87179,33.22862],[-4.87077,33.22946],[-4.87059,33.22984],[-4.87066,33.23032],[-4.87279,33.2312]]}},{"type":"Feature","properties":{"grade":"grade5"},"geometry":{"type":"LineString","coordinates":[[-4.87059,33.21674],[-4.87117,33.21586],[-4.87238,33.21474],[-4.87441,33.2134],[-4.87812,33.21156],[-4.88037,33.2108],[-4.88089,33.21005],[-4.88204,33.2097],[-4.88277,33.20886],[-4.88378,33.20837],[-4.88552,33.20867],[-4.88715,33.20821],[-4.88799,33.20754],[-4.89085,33.20708],[-4.89124,33.20711],[-4.89219,33.20755],[-4.89324,33.20768],[-4.89356,33.20793],[-4.8944,33.20804],[-4.89539,33.20794],[-4.89667,33.20808],[-4.89807,33.20783],[-4.9035,33.20766],[-4.90452,33.20732],[-4.90595,33.20736],[-4.90857,33.20814],[-4.91148,33.20761],[-4.9128,33.20785],[-4.91528,33.2087],[-4.91633,33.20867],[-4.92008,33.20905],[-4.92509,33.20994],[-4.92808,33.21078],[-4.93105,33.21125],[-4.93519,33.21124],[-4.93696,33.21161],[-4.93835,33.2114],[-4.94218,33.21174],[-4.94346,33.21215],[-4.94742,33.2106],[-4.94894,33.21027],[-4.95129,33.21012],[-4.95385,33.20906],[-4.95586,33.20865],[-4.95679,33.20866],[-4.96021,33.20761],[-4.962,33.20762],[-4.96518,33.20957]]}},{"type":"Feature","properties":{"grade":"grade5"},"geometry":{"type":"LineString","coordinates":[[-4.8878,33.18386],[-4.88788,33.18484],[-4.88777,33.18525],[-4.88687,33.18635],[-4.88262,33.18852]]}},{"type":"Feature","properties":{},"geometry":{"type":"LineString","coordinates":[[-5.66194,33.40312],[-5.66332,33.40239]]}},{"type":"Feature","properties":{"grade":"grade3"},"geometry":{"type":"LineString","coordinates":[[-5.66888,33.39577],[-5.66841,33.39679],[-5.66616,33.39849],[-5.66498,33.3987],[-5.66359,33.39969],[-5.6634,33.40007],[-5.66339,33.40144],[-5.66322,33.4023],[-5.66551,33.40399],[-5.66633,33.4042],[-5.66842,33.40559],[-5.66835,33.40616],[-5.66934,33.40661],[-5.66946,33.40771],[-5.66926,33.40895],[-5.66952,33.40955],[-5.67047,33.41076],[-5.67018,33.41118],[-5.67043,33.41154],[-5.66999,33.41175],[-5.67029,33.4126],[-5.67008,33.41294],[-5.67001,33.41364],[-5.66935,33.41492],[-5.66927,33.41533],[-5.66939,33.41558],[-5.66731,33.41705],[-5.66682,33.41757],[-5.66632,33.41842],[-5.66645,33.41928],[-5.66494,33.42193],[-5.66488,33.42261],[-5.66506,33.42302],[-5.66729,33.42388],[-5.66742,33.42379],[-5.66747,33.42307],[-5.66774,33.42295],[-5.66912,33.42477],[-5.66838,33.42503],[-5.66805,33.4255],[-5.66804,33.42633],[-5.66782,33.42684],[-5.668,33.42768],[-5.66703,33.42794],[-5.66597,33.42849],[-5.66528,33.42846],[-5.66485,33.42872],[-5.66461,33.42912],[-5.66477,33.42957],[-5.66605,33.43074],[-5.66588,33.43154],[-5.66621,33.43222],[-5.66636,33.43318],[-5.66546,33.43401],[-5.66523,33.43449],[-5.66513,33.43541],[-5.66534,33.43583],[-5.66582,33.43583],[-5.66609,33.43629],[-5.66648,33.43717],[-5.6666,33.43861],[-5.66605,33.43938],[-5.66475,33.4403],[-5.66362,33.44087],[-5.66394,33.44194],[-5.66378,33.44255],[-5.66348,33.44309],[-5.66245,33.44393],[-5.66255,33.44508],[-5.66238,33.44557],[-5.66106,33.44667],[-5.66078,33.4474],[-5.66058,33.45002],[-5.66095,33.45064],[-5.66147,33.4508],[-5.66143,33.45136],[-5.66175,33.45239],[-5.66275,33.45302],[-5.66204,33.45523],[-5.66201,33.45587],[-5.66304,33.45678],[-5.66324,33.45766],[-5.66322,33.45856],[-5.66337,33.45875],[-5.66549,33.45899],[-5.66698,33.45974],[-5.66788,33.46049],[-5.6698,33.46063],[-5.67077,33.46162],[-5.67143,33.4614],[-5.67301,33.46146],[-5.6724,33.46084],[-5.67242,33.46062],[-5.67344,33.45933],[-5.67349,33.45906],[-5.67223,33.45789],[-5.67216,33.45766],[-5.67259,33.45764],[-5.67251,33.45743],[-5.67415,33.45591],[-5.67449,33.4552],[-5.67549,33.45449],[-5.67555,33.45411],[-5.67726,33.45151],[-5.67732,33.4504],[-5.67801,33.44859],[-5.67695,33.44827],[-5.67679,33.44804],[-5.67706,33.44725],[-5.67758,33.4465],[-5.67754,33.44515],[-5.67769,33.44476],[-5.67734,33.44372],[-5.67696,33.44363],[-5.6774,33.44347],[-5.67844,33.44423],[-5.68035,33.4431],[-5.68067,33.44304],[-5.68114,33.44324],[-5.68114,33.44287],[-5.68061,33.44248],[-5.68216,33.44098]]}},{"type":"Feature","properties":{"grade":"grade3"},"geometry":{"type":"LineString","coordinates":[[-5.66441,33.36333],[-5.66504,33.36399],[-5.66603,33.36462],[-5.66732,33.36491],[-5.66794,33.36471],[-5.66867,33.36486],[-5.66899,33.36532],[-5.66998,33.36514],[-5.67056,33.3647],[-5.67095,33.36472],[-5.67309,33.36371],[-5.67339,33.36374],[-5.67372,33.3643],[-5.67436,33.36358],[-5.67423,33.36271],[-5.67492,33.36199],[-5.67638,33.36152],[-5.67783,33.36126],[-5.67923,33.36136],[-5.67986,33.36028],[-5.6805,33.36011],[-5.68083,33.35972],[-5.68078,33.35931],[-5.6806,33.35919],[-5.68064,33.3588],[-5.68167,33.35828],[-5.68258,33.35841],[-5.68291,33.35831],[-5.68298,33.35808],[-5.68214,33.3572],[-5.68193,33.35657],[-5.68213,33.35586],[-5.68184,33.35525],[-5.68124,33.35467],[-5.68101,33.35369],[-5.68038,33.35319],[-5.68072,33.35253],[-5.68052,33.35175],[-5.68074,33.3506],[-5.68067,33.34953],[-5.67956,33.34808],[-5.67932,33.34725],[-5.68031,33.34637],[-5.67897,33.34524],[-5.67959,33.34436],[-5.67951,33.34352],[-5.67911,33.34311],[-5.67791,33.34265],[-5.6788,33.34166],[-5.6797,33.34158],[-5.67973,33.34135],[-5.67942,33.34123],[-5.68005,33.34087],[-5.68124,33.3409],[-5.6812,33.3415],[-5.6826,33.34124],[-5.68271,33.34088],[-5.68225,33.34061],[-5.68211,33.34035],[-5.68252,33.34023],[-5.68356,33.34045],[-5.68415,33.34156],[-5.68489,33.34099],[-5.68549,33.34024],[-5.68653,33.3402],[-5.68788,33.34094],[-5.68866,33.34094],[-5.68875,33.34079],[-5.68839,33.34045],[-5.68869,33.34017],[-5.68892,33.34017],[-5.68929,33.34047],[-5.68963,33.33994],[-5.6912,33.33965],[-5.69055,33.33917],[-5.6905,33.33892],[-5.69089,33.33805],[-5.69132,33.33782],[-5.69209,33.33784],[-5.69246,33.3377],[-5.69227,33.33795],[-5.69154,33.33829],[-5.69247,33.33831],[-5.69246,33.33855],[-5.69291,33.33812],[-5.69415,33.33775],[-5.69487,33.3378],[-5.69526,33.33807],[-5.69616,33.33824],[-5.69618,33.33793],[-5.69583,33.33735],[-5.69595,33.33712],[-5.69637,33.33713],[-5.6976,33.33759],[-5.69867,33.33699],[-5.69857,33.33637],[-5.69788,33.336],[-5.69858,33.33617],[-5.69834,33.33587],[-5.69846,33.33561],[-5.69983,33.33576],[-5.70028,33.33506],[-5.70098,33.33502],[-5.70168,33.33477],[-5.70252,33.33421],[-5.70361,33.334],[-5.70308,33.3333],[-5.70257,33.33306],[-5.70268,33.33276],[-5.70315,33.33261],[-5.70432,33.3327],[-5.70416,33.33297],[-5.70427,33.33304],[-5.70485,33.33256],[-5.70529,33.3329],[-5.70577,33.3328],[-5.70641,33.33206],[-5.70845,33.33079],[-5.70963,33.3298],[-5.70952,33.32957],[-5.70878,33.32958],[-5.7082,33.32987],[-5.70725,33.33006]]}},{"type":"Feature","properties":{},"geometry":{"type":"LineString","coordinates":[[-4.88788,33.05884],[-4.89016,33.0582],[-4.89154,33.0581],[-4.89261,33.05728],[-4.8937,33.05693],[-4.90265,33.05746],[-4.90452,33.05787],[-4.9069,33.06125],[-4.90685,33.06297],[-4.90719,33.06352],[-4.90719,33.06463],[-4.90928,33.06551],[-4.9109,33.06588],[-4.91099,33.06601],[-4.91047,33.06653],[-4.91008,33.06741],[-4.91124,33.06728],[-4.91169,33.06738],[-4.91235,33.06804],[-4.91285,33.06831],[-4.91163,33.06843],[-4.91182,33.06868],[-4.91289,33.06909],[-4.91207,33.0694],[-4.91172,33.07118],[-4.91185,33.07119],[-4.91254,33.07023],[-4.91284,33.07017],[-4.91253,33.07058],[-4.91255,33.07172],[-4.91222,33.07255],[-4.91225,33.07289],[-4.91385,33.07295],[-4.91468,33.07349],[-4.9145,33.07431],[-4.91473,33.07429],[-4.91532,33.0738],[-4.91566,33.0741],[-4.91605,33.07484],[-4.91803,33.07529],[-4.91821,33.07563],[-4.91825,33.07691],[-4.91801,33.07869],[-4.91818,33.07887],[-4.91874,33.07881],[-4.91957,33.07925],[-4.91965,33.07958],[-4.92071,33.08091]]}},{"type":"Feature","properties":{"grade":"grade4"},"geometry":{"type":"LineString","coordinates":[[-4.98075,33.05942],[-4.98153,33.06073],[-4.98136,33.06263],[-4.97994,33.06449],[-4.97979,33.06491],[-4.97944,33.06443],[-4.97926,33.06442],[-4.97842,33.06627],[-4.97494,33.06654],[-4.97424,33.06587],[-4.97364,33.06567],[-4.9733,33.06513]]}},{"type":"Feature","properties":{"grade":"grade2"},"geometry":{"type":"LineString","coordinates":[[-4.98531,33.08357],[-4.98443,33.08306],[-4.98396,33.08257],[-4.98354,33.0817],[-4.98353,33.08051],[-4.98285,33.07992],[-4.98236,33.07908],[-4.98217,33.07837],[-4.98219,33.07657],[-4.98351,33.07108],[-4.98307,33.06844],[-4.98243,33.06633],[-4.98237,33.06461]]}},{"type":"Feature","properties":{"grade":"grade2"},"geometry":{"type":"LineString","coordinates":[[-4.98153,33.06073],[-4.98228,33.06239],[-4.98237,33.06461]]}},{"type":"Feature","properties":{"grade":"grade5"},"geometry":{"type":"LineString","coordinates":[[-4.97597,33.03093],[-4.97512,33.03075],[-4.97397,33.03102],[-4.97377,33.03115],[-4.9738,33.03139],[-4.97314,33.03191],[-4.97235,33.03195],[-4.9676,33.03393],[-4.96708,33.03401],[-4.9648,33.03332],[-4.96443,33.03335],[-4.96426,33.03357]]}},{"type":"Feature","properties":{},"geometry":{"type":"LineString","coordinates":[[-5.46861,33.17086],[-5.46978,33.17003],[-5.4701,33.17042],[-5.47033,33.17177],[-5.46999,33.17209],[-5.46988,33.17271],[-5.4692,33.17319]]}},{"type":"Feature","properties":{},"geometry":{"type":"LineString","coordinates":[[-5.48472,33.12318],[-5.48554,33.12373],[-5.48621,33.12383],[-5.48882,33.12368],[-5.49234,33.12321],[-5.49305,33.12321],[-5.49351,33.12344],[-5.49542,33.1224],[-5.4985,33.12287],[-5.49979,33.12258],[-5.5008,33.1228],[-5.50197,33.12343],[-5.50566,33.12402],[-5.50673,33.12393],[-5.50811,33.12426],[-5.5103,33.12379],[-5.51255,33.12378],[-5.51865,33.12308],[-5.51878,33.12299],[-5.51874,33.12262],[-5.51745,33.12152],[-5.5168,33.12014],[-5.51711,33.11993]]}},{"type":"Feature","properties":{},"geometry":{"type":"LineString","coordinates":[[-5.54845,32.95373],[-5.54605,32.95163],[-5.54466,32.95091],[-5.54178,32.94999],[-5.5397,32.94828],[-5.53927,32.94808],[-5.53643,32.9481],[-5.53555,32.94851],[-5.53359,32.95011],[-5.53217,32.95068],[-5.53051,32.95197],[-5.52953,32.95324],[-5.52829,32.95414],[-5.52782,32.95428],[-5.52643,32.95519],[-5.52537,32.95647],[-5.52082,32.96085],[-5.51918,32.9629],[-5.51833,32.96312],[-5.51782,32.96352],[-5.51768,32.96404],[-5.51741,32.96433],[-5.51661,32.96472],[-5.51514,32.96473],[-5.51457,32.9646],[-5.51415,32.96421],[-5.51347,32.96409],[-5.51076,32.96384],[-5.51005,32.96406],[-5.50782,32.96296],[-5.50663,32.96218],[-5.50601,32.96153],[-5.50561,32.96065],[-5.50585,32.96031],[-5.50579,32.96009],[-5.50486,32.95921],[-5.50424,32.95804],[-5.5026,32.95699],[-5.50188,32.95551],[-5.50123,32.95495],[-5.5011,32.95359],[-5.50162,32.95256],[-5.50198,32.95232],[-5.50191,32.95181],[-5.50173,32.95163],[-5.50179,32.95131],[-5.50239,32.95085],[-5.50278,32.94967],[-5.50316,32.94913],[-5.50306,32.94897],[-5.50232,32.94861],[-5.499,32.94808],[-5.49575,32.94705],[-5.4943,32.94745],[-5.49155,32.94733]]}},{"type":"Feature","properties":{},"geometry":{"type":"LineString","coordinates":[[-5.68524,33.60048],[-5.68631,33.60263],[-5.68687,33.60298],[-5.68716,33.60353],[-5.68772,33.60329]]}},{"type":"Feature","properties":{},"geometry":{"type":"LineString","coordinates":[[-5.66324,33.61875],[-5.6626,33.61839],[-5.66129,33.61883],[-5.6608,33.61918],[-5.65984,33.61913],[-5.65965,33.61956],[-5.65884,33.61955],[-5.6567,33.6208],[-5.65647,33.62101],[-5.65601,33.62216],[-5.65492,33.62291],[-5.65449,33.62427],[-5.65381,33.62481],[-5.65226,33.62724],[-5.6519,33.62751],[-5.65045,33.62964],[-5.64993,33.63014]]}},{"type":"Feature","properties":{},"geometry":{"type":"LineString","coordinates":[[-5.70678,33.58594],[-5.70697,33.58498],[-5.70663,33.58435]]}},{"type":"Feature","properties":{},"geometry":{"type":"LineString","coordinates":[[-5.68907,33.6082],[-5.68864,33.6082],[-5.68778,33.60774]]}},{"type":"Feature","properties":{},"geometry":{"type":"LineString","coordinates":[[-5.70678,33.58594],[-5.70604,33.58808],[-5.70539,33.58881],[-5.70448,33.59034],[-5.70408,33.59163],[-5.70418,33.59253],[-5.70351,33.59321],[-5.70335,33.59409],[-5.70343,33.59457],[-5.70366,33.59483],[-5.70351,33.59504],[-5.7039,33.59501],[-5.70405,33.59472],[-5.70445,33.59533],[-5.70423,33.59605],[-5.70423,33.59645],[-5.70442,33.59673],[-5.70293,33.59855],[-5.70013,33.60095],[-5.69872,33.60192],[-5.69821,33.60271],[-5.69668,33.60375],[-5.6946,33.60553],[-5.69328,33.60628],[-5.69292,33.60676],[-5.69116,33.60729],[-5.68955,33.60716],[-5.68799,33.60756]]}},{"type":"Feature","properties":{"grade":"grade2"},"geometry":{"type":"LineString","coordinates":[[-5.76004,33.61434],[-5.75858,33.61506],[-5.75705,33.61626],[-5.75629,33.61721],[-5.75565,33.61773],[-5.75536,33.61835],[-5.75476,33.61808],[-5.75401,33.61835],[-5.75363,33.61805],[-5.75274,33.61861],[-5.75232,33.61786],[-5.75181,33.61748],[-5.7516,33.61569],[-5.75023,33.61346],[-5.74965,33.61321],[-5.7489,33.61326],[-5.74827,33.61258],[-5.7478,33.61279],[-5.74746,33.61273],[-5.74705,33.61335],[-5.74643,33.61346],[-5.744,33.61339],[-5.74238,33.61361],[-5.74174,33.61402],[-5.74076,33.61425],[-5.74018,33.61416],[-5.73962,33.61456],[-5.73884,33.61466],[-5.73879,33.61517],[-5.73832,33.61622],[-5.73731,33.61749],[-5.73727,33.61726],[-5.73779,33.61628],[-5.73788,33.61569],[-5.73696,33.61554],[-5.73669,33.61523],[-5.73596,33.61508],[-5.73564,33.61464],[-5.73539,33.61377],[-5.7348,33.61329],[-5.73447,33.61258],[-5.73401,33.61227],[-5.73397,33.61172],[-5.73374,33.6115]]}},{"type":"Feature","properties":{"grade":"grade2"},"geometry":{"type":"LineString","coordinates":[[-5.72825,33.58685],[-5.72779,33.58663],[-5.72685,33.58685],[-5.72546,33.58688],[-5.72488,33.58708]]}},{"type":"Feature","properties":{"grade":"grade2"},"geometry":{"type":"LineString","coordinates":[[-5.73235,33.49053],[-5.73079,33.49057],[-5.72858,33.49129],[-5.72781,33.49127],[-5.72708,33.49248],[-5.72543,33.49314],[-5.72517,33.49338],[-5.72448,33.49491],[-5.72442,33.49535],[-5.72275,33.49761],[-5.72193,33.49902],[-5.72063,33.50227],[-5.71917,33.50516],[-5.71788,33.50723],[-5.71637,33.50882],[-5.71622,33.50941],[-5.71553,33.51056],[-5.71504,33.51093],[-5.71439,33.51193]]}},{"type":"Feature","properties":{"grade":"grade2"},"geometry":{"type":"LineString","coordinates":[[-5.7251,33.58699],[-5.72495,33.58695]]}},{"type":"Feature","properties":{},"geometry":{"type":"LineString","coordinates":[[-5.69867,33.66433],[-5.6988,33.66535],[-5.7006,33.66652],[-5.70326,33.66707],[-5.70409,33.66754]]}},{"type":"Feature","properties":{"grade":"grade4"},"geometry":{"type":"LineString","coordinates":[[-5.68723,33.54299],[-5.68914,33.54268],[-5.69162,33.54017]]}},{"type":"Feature","properties":{"grade":"grade4"},"geometry":{"type":"LineString","coordinates":[[-5.70818,33.52686],[-5.70727,33.52727],[-5.706,33.52701],[-5.70494,33.52656]]}},{"type":"Feature","properties":{"grade":"grade3"},"geometry":{"type":"LineString","coordinates":[[-5.70944,33.52635],[-5.70818,33.52686]]}},{"type":"Feature","properties":{"grade":"grade2"},"geometry":{"type":"LineString","coordinates":[[-5.71121,33.52631],[-5.71105,33.52642],[-5.71061,33.52628],[-5.70944,33.52635]]}},{"type":"Feature","properties":{"grade":"grade2"},"geometry":{"type":"LineString","coordinates":[[-5.70797,33.53865],[-5.70919,33.54038],[-5.70928,33.54092],[-5.7081,33.54256],[-5.70738,33.54399],[-5.70656,33.5447],[-5.70606,33.54563],[-5.70476,33.5468],[-5.70426,33.54761]]}},{"type":"Feature","properties":{"grade":"grade3"},"geometry":{"type":"LineString","coordinates":[[-5.70348,33.53567],[-5.70524,33.53637],[-5.70653,33.53709],[-5.70797,33.53865]]}},{"type":"Feature","properties":{"grade":"grade2"},"geometry":{"type":"LineString","coordinates":[[-5.72781,33.45567],[-5.72822,33.45458],[-5.72806,33.45389],[-5.72815,33.45247],[-5.72931,33.45097],[-5.72946,33.4504],[-5.73042,33.4499],[-5.73201,33.44737],[-5.73284,33.44738],[-5.73382,33.44793],[-5.73468,33.44755],[-5.73526,33.44658],[-5.73545,33.44568],[-5.7365,33.4443],[-5.73692,33.44211],[-5.73783,33.44117],[-5.73667,33.44119],[-5.73607,33.44143],[-5.73569,33.44229],[-5.73472,33.44307],[-5.73466,33.44353],[-5.73403,33.44385],[-5.73392,33.44306],[-5.7337,33.44273],[-5.73298,33.44246],[-5.73212,33.44253],[-5.73225,33.44127],[-5.73263,33.44029],[-5.73255,33.4402],[-5.73051,33.44132],[-5.72947,33.4414],[-5.72792,33.44194],[-5.72848,33.44073],[-5.72847,33.43959],[-5.72777,33.43902],[-5.72747,33.43807],[-5.72674,33.43874],[-5.7251,33.43915],[-5.72442,33.43954],[-5.72388,33.44068],[-5.72408,33.44136]]}},{"type":"Feature","properties":{"grade":"grade3"},"geometry":{"type":"LineString","coordinates":[[-5.72408,33.44136],[-5.72303,33.44337],[-5.72242,33.44384]]}},{"type":"Feature","properties":{"grade":"grade5"},"geometry":{"type":"LineString","coordinates":[[-5.68474,33.54275],[-5.68723,33.54299]]}},{"type":"Feature","properties":{"grade":"grade4"},"geometry":{"type":"LineString","coordinates":[[-5.69007,33.54165],[-5.69251,33.54239],[-5.69337,33.54311],[-5.69631,33.54429]]}},{"type":"Feature","properties":{"grade":"grade3"},"geometry":{"type":"LineString","coordinates":[[-5.69532,33.46092],[-5.69548,33.46014],[-5.69669,33.45844],[-5.69685,33.45752],[-5.69815,33.45642],[-5.69928,33.45485],[-5.70018,33.45422],[-5.70092,33.45323],[-5.70109,33.45269],[-5.70166,33.45205],[-5.70232,33.44914]]}},{"type":"Feature","properties":{"grade":"grade2"},"geometry":{"type":"LineString","coordinates":[[-5.71439,33.51193],[-5.7141,33.51293],[-5.71172,33.51799],[-5.71082,33.52172],[-5.71039,33.52264],[-5.70969,33.5259],[-5.70944,33.52635],[-5.70792,33.5285],[-5.70752,33.5294],[-5.70626,33.53094],[-5.70581,33.53207],[-5.70418,33.53483],[-5.70092,33.53904],[-5.69701,33.54358],[-5.69508,33.54532],[-5.69342,33.5472],[-5.69185,33.54858],[-5.69085,33.55086],[-5.68977,33.55242],[-5.68987,33.5532]]}},{"type":"Feature","properties":{"grade":"grade4"},"geometry":{"type":"LineString","coordinates":[[-5.71666,33.44569],[-5.71646,33.44609],[-5.71653,33.4463],[-5.71792,33.4461],[-5.71837,33.44578],[-5.72092,33.44489],[-5.7222,33.44414],[-5.72242,33.44384]]}},{"type":"Feature","properties":{"grade":"grade3"},"geometry":{"type":"LineString","coordinates":[[-5.70149,33.49897],[-5.70326,33.4987],[-5.7047,33.49884],[-5.7054,33.49976],[-5.70625,33.50219],[-5.70669,33.50268],[-5.70786,33.50328],[-5.70839,33.50441],[-5.70982,33.50453],[-5.71057,33.50499],[-5.71071,33.50535],[-5.7113,33.50594],[-5.7134,33.50622],[-5.71336,33.50718],[-5.71401,33.5077]]}},{"type":"Feature","properties":{"grade":"grade3"},"geometry":{"type":"LineString","coordinates":[[-5.677,33.45208],[-5.67741,33.45159],[-5.67852,33.4495],[-5.67935,33.44861],[-5.6794,33.44781],[-5.67922,33.44718],[-5.67959,33.44672],[-5.68024,33.44689],[-5.68111,33.44782],[-5.68152,33.44775],[-5.68239,33.44697],[-5.68317,33.44751],[-5.68455,33.44764],[-5.68513,33.44754],[-5.68518,33.44809],[-5.68552,33.44889],[-5.68483,33.45075],[-5.68395,33.45186],[-5.68364,33.45316],[-5.68364,33.45371],[-5.68389,33.45423],[-5.68416,33.45409],[-5.68477,33.45418],[-5.68438,33.45332],[-5.68443,33.45294],[-5.685,33.45193],[-5.68602,33.45062],[-5.68588,33.45021],[-5.6861,33.44977],[-5.68678,33.4491],[-5.68786,33.4487],[-5.68781,33.44846],[-5.68726,33.44817],[-5.68705,33.44781],[-5.68774,33.44677],[-5.68764,33.44589],[-5.68789,33.44562],[-5.68803,33.44565],[-5.68795,33.44636],[-5.68807,33.44659],[-5.68939,33.44716],[-5.68963,33.44713],[-5.69026,33.44638],[-5.69169,33.44676],[-5.69211,33.44753],[-5.69282,33.44787],[-5.69365,33.44796],[-5.69453,33.44932],[-5.6948,33.44938],[-5.69521,33.44849],[-5.69603,33.44809],[-5.69567,33.44743],[-5.69639,33.44705],[-5.69584,33.44652],[-5.69562,33.44592],[-5.69575,33.44565],[-5.69618,33.44539],[-5.69645,33.44471],[-5.69665,33.44457],[-5.69716,33.4446],[-5.69908,33.44509],[-5.69917,33.44435],[-5.7001,33.44419],[-5.70006,33.44358],[-5.70061,33.44311],[-5.69927,33.44229],[-5.69978,33.44139],[-5.69919,33.44043],[-5.69918,33.43975],[-5.70092,33.43922],[-5.70209,33.44088],[-5.70282,33.44098],[-5.7043,33.43933],[-5.70543,33.43858],[-5.70541,33.43784],[-5.70602,33.4368],[-5.70565,33.43596],[-5.70643,33.43513],[-5.7073,33.43359],[-5.70715,33.43279],[-5.70796,33.43303],[-5.70842,33.43378],[-5.70919,33.43296],[-5.71134,33.432],[-5.71344,33.4305],[-5.7157,33.42954],[-5.71622,33.42953],[-5.71663,33.43],[-5.7167,33.43108],[-5.71746,33.43234],[-5.71731,33.43365],[-5.71767,33.43535],[-5.71757,33.43586],[-5.71655,33.43722],[-5.71696,33.43857],[-5.7169,33.43914],[-5.71731,33.4394],[-5.71736,33.43982],[-5.71725,33.44054],[-5.717,33.44092],[-5.71658,33.44107],[-5.7165,33.44153],[-5.71678,33.44312],[-5.71632,33.44422],[-5.71666,33.44569]]}},{"type":"Feature","properties":{"grade":"grade4"},"geometry":{"type":"LineString","coordinates":[[-5.72365,33.22414],[-5.72391,33.22369],[-5.7247,33.22357],[-5.73169,33.22437],[-5.73603,33.22534],[-5.73632,33.22566],[-5.73683,33.22567],[-5.73781,33.22609],[-5.7389,33.22578],[-5.74059,33.22501],[-5.74167,33.22396],[-5.74453,33.22323],[-5.74646,33.22213],[-5.74769,33.22191],[-5.74832,33.22135],[-5.75102,33.22036],[-5.75253,33.22003],[-5.75332,33.21937],[-5.75444,33.21878],[-5.75589,33.21847]]}},{"type":"Feature","properties":{"grade":"grade2"},"geometry":{"type":"LineString","coordinates":[[-5.70698,33.2135],[-5.70707,33.21368],[-5.7141,33.21778],[-5.71606,33.2185],[-5.71926,33.22001],[-5.71985,33.22018],[-5.72057,33.2201],[-5.72226,33.22038],[-5.72282,33.22032],[-5.72332,33.22049],[-5.72371,33.22101],[-5.72469,33.22153],[-5.72485,33.22201],[-5.72432,33.22325],[-5.72391,33.22369],[-5.72316,33.22345],[-5.72306,33.22315]]}},{"type":"Feature","properties":{"grade":"grade3"},"geometry":{"type":"LineString","coordinates":[[-5.70867,33.48108],[-5.71098,33.47842],[-5.71307,33.4772],[-5.71352,33.47633],[-5.71436,33.47549],[-5.71449,33.47507],[-5.71663,33.47294],[-5.71761,33.47232],[-5.71849,33.47244],[-5.71997,33.47112],[-5.72036,33.47109],[-5.72069,33.47146],[-5.72074,33.47181],[-5.72222,33.47176],[-5.72252,33.47202],[-5.72262,33.4726],[-5.72317,33.47243],[-5.72337,33.47262],[-5.72292,33.4742],[-5.72121,33.47864],[-5.72088,33.48027],[-5.72024,33.48215],[-5.7193,33.48388],[-5.7193,33.48471],[-5.71963,33.48583],[-5.71957,33.48968],[-5.71889,33.49112],[-5.71644,33.49487],[-5.71536,33.49942],[-5.71488,33.50183],[-5.71586,33.5034],[-5.71402,33.50713],[-5.71401,33.5077],[-5.7144,33.50907],[-5.71442,33.51014],[-5.71426,33.51072],[-5.71439,33.51193]]}},{"type":"Feature","properties":{},"geometry":{"type":"LineString","coordinates":[[-5.62604,33.45291],[-5.62608,33.4533],[-5.62568,33.45386],[-5.62543,33.45473],[-5.62496,33.45502],[-5.62385,33.45715],[-5.62313,33.45764],[-5.62201,33.45948],[-5.62093,33.46046],[-5.62009,33.46081],[-5.61985,33.46124],[-5.61932,33.46164],[-5.61815,33.46186],[-5.61732,33.46252],[-5.61697,33.46321],[-5.61465,33.46488],[-5.61445,33.46535],[-5.61267,33.46641],[-5.61245,33.46705],[-5.61253,33.46737],[-5.61322,33.46744],[-5.61295,33.46799],[-5.61308,33.46846],[-5.61291,33.46879],[-5.60928,33.47219],[-5.60811,33.47284],[-5.60753,33.47357],[-5.60665,33.47403],[-5.60611,33.47456],[-5.60618,33.47598],[-5.60645,33.47656],[-5.6062,33.47724],[-5.6062,33.47782],[-5.60526,33.47889],[-5.60434,33.47962],[-5.6035,33.48077],[-5.60342,33.48156],[-5.60242,33.48278],[-5.6007,33.4861],[-5.60089,33.48681]]}},{"type":"Feature","properties":{},"geometry":{"type":"LineString","coordinates":[[-5.63373,33.416],[-5.63318,33.41627],[-5.63211,33.41763],[-5.6313,33.41799],[-5.63073,33.41847],[-5.63046,33.4193],[-5.62867,33.42022],[-5.628,33.4209],[-5.62687,33.42122],[-5.62605,33.42204],[-5.62544,33.42298],[-5.6244,33.42375],[-5.62408,33.42432],[-5.62344,33.42455],[-5.62244,33.42464],[-5.6204,33.42535],[-5.62142,33.42644],[-5.62252,33.42723]]}},{"type":"Feature","properties":{},"geometry":{"type":"LineString","coordinates":[[-5.22047,33.12403],[-5.22084,33.12327],[-5.22126,33.12039],[-5.22056,33.11946],[-5.22054,33.11887],[-5.22034,33.11855],[-5.21942,33.11809],[-5.21817,33.11815],[-5.21791,33.11868],[-5.21759,33.11889],[-5.21766,33.11946],[-5.21752,33.11965],[-5.21678,33.11973],[-5.21616,33.11932]]}},{"type":"Feature","properties":{},"geometry":{"type":"LineString","coordinates":[[-5.23737,33.16041],[-5.23691,33.16023],[-5.23701,33.15976],[-5.23619,33.15976],[-5.23482,33.15901],[-5.23465,33.15848],[-5.23436,33.15821],[-5.23286,33.15818],[-5.23291,33.15754],[-5.23249,33.15719],[-5.23312,33.15695],[-5.23306,33.1567],[-5.23229,33.15648],[-5.23137,33.15661],[-5.23005,33.15522],[-5.22992,33.15527],[-5.22999,33.15558],[-5.22987,33.1557],[-5.22851,33.15576],[-5.22743,33.15696],[-5.22739,33.15719],[-5.22716,33.15716],[-5.22698,33.15626],[-5.22667,33.15598],[-5.22671,33.15552],[-5.22598,33.15485],[-5.22548,33.15361],[-5.22618,33.1518],[-5.22693,33.15058],[-5.22728,33.15034],[-5.22725,33.14978],[-5.22752,33.14893],[-5.22746,33.14849],[-5.2273,33.14841],[-5.22533,33.14923],[-5.22448,33.14866],[-5.22389,33.14849],[-5.22539,33.14802],[-5.22557,33.14753],[-5.22709,33.14655],[-5.22765,33.14556]]}},{"type":"Feature","properties":{},"geometry":{"type":"LineString","coordinates":[[-5.22105,33.1353],[-5.22081,33.13588],[-5.22019,33.13659],[-5.22011,33.1374],[-5.22072,33.13839],[-5.22098,33.13987],[-5.22123,33.14039],[-5.22236,33.14151],[-5.2233,33.1417],[-5.22398,33.14148],[-5.22513,33.14062],[-5.22734,33.13963],[-5.22744,33.13906],[-5.2298,33.13843],[-5.23022,33.13802],[-5.23049,33.1368],[-5.23075,33.13661],[-5.23147,33.13694],[-5.23182,33.13754],[-5.23233,33.13791],[-5.23249,33.13864],[-5.23321,33.13874],[-5.23341,33.13936],[-5.23306,33.13974],[-5.23383,33.14008]]}},{"type":"Feature","properties":{},"geometry":{"type":"LineString","coordinates":[[-5.22005,33.13704],[-5.21983,33.13778],[-5.21897,33.13934],[-5.21782,33.14233],[-5.21737,33.14246],[-5.21656,33.14207],[-5.216,33.14219],[-5.21491,33.14202]]}},{"type":"Feature","properties":{},"geometry":{"type":"LineString","coordinates":[[-5.34995,33.09357],[-5.34989,33.09411],[-5.35039,33.09604],[-5.34965,33.09693],[-5.34967,33.0977],[-5.34991,33.09808],[-5.34964,33.09831],[-5.3486,33.10017],[-5.34854,33.10124],[-5.34764,33.10165],[-5.34754,33.10205],[-5.34765,33.10261],[-5.34733,33.10288],[-5.3472,33.10329],[-5.34667,33.1037],[-5.34657,33.1043],[-5.34606,33.10446],[-5.34569,33.10507],[-5.34509,33.10529],[-5.34407,33.10655]]}},{"type":"Feature","properties":{},"geometry":{"type":"LineString","coordinates":[[-5.31039,33.1462],[-5.31003,33.14701],[-5.30884,33.14748],[-5.30808,33.14823],[-5.30775,33.14825],[-5.30736,33.14854],[-5.30601,33.14905],[-5.30572,33.14986],[-5.306,33.15114],[-5.30596,33.15168],[-5.30568,33.15229],[-5.30473,33.15269],[-5.30439,33.15331],[-5.30321,33.15388],[-5.30326,33.15569],[-5.30299,33.1566],[-5.30312,33.15702],[-5.30423,33.15843],[-5.3042,33.15942],[-5.30446,33.15997],[-5.30401,33.16119],[-5.30398,33.1629],[-5.30306,33.16343],[-5.30189,33.16514],[-5.30166,33.16521],[-5.3017,33.16557],[-5.30136,33.16643],[-5.30062,33.16755],[-5.29964,33.17],[-5.29937,33.17039],[-5.29886,33.17067],[-5.2985,33.1713],[-5.29802,33.17324],[-5.29742,33.17365],[-5.29699,33.17467],[-5.29561,33.17521],[-5.29501,33.17566],[-5.29335,33.17572],[-5.29304,33.17589],[-5.29237,33.17677],[-5.29224,33.17717],[-5.29227,33.17871],[-5.29341,33.17946],[-5.29382,33.1813],[-5.29465,33.18201],[-5.29471,33.18242],[-5.29367,33.18341],[-5.2934,33.1842],[-5.29263,33.18506],[-5.29227,33.18605],[-5.29158,33.18689],[-5.29075,33.18846],[-5.29066,33.19019],[-5.2902,33.19182],[-5.28979,33.1926],[-5.2898,33.19293],[-5.29012,33.19343],[-5.2911,33.19401],[-5.29133,33.19455],[-5.29096,33.19627],[-5.29111,33.19745],[-5.29088,33.19879],[-5.28906,33.19992],[-5.28776,33.20047],[-5.28625,33.20177],[-5.28512,33.20224],[-5.28421,33.20287],[-5.28199,33.20467],[-5.28137,33.20568],[-5.28025,33.20661],[-5.27977,33.20741],[-5.2737,33.20962]]}},{"type":"Feature","properties":{},"geometry":{"type":"LineString","coordinates":[[-5.34059,33.09375],[-5.33876,33.09352],[-5.33807,33.09398],[-5.33734,33.09385],[-5.33671,33.09399],[-5.33579,33.09372],[-5.33543,33.09403],[-5.33478,33.09341],[-5.33404,33.09333],[-5.33354,33.09367],[-5.33367,33.09465],[-5.33348,33.09498],[-5.33181,33.09415],[-5.33102,33.09395],[-5.33063,33.09443],[-5.33077,33.09518],[-5.32962,33.09478],[-5.32892,33.09474],[-5.32644,33.09554],[-5.32524,33.09524],[-5.32717,33.09345],[-5.32726,33.09327],[-5.3271,33.09317],[-5.32526,33.09397],[-5.32419,33.0947]]}},{"type":"Feature","properties":{},"geometry":{"type":"LineString","coordinates":[[-5.333,33.11292],[-5.33431,33.11184],[-5.33716,33.10772],[-5.33876,33.10717],[-5.33954,33.10644],[-5.34037,33.10596],[-5.34071,33.10554],[-5.34145,33.10519],[-5.34239,33.10378],[-5.34386,33.10275],[-5.34427,33.10221],[-5.34538,33.10161],[-5.34592,33.10077],[-5.34631,33.10048],[-5.34636,33.09993],[-5.34697,33.09928],[-5.34787,33.09894],[-5.34887,33.09806],[-5.3494,33.09803],[-5.34964,33.09831]]}},{"type":"Feature","properties":{},"geometry":{"type":"LineString","coordinates":[[-5.34813,33.10671],[-5.3473,33.10728],[-5.34642,33.10685],[-5.34631,33.10717],[-5.34594,33.10744],[-5.34572,33.10819],[-5.34521,33.10828],[-5.34499,33.1085],[-5.34478,33.10832],[-5.34483,33.10785],[-5.34459,33.10729],[-5.34494,33.10672],[-5.34479,33.10654],[-5.34419,33.10649],[-5.34364,33.10743],[-5.34366,33.10786],[-5.34326,33.10787],[-5.34302,33.10805],[-5.34295,33.10924],[-5.34245,33.10965],[-5.34255,33.11025],[-5.34245,33.11057],[-5.34211,33.11085],[-5.34234,33.11146],[-5.34226,33.11173],[-5.34199,33.11182],[-5.34206,33.11228],[-5.34152,33.11245],[-5.34119,33.11289],[-5.34061,33.11321],[-5.34001,33.11395],[-5.33859,33.11617],[-5.33912,33.11675],[-5.33797,33.11747],[-5.33804,33.11773],[-5.33979,33.11895],[-5.33995,33.11921],[-5.33983,33.11949],[-5.33878,33.12013],[-5.33875,33.12062]]}},{"type":"Feature","properties":{},"geometry":{"type":"LineString","coordinates":[[-5.333,33.11292],[-5.33177,33.11428],[-5.3307,33.11486],[-5.33051,33.11546],[-5.32985,33.11612],[-5.32903,33.11756],[-5.32848,33.11805],[-5.32757,33.12014],[-5.32614,33.12065],[-5.32537,33.12142],[-5.32455,33.12178],[-5.32398,33.12228],[-5.32329,33.12368],[-5.32155,33.12512],[-5.32006,33.127],[-5.31978,33.12714],[-5.31904,33.12703],[-5.31782,33.12795],[-5.31658,33.13019],[-5.31674,33.13069],[-5.31794,33.13133],[-5.31798,33.13161],[-5.31757,33.13204],[-5.31685,33.13356],[-5.31546,33.13541],[-5.31531,33.1359],[-5.31547,33.13669],[-5.31468,33.13865],[-5.3139,33.13949],[-5.31321,33.13984],[-5.31252,33.13967],[-5.31224,33.14024],[-5.31188,33.14022],[-5.31152,33.13977],[-5.31026,33.13944],[-5.31057,33.14018],[-5.31031,33.14179],[-5.31047,33.1436],[-5.31074,33.14398]]}},{"type":"Feature","properties":{},"geometry":{"type":"LineString","coordinates":[[-4.9247,32.95847],[-4.93005,32.96201],[-4.93269,32.96401],[-4.93501,32.9653],[-4.93804,32.96782],[-4.94031,32.96911],[-4.94307,32.97127],[-4.94716,32.97346],[-4.95033,32.97578],[-4.95212,32.97658],[-4.95256,32.97723],[-4.95435,32.9789],[-4.95509,32.98021],[-4.95596,32.98394],[-4.95577,32.98465],[-4.95593,32.98518],[-4.95586,32.98648],[-4.9563,32.98855],[-4.95624,32.98889],[-4.95509,32.99049],[-4.95483,32.9939],[-4.95552,32.99474],[-4.95823,32.9949],[-4.95937,32.99554],[-4.96131,32.99536],[-4.96249,32.9947],[-4.96392,32.99467],[-4.96508,32.99569],[-4.96538,32.9963],[-4.96554,32.99719],[-4.96577,32.99743],[-4.96637,32.99758],[-4.96849,32.99696],[-4.96881,32.99707],[-4.96901,32.99839],[-4.96961,32.99906],[-4.96988,33.00134],[-4.96967,33.00135],[-4.96918,33.00095],[-4.96882,33.00096],[-4.96676,33.00377]]}},{"type":"Feature","properties":{},"geometry":{"type":"LineString","coordinates":[[-4.80943,33.01198],[-4.81087,33.01349],[-4.8119,33.01402],[-4.81231,33.0145],[-4.81319,33.01632],[-4.81366,33.01679],[-4.81555,33.01771],[-4.82122,33.02166]]}},{"type":"Feature","properties":{},"geometry":{"type":"LineString","coordinates":[[-5.25626,33.52216],[-5.25587,33.52268],[-5.25626,33.52479],[-5.25576,33.52534],[-5.25373,33.52868],[-5.25307,33.53048],[-5.25064,33.5341],[-5.24928,33.53725],[-5.24677,33.541],[-5.24724,33.54503],[-5.23838,33.55209],[-5.23739,33.55497],[-5.23716,33.55668],[-5.2363,33.55744],[-5.2356,33.55799],[-5.2342,33.55862],[-5.23039,33.55934]]}},{"type":"Feature","properties":{},"geometry":{"type":"LineString","coordinates":[[-5.22636,33.52694],[-5.22509,33.52556],[-5.22474,33.52381],[-5.22257,33.5222],[-5.22228,33.52154],[-5.22086,33.52066],[-5.22009,33.51923],[-5.21995,33.51867],[-5.21534,33.51898],[-5.21283,33.51967],[-5.21082,33.51902],[-5.20994,33.5189],[-5.20622,33.51934],[-5.2049,33.519],[-5.20238,33.51887],[-5.20214,33.51899],[-5.20166,33.51969],[-5.20097,33.51972],[-5.19955,33.52046],[-5.19847,33.51863],[-5.19899,33.5184],[-5.20069,33.5183],[-5.20249,33.5169],[-5.20259,33.51672],[-5.20247,33.51664],[-5.20198,33.51692],[-5.20054,33.51736],[-5.20031,33.51731],[-5.20134,33.51659],[-5.20211,33.51516],[-5.20286,33.51446],[-5.20293,33.51417],[-5.20271,33.51359],[-5.20246,33.51351],[-5.20105,33.51378],[-5.19986,33.51361],[-5.19966,33.51375],[-5.1995,33.51437],[-5.19925,33.51454],[-5.19837,33.51394],[-5.19598,33.51401],[-5.19556,33.51385],[-5.19507,33.5128],[-5.19386,33.51093],[-5.19452,33.51033],[-5.19475,33.50982],[-5.19435,33.50836],[-5.19502,33.5074],[-5.19471,33.50695],[-5.19468,33.50586],[-5.19505,33.5039],[-5.19525,33.50346],[-5.19566,33.50315],[-5.19522,33.50249],[-5.19463,33.50049]]}},{"type":"Feature","properties":{},"geometry":{"type":"LineString","coordinates":[[-5.27799,33.49256],[-5.27693,33.49324],[-5.27275,33.49758]]}},{"type":"Feature","properties":{"grade":"grade4"},"geometry":{"type":"LineString","coordinates":[[-5.44914,33.09503],[-5.44889,33.09499],[-5.44845,33.09457],[-5.44679,33.09392],[-5.44343,33.09424],[-5.44273,33.09488],[-5.44226,33.09581],[-5.44272,33.09693],[-5.44299,33.0972],[-5.44339,33.09835],[-5.44331,33.09885],[-5.44234,33.10002],[-5.44151,33.10036],[-5.44129,33.10094],[-5.44086,33.10123],[-5.43982,33.10243],[-5.43837,33.10352],[-5.43563,33.10659],[-5.4313,33.1081],[-5.42927,33.10846],[-5.42899,33.10928],[-5.42923,33.11032],[-5.42844,33.11163],[-5.42822,33.11235],[-5.42656,33.11431],[-5.42565,33.11492],[-5.42559,33.11576],[-5.42474,33.11774],[-5.42467,33.11847],[-5.42573,33.12068],[-5.42802,33.12384],[-5.42865,33.12513],[-5.42965,33.12845],[-5.42992,33.13109],[-5.43077,33.13242],[-5.431,33.13333],[-5.43067,33.13415],[-5.42992,33.13484],[-5.42883,33.13515],[-5.42542,33.13575],[-5.42255,33.13576],[-5.41835,33.13636],[-5.41574,33.13752],[-5.40949,33.1391],[-5.40422,33.14081],[-5.40327,33.14149],[-5.4022,33.142],[-5.39541,33.14464],[-5.39415,33.14577],[-5.3937,33.146],[-5.39117,33.14596],[-5.3897,33.14712],[-5.38864,33.14744],[-5.38861,33.14811],[-5.39022,33.14998],[-5.39266,33.15086],[-5.39317,33.15123],[-5.39393,33.15214],[-5.39611,33.15309]]}},{"type":"Feature","properties":{},"geometry":{"type":"LineString","coordinates":[[-5.46319,33.10337],[-5.46081,33.10297],[-5.46029,33.10356],[-5.45982,33.10353],[-5.46019,33.10311],[-5.46031,33.1023],[-5.46022,33.10036],[-5.45931,33.09855],[-5.45863,33.09788],[-5.45762,33.09784],[-5.45713,33.09722],[-5.45512,33.09744],[-5.45445,33.09733],[-5.45313,33.09744],[-5.45153,33.09698],[-5.45107,33.09665],[-5.45082,33.09669]]}},{"type":"Feature","properties":{},"geometry":{"type":"LineString","coordinates":[[-5.3429,33.11885],[-5.34201,33.12014],[-5.34252,33.12002],[-5.3427,33.12017],[-5.34223,33.12056],[-5.34213,33.12083],[-5.34235,33.12151],[-5.34231,33.12217],[-5.3426,33.12304]]}},{"type":"Feature","properties":{},"geometry":{"type":"LineString","coordinates":[[-5.35394,33.09334],[-5.35327,33.09296],[-5.35239,33.09284],[-5.34995,33.09357]]}},{"type":"Feature","properties":{},"geometry":{"type":"LineString","coordinates":[[-5.42795,33.19364],[-5.42754,33.19274],[-5.4271,33.1927],[-5.42572,33.19311],[-5.42527,33.19272],[-5.42374,33.19199],[-5.4235,33.19153],[-5.42295,33.19102],[-5.423,33.19054],[-5.42243,33.19032],[-5.42158,33.1897],[-5.42054,33.18982],[-5.4198,33.18944],[-5.4188,33.18818],[-5.41865,33.18776],[-5.41839,33.18773]]}},{"type":"Feature","properties":{},"geometry":{"type":"LineString","coordinates":[[-5.42357,33.19182],[-5.42298,33.19211],[-5.42234,33.19337],[-5.42211,33.19291],[-5.42073,33.19349],[-5.42041,33.19427],[-5.42042,33.19529],[-5.42018,33.19556]]}},{"type":"Feature","properties":{},"geometry":{"type":"LineString","coordinates":[[-5.37238,33.21365],[-5.38602,33.20664],[-5.38835,33.20621],[-5.38977,33.20566],[-5.38985,33.20602],[-5.38951,33.20641],[-5.39115,33.20597],[-5.3913,33.20546],[-5.39226,33.20518],[-5.39391,33.20379],[-5.39439,33.20308],[-5.39413,33.20259],[-5.39423,33.2023],[-5.39528,33.2024],[-5.39646,33.20201],[-5.39714,33.20218],[-5.39712,33.20159],[-5.39789,33.2013],[-5.39823,33.20073],[-5.39981,33.19994],[-5.40087,33.19899],[-5.40167,33.19852],[-5.40178,33.19858],[-5.40071,33.19998],[-5.39936,33.20137],[-5.40087,33.20043],[-5.40166,33.19967],[-5.40284,33.19905],[-5.40318,33.19874],[-5.40343,33.19818],[-5.40301,33.19734],[-5.40317,33.19641],[-5.40356,33.19712],[-5.40466,33.19833],[-5.40481,33.19776],[-5.40596,33.19693],[-5.40714,33.19686],[-5.40797,33.19667],[-5.40828,33.19642],[-5.40883,33.19648],[-5.40939,33.19549],[-5.40986,33.1951],[-5.41102,33.19533],[-5.41161,33.19595],[-5.41247,33.19599],[-5.41299,33.19539],[-5.4135,33.19658],[-5.41341,33.19697],[-5.41366,33.19722],[-5.41364,33.19762],[-5.41425,33.19773],[-5.41404,33.19801],[-5.41417,33.19818],[-5.41477,33.19812],[-5.41513,33.1986],[-5.4158,33.19839],[-5.41641,33.19851],[-5.41711,33.19908],[-5.41723,33.19953],[-5.418,33.19913],[-5.41833,33.19918],[-5.41896,33.19947],[-5.41944,33.20013],[-5.41967,33.20022],[-5.42011,33.19999],[-5.42154,33.1997],[-5.42351,33.20123]]}},{"type":"Feature","properties":{},"geometry":{"type":"LineString","coordinates":[[-4.91655,33.0967],[-4.91626,33.0985],[-4.91596,33.09902],[-4.91622,33.09976],[-4.9167,33.1001],[-4.91631,33.10078],[-4.91583,33.10097],[-4.91568,33.10121],[-4.91565,33.10295],[-4.91525,33.10381]]}},{"type":"Feature","properties":{"grade":"grade4"},"geometry":{"type":"LineString","coordinates":[[-5.00382,33.20422],[-5.00192,33.20375],[-5.0007,33.20393],[-5.00034,33.2041],[-4.99879,33.20578],[-4.99591,33.20662],[-4.99465,33.20737],[-4.98758,33.20737],[-4.98003,33.20944],[-4.97136,33.21038],[-4.96873,33.20955],[-4.96837,33.20956],[-4.96815,33.2098]]}},{"type":"Feature","properties":{"grade":"grade4"},"geometry":{"type":"LineString","coordinates":[[-5.03474,33.22139],[-5.03506,33.22199],[-5.0355,33.22209],[-5.03553,33.22233],[-5.0347,33.2232],[-5.03396,33.22344],[-5.03387,33.22327],[-5.03399,33.22301],[-5.03349,33.22273],[-5.0334,33.22238],[-5.03151,33.2219],[-5.03034,33.22136],[-5.02953,33.22127],[-5.02892,33.22181],[-5.02746,33.22137],[-5.02616,33.22044],[-5.02573,33.22073],[-5.02521,33.22071],[-5.02454,33.21938],[-5.02463,33.21853],[-5.02436,33.21839],[-5.02421,33.21807],[-5.02284,33.21774],[-5.02118,33.21784],[-5.02078,33.21667],[-5.01855,33.21732],[-5.01657,33.21708],[-5.0138,33.21634],[-5.01363,33.21579],[-5.01382,33.21502],[-5.01279,33.21381],[-5.01236,33.2136],[-5.01157,33.2137],[-5.01121,33.21358],[-5.01014,33.21293],[-5.00857,33.21158],[-5.00699,33.20815],[-5.00655,33.20783],[-5.00655,33.20744],[-5.00591,33.20675],[-5.00596,33.20653],[-5.00665,33.20618],[-5.00675,33.20577],[-5.00663,33.2055],[-5.00611,33.205],[-5.00484,33.20452]]}},{"type":"Feature","properties":{"grade":"grade3"},"geometry":{"type":"LineString","coordinates":[[-5.00382,33.20422],[-5.00484,33.20452],[-5.00636,33.20461],[-5.00729,33.20485],[-5.00783,33.20476],[-5.00867,33.20382],[-5.0083,33.20216],[-5.00836,33.20178],[-5.00963,33.19986],[-5.01055,33.19935],[-5.012,33.19915],[-5.01749,33.19926],[-5.01912,33.19847],[-5.02801,33.19541],[-5.02934,33.1955],[-5.03153,33.19686],[-5.03297,33.19684],[-5.03452,33.19712],[-5.03737,33.1972],[-5.03807,33.19692],[-5.0396,33.19682],[-5.04096,33.19635],[-5.04386,33.1966],[-5.04643,33.19586],[-5.04845,33.19565],[-5.05056,33.19598],[-5.05133,33.19652],[-5.05172,33.19659],[-5.05392,33.19598],[-5.05546,33.19595],[-5.05815,33.19671],[-5.05853,33.197],[-5.05901,33.19693],[-5.05956,33.19718],[-5.06044,33.19718],[-5.06164,33.19768],[-5.06291,33.19961],[-5.06325,33.20087],[-5.06262,33.20311],[-5.06171,33.20551],[-5.06201,33.20574]]}},{"type":"Feature","properties":{"grade":"grade2"},"geometry":{"type":"LineString","coordinates":[[-4.99524,33.24297],[-4.9954,33.24176],[-4.9947,33.24057],[-4.99396,33.24061],[-4.9936,33.2413],[-4.99332,33.24139],[-4.99281,33.24065],[-4.99205,33.24048],[-4.99171,33.23948],[-4.99058,33.23938],[-4.99017,33.23904],[-4.99004,33.2386],[-4.98969,33.23829],[-4.98875,33.23838],[-4.98603,33.23945],[-4.98566,33.23943],[-4.98467,33.23897],[-4.98528,33.23526],[-4.98521,33.23393],[-4.98587,33.23305],[-4.98592,33.23275],[-4.98573,33.23231],[-4.98599,33.23128],[-4.98764,33.22779],[-4.98782,33.22626],[-4.98886,33.22601]]}},{"type":"Feature","properties":{"grade":"grade5"},"geometry":{"type":"LineString","coordinates":[[-4.96518,33.20957],[-4.96448,33.20715],[-4.96387,33.20673],[-4.96049,33.20683],[-4.95526,33.20778],[-4.95303,33.20728],[-4.95025,33.2074],[-4.94846,33.20678],[-4.94754,33.20624],[-4.94743,33.20499],[-4.9477,33.2044],[-4.94744,33.20387],[-4.94686,33.20346],[-4.94286,33.20155],[-4.93738,33.19997],[-4.935,33.19867],[-4.9337,33.19818],[-4.93089,33.19725],[-4.92977,33.19735],[-4.9282,33.19688],[-4.92522,33.19512],[-4.92475,33.19441],[-4.92485,33.19398],[-4.92543,33.19367],[-4.92706,33.19386],[-4.92774,33.19375],[-4.92889,33.19319],[-4.9292,33.19271],[-4.92928,33.19187],[-4.93017,33.1913],[-4.93036,33.19079],[-4.93014,33.18707],[-4.92889,33.18641],[-4.92792,33.18532],[-4.92725,33.18502],[-4.92668,33.18451],[-4.9265,33.18396],[-4.92677,33.18295],[-4.92666,33.18165],[-4.92557,33.18068]]}},{"type":"Feature","properties":{"grade":"grade3"},"geometry":{"type":"LineString","coordinates":[[-5.03474,33.22139],[-5.03461,33.22079],[-5.03472,33.22042],[-5.03598,33.22041],[-5.03653,33.21987],[-5.03722,33.21951],[-5.03946,33.21915],[-5.04128,33.21937],[-5.04173,33.2198],[-5.04201,33.22078],[-5.04287,33.22067],[-5.04339,33.2208],[-5.04474,33.22196],[-5.04516,33.22301],[-5.04547,33.22622],[-5.046,33.22607],[-5.05203,33.22812]]}},{"type":"Feature","properties":{"grade":"grade5"},"geometry":{"type":"LineString","coordinates":[[-4.99421,33.24734],[-4.99438,33.2459],[-4.99525,33.24301],[-4.99503,33.24262],[-4.99497,33.24201]]}},{"type":"Feature","properties":{"grade":"grade4"},"geometry":{"type":"LineString","coordinates":[[-4.95696,33.18681],[-4.96064,33.18771],[-4.96562,33.19175],[-4.96617,33.19162],[-4.96674,33.19171],[-4.9673,33.19208],[-4.96817,33.19232],[-4.96917,33.19296],[-4.9703,33.19329],[-4.97064,33.19462],[-4.97165,33.19455],[-4.97209,33.19435],[-4.97282,33.19448],[-4.97306,33.19483],[-4.97311,33.19558],[-4.97385,33.19605],[-4.9741,33.19606],[-4.9747,33.19554],[-4.97522,33.19565],[-4.97687,33.19557],[-4.97928,33.19497],[-4.9801,33.19431],[-4.9808,33.1944],[-4.98177,33.19518],[-4.98207,33.1952],[-4.98378,33.19493],[-4.98404,33.1947],[-4.98506,33.19442],[-4.9856,33.19474],[-4.98581,33.19425],[-4.98609,33.19417],[-4.98733,33.19413],[-4.98819,33.19448],[-4.98871,33.19431],[-4.9891,33.19447],[-4.98931,33.19432],[-4.98895,33.19298],[-4.98911,33.19283],[-4.98979,33.19282],[-4.99051,33.19314],[-4.99094,33.19277],[-4.99116,33.19285],[-4.9913,33.19339],[-4.99263,33.19353],[-4.99285,33.19292],[-4.99397,33.19168],[-4.99528,33.18983],[-4.99617,33.18877],[-4.99688,33.18838],[-4.99696,33.18794],[-4.99752,33.18732],[-4.99741,33.18691],[-4.99754,33.18612],[-4.99776,33.18595],[-5.00013,33.18577],[-5.00054,33.18557],[-5.00082,33.18519],[-5.00095,33.18436],[-5.00149,33.18293],[-5.00273,33.18366],[-5.00413,33.1839],[-5.00514,33.18439],[-5.0062,33.18463],[-5.00633,33.18601],[-5.00677,33.18704],[-5.0067,33.18948],[-5.00625,33.19034],[-5.00621,33.19123],[-5.00589,33.19183],[-5.00607,33.1934],[-5.00583,33.19438],[-5.00595,33.19477],[-5.00572,33.19658],[-5.00584,33.19677],[-5.00782,33.1973],[-5.01096,33.19724],[-5.0125,33.19837],[-5.01265,33.19875],[-5.01311,33.19919]]}},{"type":"Feature","properties":{"grade":"grade5"},"geometry":{"type":"LineString","coordinates":[[-4.9496,33.14577],[-4.94831,33.14878],[-4.94768,33.14951],[-4.9471,33.14987],[-4.94619,33.15005],[-4.9441,33.14983],[-4.94243,33.14889],[-4.93995,33.14643]]}},{"type":"Feature","properties":{"grade":"grade5"},"geometry":{"type":"LineString","coordinates":[[-4.96335,33.16392],[-4.96618,33.16227]]}},{"type":"Feature","properties":{"grade":"grade4"},"geometry":{"type":"LineString","coordinates":[[-4.96618,33.16227],[-4.9729,33.15699],[-4.97429,33.15626],[-4.97713,33.1541],[-4.97764,33.15325],[-4.97895,33.152],[-4.97981,33.15031],[-4.98284,33.1481],[-4.98334,33.14688]]}},{"type":"Feature","properties":{"grade":"grade5"},"geometry":{"type":"LineString","coordinates":[[-4.9384,33.15171],[-4.93935,33.14908]]}},{"type":"Feature","properties":{"grade":"grade5"},"geometry":{"type":"LineString","coordinates":[[-4.96335,33.16392],[-4.9627,33.16443],[-4.96058,33.16558],[-4.95886,33.16675],[-4.9587,33.16704],[-4.95861,33.16885],[-4.95793,33.16991],[-4.95777,33.17101],[-4.95805,33.17263],[-4.95855,33.17343],[-4.95846,33.17426],[-4.95866,33.17523],[-4.95855,33.17605],[-4.95875,33.17735],[-4.95868,33.17814],[-4.95842,33.17852],[-4.95831,33.17961],[-4.95731,33.18085],[-4.95585,33.18178],[-4.9539,33.18221],[-4.95347,33.18263],[-4.95317,33.18331],[-4.95324,33.18467],[-4.95408,33.1863],[-4.95533,33.18683],[-4.95696,33.18681]]}},{"type":"Feature","properties":{"grade":"grade3"},"geometry":{"type":"LineString","coordinates":[[-5.08539,33.48027],[-5.08422,33.48037],[-5.08369,33.48117],[-5.08218,33.48104],[-5.08205,33.48192],[-5.08117,33.48365],[-5.08107,33.48505],[-5.08072,33.48563],[-5.0806,33.48635],[-5.08067,33.48703],[-5.08036,33.48751],[-5.07971,33.49005],[-5.08018,33.49168],[-5.08021,33.49312],[-5.07982,33.49347],[-5.08058,33.49496],[-5.08049,33.49538],[-5.07995,33.49622],[-5.08011,33.49671]]}},{"type":"Feature","properties":{},"geometry":{"type":"LineString","coordinates":[[-4.64647,33.29085],[-4.64717,33.29193],[-4.64809,33.29267],[-4.64973,33.29774],[-4.65052,33.29965],[-4.65138,33.30264],[-4.6517,33.30466],[-4.65201,33.30547],[-4.65202,33.30627],[-4.65296,33.30869],[-4.65371,33.31262],[-4.65399,33.31299],[-4.65422,33.31376],[-4.65501,33.31724],[-4.65485,33.31768],[-4.65618,33.31853],[-4.65699,33.32055]]}},{"type":"Feature","properties":{},"geometry":{"type":"LineString","coordinates":[[-4.66213,33.29042],[-4.66453,33.28757],[-4.66676,33.28588],[-4.66543,33.28366],[-4.6661,33.28261],[-4.66644,33.2807],[-4.6673,33.28003],[-4.66692,33.27838],[-4.66632,33.2769],[-4.66765,33.27313],[-4.66781,33.27226],[-4.66902,33.27079],[-4.66902,33.26979],[-4.66985,33.26755],[-4.66987,33.26692],[-4.67054,33.26602],[-4.67104,33.26567],[-4.67115,33.26511],[-4.67101,33.26457],[-4.67163,33.26398],[-4.67163,33.26366],[-4.67079,33.26195],[-4.67096,33.26125],[-4.67162,33.26017],[-4.67151,33.25954],[-4.67259,33.25815],[-4.67269,33.2575],[-4.67308,33.25681],[-4.67485,33.25525],[-4.67535,33.25518],[-4.67752,33.2537],[-4.67805,33.25292],[-4.67822,33.25203],[-4.67936,33.25087],[-4.68091,33.2501],[-4.68135,33.24822],[-4.68293,33.24748],[-4.68388,33.24744]]}},{"type":"Feature","properties":{},"geometry":{"type":"LineString","coordinates":[[-4.65468,33.27129],[-4.65454,33.2715],[-4.65475,33.27258],[-4.65507,33.27294],[-4.65495,33.27318],[-4.6537,33.27394],[-4.65284,33.27357],[-4.65214,33.27361],[-4.65078,33.27511],[-4.65065,33.27641],[-4.64964,33.27765],[-4.64907,33.27794],[-4.64852,33.2776],[-4.6479,33.27794],[-4.64801,33.27841],[-4.64729,33.2786],[-4.6467,33.2791],[-4.64665,33.28011],[-4.64713,33.28131],[-4.64606,33.28173],[-4.64603,33.28211],[-4.6458,33.28245],[-4.64561,33.28393],[-4.64675,33.28741],[-4.64684,33.28913],[-4.64727,33.29046],[-4.64705,33.29166]]}},{"type":"Feature","properties":{},"geometry":{"type":"LineString","coordinates":[[-4.6663,33.28179],[-4.6655,33.28089],[-4.66444,33.28062],[-4.6626,33.27979],[-4.66193,33.27879],[-4.66178,33.27779],[-4.66131,33.27702],[-4.66019,33.2764],[-4.6577,33.27538],[-4.65646,33.27542],[-4.65508,33.27517],[-4.65349,33.27393]]}},{"type":"Feature","properties":{},"geometry":{"type":"LineString","coordinates":[[-4.5759,33.30038],[-4.57685,33.30004],[-4.57763,33.29933],[-4.58142,33.29736],[-4.59683,33.28985],[-4.59739,33.28931],[-4.5982,33.28802],[-4.59894,33.28787],[-4.59968,33.28796],[-4.60223,33.28905],[-4.60315,33.28973],[-4.60367,33.29031],[-4.60487,33.29274],[-4.605,33.29336],[-4.6057,33.29438],[-4.60619,33.29462],[-4.60729,33.29569],[-4.60833,33.29568],[-4.60943,33.29706],[-4.61008,33.29755],[-4.61096,33.2978],[-4.61259,33.29771],[-4.61387,33.29787],[-4.6145,33.29854],[-4.61554,33.29927],[-4.61724,33.29884],[-4.61892,33.29926],[-4.62098,33.29865],[-4.62151,33.29871],[-4.62196,33.29896],[-4.62225,33.2995],[-4.62224,33.30071],[-4.62272,33.30121],[-4.62422,33.30215],[-4.63055,33.30196],[-4.63532,33.30327],[-4.63545,33.30337],[-4.63544,33.30388],[-4.6368,33.30466],[-4.63718,33.30526],[-4.63879,33.30671],[-4.64261,33.31067],[-4.64927,33.31414],[-4.65485,33.31768]]}},{"type":"Feature","properties":{"grade":"grade2"},"geometry":{"type":"LineString","coordinates":[[-5.01795,33.08608],[-5.0177,33.08558],[-5.01637,33.08423],[-5.01675,33.08275],[-5.01667,33.08132],[-5.01689,33.08098],[-5.01764,33.08044]]}},{"type":"Feature","properties":{},"geometry":{"type":"LineString","coordinates":[[-4.82969,32.99092],[-4.82975,32.9907],[-4.83037,32.99015],[-4.83097,32.99006],[-4.83349,32.98844],[-4.83568,32.98732]]}},{"type":"Feature","properties":{"grade":"grade5"},"geometry":{"type":"LineString","coordinates":[[-4.85315,32.95777],[-4.85384,32.95642],[-4.85486,32.95276],[-4.85542,32.9513],[-4.85654,32.94981],[-4.85712,32.94958],[-4.85941,32.94928],[-4.86039,32.94882],[-4.86263,32.94759],[-4.8646,32.94537],[-4.86555,32.94525],[-4.86712,32.94428],[-4.86816,32.94409],[-4.86936,32.94419],[-4.87108,32.94486],[-4.87154,32.94486],[-4.88085,32.94239],[-4.88171,32.9418],[-4.88287,32.94161],[-4.88748,32.93505],[-4.88847,32.93427],[-4.88863,32.93221],[-4.88877,32.93201],[-4.89019,32.93103],[-4.89214,32.93055],[-4.89269,32.93054],[-4.89573,32.93118]]}},{"type":"Feature","properties":{},"geometry":{"type":"LineString","coordinates":[[-5.04635,33.23312],[-5.0488,33.23369],[-5.05113,33.23448],[-5.05291,33.23477],[-5.05424,33.23518],[-5.05473,33.23552],[-5.0575,33.23506],[-5.05835,33.23568],[-5.05868,33.23569]]}},{"type":"Feature","properties":{},"geometry":{"type":"LineString","coordinates":[[-5.00348,33.24331],[-5.00413,33.24378],[-5.006,33.24329],[-5.00997,33.24486],[-5.01218,33.24546],[-5.01401,33.24507],[-5.015,33.24508],[-5.01846,33.24571],[-5.02135,33.24676],[-5.0247,33.24666],[-5.02697,33.24581],[-5.02914,33.24477],[-5.03179,33.24418],[-5.03304,33.24373],[-5.04027,33.24029]]}},{"type":"Feature","properties":{},"geometry":{"type":"LineString","coordinates":[[-4.97554,33.28408],[-4.97527,33.28353],[-4.97504,33.28353],[-4.97486,33.28324],[-4.97464,33.28064],[-4.97381,33.27886],[-4.97375,33.27726],[-4.97388,33.27669]]}},{"type":"Feature","properties":{"grade":"grade5"},"geometry":{"type":"LineString","coordinates":[[-4.94255,33.26618],[-4.94255,33.26519],[-4.94235,33.26468],[-4.94178,33.26441],[-4.94127,33.26384],[-4.94053,33.26203],[-4.94053,33.26095],[-4.94012,33.26023],[-4.94012,33.25997],[-4.94031,33.25954],[-4.94068,33.25923],[-4.94376,33.25856],[-4.94359,33.2583],[-4.94212,33.25763],[-4.94178,33.25671],[-4.94178,33.25595],[-4.94232,33.25534],[-4.94338,33.25476],[-4.94388,33.25427],[-4.9448,33.25407],[-4.94573,33.25353],[-4.94572,33.25323],[-4.94526,33.25279],[-4.94534,33.25246],[-4.94675,33.25147],[-4.94715,33.25067],[-4.9483,33.24994],[-4.94657,33.24886],[-4.94635,33.24863],[-4.94621,33.2478],[-4.94466,33.24831],[-4.94367,33.24812],[-4.94331,33.2477],[-4.94335,33.24717],[-4.94449,33.24459],[-4.94404,33.24203],[-4.94441,33.23866],[-4.94542,33.23687],[-4.94606,33.23622],[-4.94697,33.23474],[-4.94838,33.23354],[-4.94888,33.23285],[-4.94982,33.23229],[-4.95207,33.23162],[-4.95239,33.23079],[-4.9529,33.23026],[-4.95273,33.22983],[-4.9529,33.22922],[-4.95361,33.22836],[-4.95667,33.22636],[-4.96063,33.22345],[-4.96113,33.22321],[-4.96354,33.22269],[-4.96377,33.22285],[-4.96354,33.22391],[-4.96396,33.22394],[-4.96667,33.22247],[-4.96742,33.22171],[-4.96763,33.22133],[-4.96769,33.22022],[-4.96744,33.2175],[-4.96717,33.21698],[-4.96591,33.21596],[-4.96601,33.21572],[-4.96765,33.21513],[-4.96808,33.21477],[-4.96828,33.2142],[-4.9679,33.21238],[-4.96726,33.21089]]}},{"type":"Feature","properties":{"grade":"grade4"},"geometry":{"type":"LineString","coordinates":[[-4.65189,33.41279],[-4.65149,33.41322],[-4.65149,33.41378],[-4.6512,33.41445],[-4.65032,33.41518],[-4.65029,33.416],[-4.64987,33.41632],[-4.64916,33.41654],[-4.64885,33.41761],[-4.64703,33.41886],[-4.64996,33.41821],[-4.65034,33.41821],[-4.65038,33.41843],[-4.64929,33.41898],[-4.6475,33.42035],[-4.64689,33.42227],[-4.64628,33.42344],[-4.64477,33.42466],[-4.64325,33.42687]]}},{"type":"Feature","properties":{"grade":"grade4"},"geometry":{"type":"LineString","coordinates":[[-5.00861,33.27255],[-5.00884,33.27067],[-5.00921,33.26964],[-5.00912,33.2693],[-5.00853,33.26856],[-5.00766,33.26792],[-5.0067,33.26683],[-5.00534,33.26595],[-5.00207,33.26198],[-4.99733,33.25918],[-4.99545,33.25785],[-4.99516,33.25749],[-4.99467,33.25611],[-4.99458,33.25141],[-4.99421,33.24734]]}},{"type":"Feature","properties":{},"geometry":{"type":"LineString","coordinates":[[-4.96018,33.55437],[-4.97893,33.54683]]}},{"type":"Feature","properties":{},"geometry":{"type":"LineString","coordinates":[[-4.94543,33.48607],[-4.94455,33.48468],[-4.94456,33.48429],[-4.9454,33.48394],[-4.94637,33.48392],[-4.94666,33.48369],[-4.94675,33.4833],[-4.94655,33.48255],[-4.94674,33.48144],[-4.94867,33.481],[-4.95011,33.47961],[-4.95128,33.47983],[-4.95258,33.47815],[-4.95273,33.47595],[-4.95311,33.47545],[-4.95264,33.47318],[-4.95358,33.46894],[-4.95388,33.46825],[-4.95436,33.4678],[-4.95431,33.46715],[-4.95629,33.46664],[-4.9576,33.46567],[-4.95763,33.46471],[-4.9565,33.46254],[-4.95673,33.46158],[-4.95648,33.46116],[-4.95647,33.46072],[-4.9567,33.46028],[-4.9575,33.45969],[-4.95787,33.45881],[-4.9579,33.45823],[-4.9586,33.45735],[-4.95851,33.45672],[-4.95881,33.45612],[-4.95788,33.45477],[-4.9577,33.45282],[-4.95748,33.45235],[-4.95696,33.45185]]}},{"type":"Feature","properties":{},"geometry":{"type":"LineString","coordinates":[[-4.9958,33.54242],[-4.99704,33.54278],[-4.99719,33.54389],[-4.99525,33.54513],[-4.99363,33.54792],[-4.9924,33.54828],[-4.99125,33.54886],[-4.9907,33.54933],[-4.98998,33.54929],[-4.98904,33.54961],[-4.98857,33.54935],[-4.98793,33.54812],[-4.98771,33.54806],[-4.98748,33.54868],[-4.98674,33.54943],[-4.98546,33.54922],[-4.98387,33.54982],[-4.9816,33.54972],[-4.9811,33.54987],[-4.98083,33.55031],[-4.98034,33.55063],[-4.97872,33.55144]]}},{"type":"Feature","properties":{},"geometry":{"type":"LineString","coordinates":[[-5.00378,33.55095],[-5.00408,33.55046],[-5.00503,33.54991],[-5.00706,33.54969],[-5.0075,33.5491],[-5.00753,33.54767],[-5.00627,33.54613],[-5.00627,33.54466],[-5.00596,33.54388],[-5.00368,33.54225],[-5.00207,33.54252],[-5.00037,33.54207],[-4.99988,33.54261],[-4.99882,33.54312],[-4.99704,33.54278]]}},{"type":"Feature","properties":{},"geometry":{"type":"LineString","coordinates":[[-4.93842,33.52344],[-4.9395,33.52844],[-4.94006,33.53366]]}},{"type":"Feature","properties":{},"geometry":{"type":"LineString","coordinates":[[-4.81288,33.52565],[-4.80737,33.52633],[-4.80592,33.52695],[-4.80533,33.52743],[-4.80409,33.52721],[-4.80247,33.52759],[-4.79551,33.53048],[-4.79482,33.53094],[-4.79253,33.53506],[-4.79099,33.53823],[-4.79093,33.5404],[-4.79119,33.54111],[-4.79263,33.54344],[-4.79325,33.54418],[-4.79407,33.54587],[-4.79414,33.54774],[-4.79381,33.54868],[-4.79367,33.55121],[-4.79394,33.55153],[-4.79393,33.55177],[-4.79432,33.55198],[-4.79487,33.55261],[-4.79519,33.55341],[-4.79489,33.55859]]}},{"type":"Feature","properties":{},"geometry":{"type":"LineString","coordinates":[[-4.95801,33.3001],[-4.95785,33.30093],[-4.957,33.30235],[-4.95766,33.30342],[-4.95763,33.30416],[-4.95795,33.30539],[-4.95842,33.3059],[-4.9588,33.30675],[-4.9584,33.30814],[-4.95885,33.30907],[-4.95899,33.31075],[-4.95946,33.31161],[-4.95948,33.31229],[-4.96016,33.31279],[-4.96175,33.31537],[-4.9624,33.316],[-4.9628,33.31616]]}},{"type":"Feature","properties":{},"geometry":{"type":"LineString","coordinates":[[-4.93754,33.14451],[-4.93788,33.14334],[-4.93795,33.1421],[-4.93816,33.1417],[-4.94059,33.13973],[-4.94269,33.13746],[-4.94393,33.13683],[-4.94415,33.13662],[-4.94413,33.1362],[-4.94436,33.13584],[-4.94573,33.13552]]}},{"type":"Feature","properties":{},"geometry":{"type":"LineString","coordinates":[[-4.65869,33.76962],[-4.65853,33.7694],[-4.65746,33.76901],[-4.65662,33.76833],[-4.65477,33.7675],[-4.65343,33.76629],[-4.65359,33.76521],[-4.65288,33.76284],[-4.65263,33.76054],[-4.6518,33.7582],[-4.65134,33.75626],[-4.65136,33.75558],[-4.65168,33.75492],[-4.65159,33.75421],[-4.65189,33.75312],[-4.65399,33.75118],[-4.65543,33.74738],[-4.65535,33.74664],[-4.65436,33.74327],[-4.65428,33.74155],[-4.6547,33.7388],[-4.65411,33.73905],[-4.65399,33.73877],[-4.65402,33.73824],[-4.65432,33.73782],[-4.6543,33.73741],[-4.6552,33.73618],[-4.65362,33.73627],[-4.6534,33.73416],[-4.65368,33.73361],[-4.65511,33.7329],[-4.65564,33.73218],[-4.65643,33.73149],[-4.65721,33.73125],[-4.65683,33.73119],[-4.65565,33.73165],[-4.65381,33.73205],[-4.65305,33.73195],[-4.65276,33.73153],[-4.65272,33.73104],[-4.65305,33.73026],[-4.65363,33.72965],[-4.6533,33.72905],[-4.65248,33.72964],[-4.65157,33.72973],[-4.65052,33.73029],[-4.65109,33.72964],[-4.65199,33.72899],[-4.65338,33.72745],[-4.65264,33.72597]]}},{"type":"Feature","properties":{},"geometry":{"type":"LineString","coordinates":[[-4.8176,33.41327],[-4.81618,33.41445],[-4.81472,33.41501],[-4.81338,33.41601],[-4.81226,33.41645],[-4.81097,33.4174],[-4.80374,33.42117],[-4.80075,33.4265]]}},{"type":"Feature","properties":{"grade":"grade5"},"geometry":{"type":"LineString","coordinates":[[-4.89487,32.98489],[-4.89365,32.98331],[-4.89262,32.98235],[-4.89042,32.97328],[-4.8898,32.9721],[-4.88807,32.96313],[-4.88742,32.96095],[-4.8855,32.95243],[-4.88407,32.95143],[-4.8825,32.94955],[-4.88237,32.94854],[-4.88254,32.94806],[-4.88309,32.94768],[-4.88253,32.94623],[-4.88317,32.94388],[-4.88321,32.94299],[-4.88298,32.94153]]}},{"type":"Feature","properties":{"grade":"grade5"},"geometry":{"type":"LineString","coordinates":[[-4.65838,33.06825],[-4.65971,33.06457]]}},{"type":"Feature","properties":{"grade":"grade5"},"geometry":{"type":"LineString","coordinates":[[-4.68496,33.01761],[-4.68371,33.01886],[-4.68151,33.02199],[-4.68119,33.0234],[-4.68066,33.0245],[-4.68032,33.02487],[-4.68011,33.0255],[-4.6796,33.02612],[-4.67943,33.02712],[-4.67738,33.03205],[-4.67541,33.0345],[-4.67416,33.03646],[-4.66849,33.05037],[-4.66608,33.0539],[-4.66477,33.05548],[-4.66265,33.0595],[-4.65955,33.06108],[-4.6602,33.06296]]}},{"type":"Feature","properties":{"grade":"grade5"},"geometry":{"type":"LineString","coordinates":[[-4.65744,33.0616],[-4.65727,33.0619],[-4.6573,33.06224],[-4.65823,33.0636],[-4.65821,33.064],[-4.65774,33.06497],[-4.6577,33.06669]]}},{"type":"Feature","properties":{},"geometry":{"type":"LineString","coordinates":[[-5.00401,33.74504],[-5.00552,33.74388],[-5.00744,33.74287],[-5.00828,33.74175]]}},{"type":"Feature","properties":{},"geometry":{"type":"LineString","coordinates":[[-5.03011,33.1194],[-5.02922,33.12177],[-5.02905,33.1261],[-5.02919,33.1269],[-5.03062,33.1283]]}},{"type":"Feature","properties":{"grade":"grade3"},"geometry":{"type":"LineString","coordinates":[[-4.8505,33.14527],[-4.84642,33.14624],[-4.84545,33.14665],[-4.84418,33.14694],[-4.84263,33.14765],[-4.84169,33.14769],[-4.84126,33.14799],[-4.84098,33.14859],[-4.84036,33.14912],[-4.83921,33.14965],[-4.83882,33.1505],[-4.83626,33.15136],[-4.83493,33.15219],[-4.83477,33.15245],[-4.83307,33.15332],[-4.82851,33.15493],[-4.82721,33.15517],[-4.82593,33.15564],[-4.82482,33.1557],[-4.82322,33.15629],[-4.82273,33.15703],[-4.82276,33.1576],[-4.82152,33.15806],[-4.82118,33.15837],[-4.82062,33.15948],[-4.8203,33.1608],[-4.81901,33.16112],[-4.81665,33.16334],[-4.81626,33.16343],[-4.81429,33.16461],[-4.81071,33.16623],[-4.80745,33.16808],[-4.80635,33.1681],[-4.80518,33.16941],[-4.80422,33.16985],[-4.8031,33.17096],[-4.80225,33.17147],[-4.80219,33.17216],[-4.80149,33.17224],[-4.80077,33.17267],[-4.79989,33.17214],[-4.79956,33.17217],[-4.79972,33.17369],[-4.79839,33.17521],[-4.79748,33.1753],[-4.7962,33.17575],[-4.79509,33.1765],[-4.7941,33.17678],[-4.79274,33.17745],[-4.79166,33.17856],[-4.79146,33.17951],[-4.79165,33.17958],[-4.79086,33.18184],[-4.79016,33.1825]]}},{"type":"Feature","properties":{},"geometry":{"type":"LineString","coordinates":[[-5.08123,32.95917],[-5.0805,32.95869],[-5.07903,32.95712],[-5.07848,32.95602],[-5.07664,32.95486],[-5.07537,32.95352],[-5.07506,32.95239],[-5.07451,32.95233],[-5.07322,32.95122],[-5.07185,32.94954],[-5.07073,32.94903],[-5.06943,32.94818],[-5.06845,32.94796],[-5.06766,32.9468],[-5.06694,32.94645],[-5.06637,32.94591],[-5.06578,32.94602],[-5.06426,32.94568],[-5.0628,32.9458],[-5.06201,32.9455],[-5.06136,32.94465],[-5.06149,32.9441],[-5.06136,32.94375],[-5.06001,32.94348]]}},{"type":"Feature","properties":{},"geometry":{"type":"LineString","coordinates":[[-5.02831,32.92596],[-5.02883,32.92977],[-5.02845,32.93146],[-5.02682,32.9346],[-5.02609,32.93743],[-5.02461,32.9417],[-5.02328,32.944],[-5.02191,32.94696],[-5.01717,32.96009]]}},{"type":"Feature","properties":{},"geometry":{"type":"LineString","coordinates":[[-4.99116,33.08486],[-4.99133,33.08475],[-4.99158,33.08378],[-4.99143,33.08325],[-4.99148,33.0827],[-4.99192,33.08202]]}},{"type":"Feature","properties":{},"geometry":{"type":"LineString","coordinates":[[-5.06685,33.23394],[-5.06715,33.23338],[-5.06591,33.23294],[-5.06756,33.23285],[-5.06834,33.23251],[-5.0686,33.23271],[-5.06798,33.2344],[-5.06682,33.23591],[-5.06527,33.23592]]}},{"type":"Feature","properties":{},"geometry":{"type":"LineString","coordinates":[[-5.06526,33.2359],[-5.06467,33.2349],[-5.06468,33.23432],[-5.06401,33.23348],[-5.06398,33.23239],[-5.06461,33.23082],[-5.06473,33.22927],[-5.06513,33.22909],[-5.06778,33.22907],[-5.06866,33.22983],[-5.06941,33.2294],[-5.07034,33.22921],[-5.07122,33.2292],[-5.07209,33.22948],[-5.07258,33.22771],[-5.07425,33.2261],[-5.07457,33.22543],[-5.07468,33.22473],[-5.07521,33.22449],[-5.07561,33.22385],[-5.07569,33.22279]]}},{"type":"Feature","properties":{"grade":"grade3"},"geometry":{"type":"LineString","coordinates":[[-5.01703,33.00746],[-5.01736,33.00762],[-5.01815,33.00753],[-5.01888,33.00694],[-5.01952,33.00676],[-5.02035,33.00712],[-5.02067,33.00756],[-5.0208,33.00729],[-5.02054,33.00607],[-5.02067,33.00543],[-5.02159,33.0039],[-5.02163,33.00338],[-5.02235,33.00211],[-5.02244,33.00152],[-5.02335,33.00067],[-5.02413,33.00067],[-5.0271,32.99929],[-5.02824,32.9998],[-5.02818,32.9987],[-5.02858,32.99727],[-5.02894,32.9966],[-5.03109,32.99431],[-5.03221,32.99343],[-5.03497,32.99232],[-5.03587,32.99217],[-5.0369,32.99229],[-5.03788,32.99217],[-5.03902,32.99249],[-5.04052,32.99218],[-5.04327,32.99302],[-5.04476,32.99397],[-5.04601,32.99562],[-5.04714,32.99637],[-5.04701,32.99749],[-5.0471,32.99874],[-5.04742,32.99996],[-5.04787,33.0006],[-5.04801,33.00196],[-5.04783,33.0024],[-5.04803,33.00283],[-5.04913,33.00376],[-5.04966,33.00524],[-5.04942,33.00589],[-5.04944,33.00645],[-5.05014,33.00717],[-5.04939,33.00796],[-5.04914,33.00854],[-5.04858,33.00894],[-5.04851,33.00917],[-5.04874,33.00978],[-5.04951,33.01094],[-5.05029,33.01149],[-5.05181,33.0116],[-5.05425,33.01271],[-5.05492,33.01335],[-5.05558,33.01433],[-5.05602,33.01684],[-5.05569,33.01819],[-5.05579,33.0195],[-5.05524,33.02113],[-5.05518,33.02173],[-5.05584,33.02337],[-5.05665,33.02441],[-5.05755,33.02756],[-5.05884,33.0284],[-5.05991,33.02982],[-5.06109,33.0308],[-5.06373,33.03134],[-5.06486,33.03224],[-5.06521,33.0331]]}},{"type":"Feature","properties":{},"geometry":{"type":"LineString","coordinates":[[-4.72977,33.3358],[-4.72919,33.33575],[-4.72776,33.33676],[-4.72748,33.33713],[-4.72773,33.33748],[-4.72754,33.33778],[-4.72691,33.33777],[-4.72601,33.33824],[-4.72533,33.33812],[-4.72279,33.33903],[-4.722,33.34036],[-4.7219,33.34123],[-4.72112,33.3434],[-4.71986,33.34449],[-4.71909,33.34426],[-4.71869,33.34439],[-4.71843,33.34416],[-4.71786,33.34403]]}},{"type":"Feature","properties":{},"geometry":{"type":"LineString","coordinates":[[-4.67179,33.37762],[-4.67199,33.37727],[-4.67189,33.37688],[-4.67219,33.37632],[-4.67274,33.37595],[-4.67267,33.37535],[-4.67295,33.37498],[-4.67302,33.37416],[-4.67408,33.37326],[-4.67353,33.37186],[-4.67322,33.3715],[-4.67372,33.37077],[-4.67415,33.36925],[-4.67355,33.36917],[-4.6729,33.36942],[-4.67255,33.36962],[-4.67247,33.36993],[-4.67212,33.37023],[-4.67149,33.37],[-4.67075,33.36997],[-4.67001,33.37036],[-4.66947,33.3702],[-4.66899,33.36979],[-4.66791,33.3696],[-4.66681,33.36894],[-4.66652,33.36839],[-4.66646,33.36671],[-4.66626,33.36607],[-4.66568,33.36572],[-4.665,33.36483],[-4.66476,33.3644],[-4.66478,33.36373],[-4.66454,33.36325],[-4.66306,33.36187],[-4.66274,33.36136],[-4.66237,33.36016],[-4.66217,33.35865],[-4.66073,33.35475],[-4.66065,33.35346]]}},{"type":"Feature","properties":{},"geometry":{"type":"LineString","coordinates":[[-5.09042,33.00016],[-5.08939,33.00098],[-5.08848,33.00113],[-5.08666,33.00192],[-5.08615,33.00237],[-5.0855,33.0036],[-5.08492,33.00404],[-5.08446,33.00425],[-5.08196,33.0047],[-5.08044,33.0059],[-5.07963,33.00602],[-5.07828,33.00554],[-5.07598,33.00594],[-5.07459,33.00531],[-5.07336,33.00539],[-5.07291,33.00475]]}},{"type":"Feature","properties":{"grade":"grade3"},"geometry":{"type":"LineString","coordinates":[[-5.03703,33.03748],[-5.03736,33.03763],[-5.038,33.0384],[-5.0378,33.0398],[-5.03807,33.03974],[-5.03833,33.03936]]}},{"type":"Feature","properties":{},"geometry":{"type":"LineString","coordinates":[[-5.36884,33.67205],[-5.36972,33.67176],[-5.36948,33.6711],[-5.36925,33.67098],[-5.36903,33.67055]]}},{"type":"Feature","properties":{},"geometry":{"type":"LineString","coordinates":[[-5.36039,33.69551],[-5.3592,33.69593],[-5.35412,33.697],[-5.35362,33.69731],[-5.35271,33.6983],[-5.35159,33.6991],[-5.35077,33.69945]]}},{"type":"Feature","properties":{},"geometry":{"type":"LineString","coordinates":[[-5.35921,33.69381],[-5.35973,33.69312],[-5.3596,33.69254],[-5.35988,33.69191],[-5.35923,33.69087],[-5.35913,33.69021],[-5.35783,33.68956],[-5.35735,33.68959],[-5.35595,33.68916]]}},{"type":"Feature","properties":{},"geometry":{"type":"LineString","coordinates":[[-5.3479,33.69341],[-5.34721,33.69342],[-5.34559,33.69301]]}},{"type":"Feature","properties":{},"geometry":{"type":"LineString","coordinates":[[-5.34841,33.69604],[-5.3479,33.69341]]}},{"type":"Feature","properties":{},"geometry":{"type":"LineString","coordinates":[[-5.3545,33.69248],[-5.35388,33.69258],[-5.35314,33.69294],[-5.34923,33.69317],[-5.3479,33.69341]]}},{"type":"Feature","properties":{},"geometry":{"type":"LineString","coordinates":[[-5.34587,33.68687],[-5.34493,33.6867],[-5.34412,33.68771],[-5.34154,33.69003],[-5.34113,33.69083],[-5.34168,33.69128]]}},{"type":"Feature","properties":{"grade":"grade1"},"geometry":{"type":"LineString","coordinates":[[-5.35962,33.69453],[-5.35893,33.69337],[-5.35728,33.69221],[-5.35498,33.69248],[-5.35352,33.69235],[-5.35096,33.69165],[-5.3505,33.69138],[-5.35007,33.69083],[-5.3487,33.69022],[-5.34797,33.69006],[-5.34772,33.68938],[-5.34777,33.6885],[-5.34643,33.68718],[-5.34587,33.68687],[-5.34569,33.68614],[-5.34731,33.68636],[-5.34854,33.68623],[-5.34917,33.68568],[-5.35037,33.68587]]}},{"type":"Feature","properties":{"grade":"grade1"},"geometry":{"type":"LineString","coordinates":[[-5.381,33.70499],[-5.37919,33.70553],[-5.37787,33.70552]]}},{"type":"Feature","properties":{"grade":"grade1"},"geometry":{"type":"LineString","coordinates":[[-5.37437,33.69706],[-5.37481,33.69764],[-5.37542,33.69969],[-5.37603,33.70047],[-5.37714,33.70145],[-5.37756,33.70246],[-5.37824,33.70349],[-5.37945,33.70461],[-5.37946,33.70547]]}},{"type":"Feature","properties":{},"geometry":{"type":"LineString","coordinates":[[-5.36143,33.69551],[-5.36191,33.69488],[-5.36329,33.69425],[-5.36352,33.69433]]}},{"type":"Feature","properties":{},"geometry":{"type":"LineString","coordinates":[[-5.35826,33.69285],[-5.35765,33.69319],[-5.35716,33.69375],[-5.35707,33.69407],[-5.35631,33.69457]]}},{"type":"Feature","properties":{},"geometry":{"type":"LineString","coordinates":[[-5.34594,33.70077],[-5.34636,33.70198],[-5.34533,33.70362],[-5.3453,33.70422]]}},{"type":"Feature","properties":{},"geometry":{"type":"LineString","coordinates":[[-5.3459,33.70061],[-5.34499,33.69963],[-5.34495,33.69921],[-5.34475,33.699],[-5.34491,33.69805],[-5.34473,33.69811],[-5.34446,33.69873]]}},{"type":"Feature","properties":{},"geometry":{"type":"LineString","coordinates":[[-5.34567,33.69776],[-5.34529,33.69913],[-5.34601,33.70066]]}},{"type":"Feature","properties":{},"geometry":{"type":"LineString","coordinates":[[-5.34567,33.69776],[-5.34596,33.69861]]}},{"type":"Feature","properties":{},"geometry":{"type":"LineString","coordinates":[[-5.34559,33.69301],[-5.34541,33.69373],[-5.34546,33.69452],[-5.34572,33.6953],[-5.34611,33.69568],[-5.34627,33.69613],[-5.34612,33.69628],[-5.3462,33.69678],[-5.34567,33.69776]]}},{"type":"Feature","properties":{},"geometry":{"type":"LineString","coordinates":[[-5.35629,33.70604],[-5.35528,33.70504],[-5.35373,33.70388],[-5.35394,33.70291],[-5.35373,33.70239],[-5.3527,33.70106],[-5.35196,33.70089],[-5.35083,33.69948],[-5.34594,33.70077]]}},{"type":"Feature","properties":{},"geometry":{"type":"LineString","coordinates":[[-5.45727,33.7216],[-5.45822,33.72086]]}},{"type":"Feature","properties":{},"geometry":{"type":"LineString","coordinates":[[-5.45919,33.71223],[-5.46175,33.71037],[-5.46189,33.71005]]}},{"type":"Feature","properties":{},"geometry":{"type":"LineString","coordinates":[[-5.33267,33.7374],[-5.32909,33.73549],[-5.32947,33.73504]]}},{"type":"Feature","properties":{},"geometry":{"type":"LineString","coordinates":[[-5.46705,33.69191],[-5.46869,33.69505],[-5.4699,33.69594]]}},{"type":"Feature","properties":{},"geometry":{"type":"LineString","coordinates":[[-5.46702,33.69663],[-5.47025,33.69589],[-5.47859,33.69645]]}},{"type":"Feature","properties":{},"geometry":{"type":"LineString","coordinates":[[-5.48641,33.71699],[-5.48646,33.7173]]}},{"type":"Feature","properties":{},"geometry":{"type":"LineString","coordinates":[[-5.46769,33.71678],[-5.47314,33.72015],[-5.47369,33.72021],[-5.49031,33.73027]]}},{"type":"Feature","properties":{},"geometry":{"type":"LineString","coordinates":[[-5.495,33.72555],[-5.49375,33.72628],[-5.49031,33.73027],[-5.49097,33.73068],[-5.49149,33.73144],[-5.49117,33.73284],[-5.49314,33.73376],[-5.49483,33.73478]]}},{"type":"Feature","properties":{},"geometry":{"type":"LineString","coordinates":[[-5.64262,32.96098],[-5.64299,32.96103],[-5.64343,32.96146],[-5.64207,32.96267],[-5.64173,32.9635],[-5.64221,32.96413],[-5.6412,32.96498]]}},{"type":"Feature","properties":{},"geometry":{"type":"LineString","coordinates":[[-5.62809,32.97126],[-5.62812,32.97324],[-5.6286,32.97457],[-5.62845,32.97545],[-5.62786,32.97661]]}},{"type":"Feature","properties":{},"geometry":{"type":"LineString","coordinates":[[-5.63723,32.96506],[-5.63563,32.96527],[-5.6339,32.96584],[-5.63378,32.96614]]}},{"type":"Feature","properties":{},"geometry":{"type":"LineString","coordinates":[[-5.62841,32.97518],[-5.6286,32.9754],[-5.62905,32.97543],[-5.62957,32.97521],[-5.62975,32.97479],[-5.63317,32.97491],[-5.6355,32.97453],[-5.63677,32.97458],[-5.6376,32.97426],[-5.63916,32.974],[-5.64126,32.97406],[-5.64273,32.97259],[-5.64299,32.97246],[-5.64348,32.97262],[-5.64418,32.97229],[-5.6452,32.97142],[-5.64535,32.97105],[-5.646,32.97096],[-5.64713,32.97031],[-5.64768,32.97031],[-5.64797,32.97083],[-5.64838,32.97083],[-5.64949,32.97019],[-5.65075,32.96915],[-5.65221,32.96853],[-5.65271,32.96788],[-5.65305,32.96669],[-5.65471,32.96515],[-5.65572,32.96444],[-5.65569,32.96302]]}},{"type":"Feature","properties":{},"geometry":{"type":"LineString","coordinates":[[-5.63579,32.96676],[-5.63606,32.96704],[-5.63587,32.96722],[-5.63648,32.96794]]}},{"type":"Feature","properties":{},"geometry":{"type":"LineString","coordinates":[[-5.62991,32.97073],[-5.62917,32.97031],[-5.62825,32.97021]]}},{"type":"Feature","properties":{},"geometry":{"type":"LineString","coordinates":[[-5.64152,32.97258],[-5.64185,32.97339]]}},{"type":"Feature","properties":{},"geometry":{"type":"LineString","coordinates":[[-5.63682,32.94462],[-5.63707,32.94498],[-5.63734,32.94614],[-5.63799,32.94667],[-5.63794,32.94822],[-5.63808,32.94857],[-5.63797,32.94989],[-5.63825,32.95108],[-5.63859,32.95157],[-5.63858,32.95199],[-5.63793,32.95307],[-5.63778,32.95381],[-5.63735,32.95415],[-5.63699,32.95422],[-5.63658,32.95472],[-5.63511,32.95498],[-5.63446,32.95474],[-5.63376,32.95417]]}},{"type":"Feature","properties":{},"geometry":{"type":"LineString","coordinates":[[-5.6358,32.94706],[-5.63612,32.94747],[-5.636,32.94868],[-5.63537,32.95041],[-5.63517,32.95162],[-5.63461,32.95178]]}},{"type":"Feature","properties":{},"geometry":{"type":"LineString","coordinates":[[-5.64183,32.95799],[-5.64175,32.95763],[-5.64126,32.95722],[-5.6412,32.95698]]}},{"type":"Feature","properties":{},"geometry":{"type":"LineString","coordinates":[[-5.63525,32.955],[-5.63515,32.95514],[-5.63531,32.95543]]}},{"type":"Feature","properties":{},"geometry":{"type":"LineString","coordinates":[[-5.63756,32.95402],[-5.63852,32.95415],[-5.63912,32.95444]]}},{"type":"Feature","properties":{},"geometry":{"type":"LineString","coordinates":[[-5.63967,32.96278],[-5.63889,32.96223],[-5.63881,32.96192],[-5.63828,32.96174]]}},{"type":"Feature","properties":{},"geometry":{"type":"LineString","coordinates":[[-5.64188,32.95803],[-5.64183,32.95799]]}},{"type":"Feature","properties":{},"geometry":{"type":"LineString","coordinates":[[-5.64377,32.95895],[-5.64188,32.95803]]}},{"type":"Feature","properties":{},"geometry":{"type":"LineString","coordinates":[[-5.63451,32.95029],[-5.62767,32.95258],[-5.62694,32.95293],[-5.62636,32.95345],[-5.6258,32.95353],[-5.62261,32.95471],[-5.62137,32.9555],[-5.6205,32.95579],[-5.62065,32.95608],[-5.62135,32.95632],[-5.62141,32.95643],[-5.62125,32.95654],[-5.61971,32.95634],[-5.6194,32.95582],[-5.61905,32.95559],[-5.61718,32.95546],[-5.61655,32.95558],[-5.6156,32.95617],[-5.61473,32.95643],[-5.61429,32.956],[-5.61438,32.95569],[-5.61376,32.95574],[-5.61396,32.95524],[-5.61378,32.95495],[-5.61409,32.95481],[-5.61459,32.95413],[-5.61438,32.95384],[-5.61384,32.95372],[-5.61229,32.95427]]}},{"type":"Feature","properties":{},"geometry":{"type":"LineString","coordinates":[[-5.57706,32.95976],[-5.5761,32.96043],[-5.57487,32.96178],[-5.57176,32.96401],[-5.57117,32.96415],[-5.5694,32.96502],[-5.56913,32.96494],[-5.56696,32.96551],[-5.56649,32.96575],[-5.56642,32.96597],[-5.56504,32.96658]]}},{"type":"Feature","properties":{},"geometry":{"type":"LineString","coordinates":[[-5.38811,33.63203],[-5.38867,33.63166],[-5.38986,33.63031],[-5.39158,33.629],[-5.39236,33.62774]]}},{"type":"Feature","properties":{},"geometry":{"type":"LineString","coordinates":[[-5.71429,32.91041],[-5.71444,32.91285],[-5.71299,32.91876],[-5.71271,32.92145],[-5.71222,32.92298],[-5.71164,32.92809],[-5.71101,32.93024],[-5.71071,32.93264],[-5.71023,32.93389],[-5.71061,32.93613],[-5.7103,32.93658],[-5.71004,32.93913],[-5.71025,32.94039],[-5.71021,32.94161],[-5.70979,32.94478],[-5.70874,32.94754],[-5.70846,32.94922],[-5.70861,32.95083],[-5.70927,32.95145],[-5.70934,32.95203],[-5.70913,32.95247],[-5.70992,32.9529],[-5.71022,32.95382],[-5.71051,32.95413],[-5.70972,32.95464],[-5.71024,32.95538],[-5.71039,32.95613]]}},{"type":"Feature","properties":{},"geometry":{"type":"LineString","coordinates":[[-5.34381,33.63943],[-5.34251,33.6398],[-5.33821,33.64032],[-5.3371,33.64167],[-5.33692,33.64231],[-5.33643,33.64287],[-5.337,33.64463],[-5.33704,33.64622],[-5.33597,33.64755],[-5.33594,33.64802],[-5.33537,33.649],[-5.33524,33.64993],[-5.33614,33.65178],[-5.33702,33.65152],[-5.33742,33.65115]]}},{"type":"Feature","properties":{},"geometry":{"type":"LineString","coordinates":[[-5.65545,32.99828],[-5.65596,32.99676],[-5.65677,32.99568],[-5.65729,32.99529],[-5.65824,32.99371],[-5.65918,32.99264],[-5.66116,32.99089],[-5.66242,32.98936],[-5.6627,32.9888],[-5.66313,32.98847],[-5.66381,32.98739],[-5.66461,32.98664],[-5.66471,32.9846],[-5.66518,32.98377],[-5.66647,32.98267],[-5.66687,32.98203],[-5.66792,32.98003],[-5.6684,32.9779],[-5.66974,32.97535],[-5.67014,32.97504],[-5.67045,32.9743],[-5.67099,32.97389],[-5.67137,32.97322],[-5.67144,32.97108],[-5.67238,32.968],[-5.67256,32.96681],[-5.67296,32.96605],[-5.67324,32.96117]]}},{"type":"Feature","properties":{},"geometry":{"type":"LineString","coordinates":[[-5.47366,33.67262],[-5.47265,33.67204],[-5.466,33.66684],[-5.46052,33.66566],[-5.45783,33.66381]]}},{"type":"Feature","properties":{},"geometry":{"type":"LineString","coordinates":[[-5.47358,33.67474],[-5.47464,33.67502]]}},{"type":"Feature","properties":{},"geometry":{"type":"LineString","coordinates":[[-5.47265,33.67204],[-5.47249,33.67251],[-5.47244,33.67431],[-5.47358,33.67474]]}},{"type":"Feature","properties":{},"geometry":{"type":"LineString","coordinates":[[-5.47464,33.67502],[-5.47551,33.67374],[-5.47366,33.67262]]}},{"type":"Feature","properties":{},"geometry":{"type":"LineString","coordinates":[[-5.45783,33.66381],[-5.45464,33.66155],[-5.45198,33.65721],[-5.44699,33.65316]]}},{"type":"Feature","properties":{},"geometry":{"type":"LineString","coordinates":[[-5.45716,33.66035],[-5.46359,33.66009]]}},{"type":"Feature","properties":{},"geometry":{"type":"LineString","coordinates":[[-5.34902,33.65378],[-5.34686,33.65382],[-5.34539,33.65252],[-5.34415,33.65083],[-5.3424,33.64929],[-5.3417,33.64804],[-5.34181,33.64702],[-5.33837,33.64713],[-5.33695,33.64646]]}},{"type":"Feature","properties":{},"geometry":{"type":"LineString","coordinates":[[-5.46789,33.6683],[-5.46311,33.67019],[-5.46144,33.66738],[-5.46382,33.66634]]}},{"type":"Feature","properties":{},"geometry":{"type":"LineString","coordinates":[[-5.47304,33.66038],[-5.47302,33.65926],[-5.47285,33.6588],[-5.47139,33.65695],[-5.46967,33.65653],[-5.46788,33.657]]}},{"type":"Feature","properties":{},"geometry":{"type":"LineString","coordinates":[[-5.45395,33.66052],[-5.45716,33.66035]]}},{"type":"Feature","properties":{},"geometry":{"type":"LineString","coordinates":[[-5.46573,33.6667],[-5.46782,33.66479],[-5.46665,33.66288],[-5.47079,33.66154],[-5.47255,33.66083],[-5.47304,33.66038]]}},{"type":"Feature","properties":{},"geometry":{"type":"LineString","coordinates":[[-5.34177,33.64751],[-5.34156,33.64741],[-5.33752,33.64921]]}},{"type":"Feature","properties":{},"geometry":{"type":"LineString","coordinates":[[-5.70507,32.99361],[-5.70525,32.99361],[-5.70639,32.99264],[-5.7069,32.9925],[-5.70899,32.99129],[-5.70926,32.99073],[-5.71048,32.98991],[-5.71084,32.98913],[-5.71131,32.98879],[-5.71181,32.98868],[-5.71284,32.98866],[-5.71425,32.98936],[-5.71591,32.99069],[-5.71732,32.99238],[-5.71801,32.9928]]}},{"type":"Feature","properties":{},"geometry":{"type":"LineString","coordinates":[[-5.65359,32.98585],[-5.65691,32.98633],[-5.65878,32.98592],[-5.6599,32.98627],[-5.66151,32.98642],[-5.66202,32.98619],[-5.66196,32.98592]]}},{"type":"Feature","properties":{},"geometry":{"type":"LineString","coordinates":[[-5.71269,33.00563],[-5.71377,33.00542],[-5.71456,33.00476],[-5.71498,33.0046],[-5.71507,33.00525],[-5.71762,33.00487],[-5.71847,33.00495],[-5.71903,33.00518],[-5.72019,33.00524],[-5.72192,33.00488],[-5.72409,33.00362],[-5.72713,33.0014],[-5.72964,33.00043],[-5.73027,33.0005],[-5.73281,32.99874],[-5.73406,32.99822],[-5.73539,32.99715],[-5.73635,32.99698],[-5.73726,32.99633],[-5.73706,32.99607],[-5.73667,32.9963],[-5.73642,32.99618],[-5.73649,32.99563],[-5.73591,32.99423],[-5.73556,32.99404],[-5.73569,32.99345],[-5.73443,32.99301],[-5.73272,32.99314],[-5.7313,32.99287],[-5.7295,32.99283],[-5.72785,32.99249],[-5.72634,32.99282],[-5.72376,32.99281],[-5.72345,32.99304],[-5.72351,32.99338]]}},{"type":"Feature","properties":{},"geometry":{"type":"LineString","coordinates":[[-5.72604,32.96229],[-5.72572,32.96302],[-5.7251,32.96332],[-5.72338,32.96463],[-5.72309,32.96614],[-5.72232,32.96713],[-5.7213,32.96768],[-5.72023,32.96872],[-5.71921,32.96995],[-5.71853,32.97117],[-5.71779,32.97205],[-5.71737,32.97231],[-5.71438,32.97218],[-5.71339,32.97192],[-5.71257,32.97146],[-5.71062,32.97125],[-5.70825,32.97136],[-5.70674,32.97177],[-5.70411,32.97207],[-5.70146,32.97208],[-5.69942,32.97068],[-5.69798,32.96997],[-5.69738,32.96936],[-5.69646,32.96791],[-5.69586,32.96747],[-5.69491,32.9672]]}},{"type":"Feature","properties":{},"geometry":{"type":"LineString","coordinates":[[-5.73726,32.99633],[-5.73846,32.99586],[-5.73922,32.99532],[-5.74062,32.99515],[-5.74332,32.99359],[-5.74455,32.99317],[-5.74593,32.99295],[-5.74762,32.99217],[-5.75003,32.98966],[-5.75063,32.98875]]}},{"type":"Feature","properties":{},"geometry":{"type":"LineString","coordinates":[[-5.79068,32.99256],[-5.79044,32.99268],[-5.79022,32.9924],[-5.78939,32.99227],[-5.78493,32.99327],[-5.78353,32.99338],[-5.78154,32.99392],[-5.78028,32.99452],[-5.77891,32.99458],[-5.77804,32.99486],[-5.77601,32.99516],[-5.77447,32.995],[-5.7726,32.99513],[-5.77149,32.995],[-5.76889,32.99523],[-5.76486,32.99657],[-5.76308,32.99688],[-5.76032,32.99789],[-5.75849,32.99778],[-5.75709,32.99805],[-5.75625,32.9977],[-5.75447,32.99746],[-5.75322,32.99696],[-5.75253,32.99635],[-5.75148,32.99433],[-5.75159,32.9935],[-5.75102,32.99199],[-5.74992,32.98992],[-5.74891,32.98842],[-5.74726,32.9869],[-5.74671,32.98571],[-5.74575,32.98501],[-5.74528,32.98445],[-5.74417,32.98388],[-5.74324,32.98291],[-5.74293,32.98205],[-5.74267,32.98177],[-5.74157,32.98126],[-5.74052,32.98045]]}},{"type":"Feature","properties":{},"geometry":{"type":"LineString","coordinates":[[-5.72928,32.9928],[-5.72927,32.99209],[-5.72951,32.9916],[-5.7294,32.99104],[-5.72882,32.9906],[-5.73021,32.98875],[-5.73118,32.98703],[-5.73108,32.98677],[-5.73066,32.9866]]}},{"type":"Feature","properties":{},"geometry":{"type":"LineString","coordinates":[[-5.74052,32.98045],[-5.74035,32.98035]]}},{"type":"Feature","properties":{},"geometry":{"type":"LineString","coordinates":[[-5.74035,32.98035],[-5.73986,32.97959],[-5.73887,32.97912],[-5.73619,32.97903],[-5.73546,32.97917],[-5.73587,32.97852],[-5.73565,32.97804],[-5.73586,32.97759]]}},{"type":"Feature","properties":{},"geometry":{"type":"LineString","coordinates":[[-5.37384,33.62367],[-5.3736,33.62378],[-5.37357,33.62438],[-5.37324,33.6248],[-5.37327,33.62538],[-5.37132,33.62669],[-5.37172,33.62745]]}},{"type":"Feature","properties":{},"geometry":{"type":"LineString","coordinates":[[-5.3456,33.64177],[-5.34663,33.64131],[-5.3466,33.64097],[-5.34717,33.64034],[-5.35073,33.63862],[-5.35744,33.6395]]}},{"type":"Feature","properties":{},"geometry":{"type":"LineString","coordinates":[[-5.59589,32.98257],[-5.59703,32.98199],[-5.59806,32.9811],[-5.5994,32.98025],[-5.60084,32.97982],[-5.60132,32.97945],[-5.60388,32.97867],[-5.60527,32.97752],[-5.6088,32.97728],[-5.61214,32.97646]]}},{"type":"Feature","properties":{},"geometry":{"type":"LineString","coordinates":[[-5.7309,32.95055],[-5.73325,32.95072],[-5.73521,32.95065],[-5.7364,32.9509],[-5.73731,32.95053],[-5.73793,32.95047],[-5.7405,32.95062],[-5.7425,32.95279],[-5.74356,32.95447],[-5.74442,32.95519],[-5.74547,32.95709],[-5.74519,32.95834],[-5.74469,32.95934],[-5.7437,32.95992],[-5.74303,32.96072],[-5.7424,32.96092],[-5.74193,32.96193],[-5.74136,32.96234],[-5.74069,32.96331],[-5.73993,32.96391],[-5.73969,32.9645],[-5.73914,32.96509],[-5.73894,32.96563],[-5.7394,32.96712],[-5.73839,32.96916],[-5.7384,32.96964],[-5.73791,32.97093],[-5.73797,32.97163],[-5.73762,32.97229],[-5.73693,32.9727],[-5.73636,32.97328],[-5.73595,32.9734]]}},{"type":"Feature","properties":{},"geometry":{"type":"LineString","coordinates":[[-5.60401,32.97616],[-5.60393,32.97662],[-5.60414,32.97719],[-5.60383,32.97824],[-5.60401,32.97858]]}},{"type":"Feature","properties":{},"geometry":{"type":"LineString","coordinates":[[-5.34132,33.63682],[-5.34558,33.634],[-5.34796,33.63353],[-5.3492,33.63164],[-5.35101,33.6304],[-5.35216,33.62936],[-5.35516,33.62819],[-5.35518,33.62739],[-5.35479,33.62696],[-5.35456,33.62524]]}},{"type":"Feature","properties":{},"geometry":{"type":"LineString","coordinates":[[-5.37345,33.63227],[-5.37296,33.63195],[-5.37245,33.63188],[-5.37202,33.6321],[-5.37157,33.63261],[-5.37028,33.63299],[-5.36996,33.63334]]}},{"type":"Feature","properties":{},"geometry":{"type":"LineString","coordinates":[[-5.26831,33.69217],[-5.27254,33.69003],[-5.27295,33.69009]]}},{"type":"Feature","properties":{},"geometry":{"type":"LineString","coordinates":[[-5.27002,33.69394],[-5.27288,33.69252],[-5.27298,33.69237],[-5.27286,33.6921],[-5.27324,33.69174]]}},{"type":"Feature","properties":{},"geometry":{"type":"LineString","coordinates":[[-5.62678,32.99118],[-5.62991,32.98875],[-5.63039,32.98858],[-5.63094,32.98812],[-5.63102,32.9878],[-5.63322,32.98633],[-5.63479,32.98488],[-5.63561,32.98433],[-5.63644,32.98409],[-5.63678,32.98381],[-5.64028,32.98273],[-5.64213,32.98122],[-5.64399,32.98024],[-5.64625,32.97996],[-5.64702,32.98041],[-5.64725,32.98082],[-5.6472,32.98124]]}},{"type":"Feature","properties":{},"geometry":{"type":"LineString","coordinates":[[-5.62755,32.99056],[-5.6284,32.99048],[-5.62876,32.99083]]}},{"type":"Feature","properties":{},"geometry":{"type":"LineString","coordinates":[[-5.62905,32.97543],[-5.62996,32.97571],[-5.63079,32.97659],[-5.63108,32.97723],[-5.63211,32.97793],[-5.63263,32.97787],[-5.63397,32.97813],[-5.63631,32.97877],[-5.63671,32.97904],[-5.63689,32.97952],[-5.63684,32.97996],[-5.63782,32.98153],[-5.63791,32.98194],[-5.64046,32.98393],[-5.64106,32.98461],[-5.64099,32.98479],[-5.6405,32.98486],[-5.64049,32.98515],[-5.64029,32.98532],[-5.64049,32.98567],[-5.64044,32.98619],[-5.64007,32.98647],[-5.63968,32.9872],[-5.63996,32.9878],[-5.63989,32.98805]]}},{"type":"Feature","properties":{},"geometry":{"type":"LineString","coordinates":[[-5.19154,33.50701],[-5.19204,33.50937]]}},{"type":"Feature","properties":{},"geometry":{"type":"LineString","coordinates":[[-5.19453,33.50805],[-5.19413,33.50777],[-5.192,33.50707],[-5.19101,33.507],[-5.19058,33.50646],[-5.18988,33.50619]]}},{"type":"Feature","properties":{},"geometry":{"type":"LineString","coordinates":[[-5.35949,33.66251],[-5.35965,33.66217],[-5.36164,33.66085],[-5.35911,33.65746],[-5.35732,33.65473],[-5.35802,33.65406],[-5.35861,33.65375],[-5.3585,33.65274],[-5.35871,33.65234],[-5.35926,33.65188],[-5.35967,33.65077],[-5.35976,33.65001],[-5.36044,33.64923],[-5.36107,33.64776]]}},{"type":"Feature","properties":{},"geometry":{"type":"LineString","coordinates":[[-5.35911,33.65746],[-5.35705,33.65923],[-5.35602,33.65962],[-5.35557,33.6604]]}},{"type":"Feature","properties":{},"geometry":{"type":"LineString","coordinates":[[-5.16789,33.54409],[-5.16824,33.54384],[-5.16872,33.54376],[-5.16905,33.54316],[-5.16983,33.54258]]}},{"type":"Feature","properties":{},"geometry":{"type":"LineString","coordinates":[[-5.16673,33.54613],[-5.16678,33.54574],[-5.16789,33.54409],[-5.16766,33.54322],[-5.16719,33.5423]]}},{"type":"Feature","properties":{},"geometry":{"type":"LineString","coordinates":[[-5.18853,33.46884],[-5.18814,33.46822],[-5.18777,33.46812],[-5.18731,33.46764],[-5.18647,33.46723],[-5.18557,33.46702],[-5.18453,33.46631],[-5.18406,33.46576]]}},{"type":"Feature","properties":{},"geometry":{"type":"LineString","coordinates":[[-5.18434,33.46934],[-5.18066,33.46961],[-5.17887,33.47018],[-5.1783,33.47053],[-5.17791,33.47108]]}},{"type":"Feature","properties":{},"geometry":{"type":"LineString","coordinates":[[-5.18606,33.47426],[-5.18561,33.47355],[-5.18454,33.47263],[-5.18403,33.47191],[-5.18369,33.47112],[-5.18365,33.47055],[-5.18428,33.4694],[-5.18487,33.46896],[-5.18589,33.46864],[-5.18717,33.46865],[-5.18988,33.46917],[-5.19259,33.4703],[-5.19376,33.47043],[-5.19487,33.47088],[-5.19627,33.472],[-5.19847,33.47535]]}},{"type":"Feature","properties":{},"geometry":{"type":"LineString","coordinates":[[-5.17458,33.46156],[-5.17495,33.46147],[-5.17558,33.46022],[-5.17602,33.45998]]}},{"type":"Feature","properties":{},"geometry":{"type":"LineString","coordinates":[[-5.16646,33.46462],[-5.16888,33.46529],[-5.16931,33.46582]]}},{"type":"Feature","properties":{},"geometry":{"type":"LineString","coordinates":[[-5.16969,33.4624],[-5.16948,33.46289],[-5.16918,33.46308],[-5.16822,33.46303],[-5.16755,33.46334],[-5.16725,33.46325],[-5.16655,33.4635],[-5.16622,33.46325],[-5.16576,33.46343]]}},{"type":"Feature","properties":{},"geometry":{"type":"LineString","coordinates":[[-5.17691,33.45874],[-5.17538,33.45902],[-5.17447,33.45855],[-5.17412,33.45869],[-5.17265,33.45775],[-5.17101,33.45741],[-5.17074,33.45717]]}},{"type":"Feature","properties":{},"geometry":{"type":"LineString","coordinates":[[-5.55923,33.73056],[-5.55008,33.74381],[-5.5445,33.74621],[-5.54041,33.74718],[-5.54026,33.74776]]}},{"type":"Feature","properties":{},"geometry":{"type":"LineString","coordinates":[[-5.27343,33.76391],[-5.27234,33.76325],[-5.26927,33.75975],[-5.2675,33.75867],[-5.26695,33.75665],[-5.26641,33.75555],[-5.26598,33.7554],[-5.26536,33.75485],[-5.26388,33.75312],[-5.26335,33.75272],[-5.26238,33.75112],[-5.26028,33.74949],[-5.25946,33.74747],[-5.25937,33.74639],[-5.26032,33.74313],[-5.26045,33.74197],[-5.26008,33.74102],[-5.25956,33.74024],[-5.2587,33.73796],[-5.25791,33.73378],[-5.25759,33.72988],[-5.25728,33.72872],[-5.25732,33.72727],[-5.25707,33.72634],[-5.25559,33.72351],[-5.25473,33.72243],[-5.25425,33.7213],[-5.25395,33.72119],[-5.25274,33.72005],[-5.25097,33.71909]]}},{"type":"Feature","properties":{},"geometry":{"type":"LineString","coordinates":[[-5.29169,33.72252],[-5.28982,33.72224],[-5.2882,33.72221],[-5.28282,33.72062],[-5.28369,33.72002],[-5.28362,33.7188],[-5.28187,33.71666],[-5.28191,33.71634]]}},{"type":"Feature","properties":{},"geometry":{"type":"LineString","coordinates":[[-5.27619,33.71164],[-5.27588,33.71167],[-5.27502,33.71258],[-5.27375,33.71199],[-5.27363,33.71238],[-5.27324,33.71249],[-5.27335,33.71293],[-5.27361,33.71308],[-5.2737,33.71364]]}},{"type":"Feature","properties":{},"geometry":{"type":"LineString","coordinates":[[-5.28691,33.71156],[-5.28681,33.71138],[-5.28707,33.71047],[-5.28699,33.71009]]}},{"type":"Feature","properties":{},"geometry":{"type":"LineString","coordinates":[[-5.2893,33.70754],[-5.28891,33.70793],[-5.28816,33.70831],[-5.2869,33.71021],[-5.2853,33.7112],[-5.28527,33.71137],[-5.28884,33.71547],[-5.29229,33.7204],[-5.29306,33.72134],[-5.29394,33.72209]]}},{"type":"Feature","properties":{},"geometry":{"type":"LineString","coordinates":[[-5.27321,33.71349],[-5.2701,33.71316],[-5.26826,33.71276]]}},{"type":"Feature","properties":{},"geometry":{"type":"LineString","coordinates":[[-5.27507,33.71437],[-5.2749,33.71505],[-5.27439,33.71531]]}},{"type":"Feature","properties":{},"geometry":{"type":"LineString","coordinates":[[-5.27223,33.72608],[-5.2718,33.72808]]}},{"type":"Feature","properties":{},"geometry":{"type":"LineString","coordinates":[[-5.2793,33.72111],[-5.2797,33.72097],[-5.27943,33.72002]]}},{"type":"Feature","properties":{},"geometry":{"type":"LineString","coordinates":[[-5.28099,33.72025],[-5.28107,33.72124]]}},{"type":"Feature","properties":{},"geometry":{"type":"LineString","coordinates":[[-5.28455,33.72716],[-5.28223,33.72723],[-5.28081,33.72753],[-5.27928,33.72764],[-5.27694,33.72873],[-5.27615,33.72893],[-5.27459,33.72899],[-5.27283,33.72952],[-5.27251,33.7285],[-5.2716,33.72798],[-5.26906,33.72731],[-5.26898,33.72744],[-5.26932,33.72812]]}},{"type":"Feature","properties":{},"geometry":{"type":"LineString","coordinates":[[-5.28897,33.72228],[-5.28858,33.72276],[-5.28834,33.72348],[-5.2852,33.72382],[-5.28475,33.72367]]}},{"type":"Feature","properties":{},"geometry":{"type":"LineString","coordinates":[[-5.28671,33.72467],[-5.28676,33.72432],[-5.28579,33.72455],[-5.28415,33.72424]]}},{"type":"Feature","properties":{},"geometry":{"type":"LineString","coordinates":[[-5.28712,33.72766],[-5.28536,33.72759],[-5.28456,33.72715],[-5.28459,33.72798]]}},{"type":"Feature","properties":{},"geometry":{"type":"LineString","coordinates":[[-5.28535,33.72831],[-5.28544,33.7272],[-5.28487,33.72637],[-5.28509,33.72563],[-5.28405,33.72466],[-5.28433,33.72383],[-5.28369,33.72258],[-5.28372,33.72113],[-5.28352,33.72097],[-5.28283,33.721],[-5.28272,33.72088],[-5.28282,33.72062]]}},{"type":"Feature","properties":{},"geometry":{"type":"LineString","coordinates":[[-5.28282,33.72062],[-5.28037,33.72011],[-5.27805,33.72011],[-5.27571,33.71981],[-5.27442,33.71999],[-5.27371,33.72034],[-5.27194,33.72079],[-5.26643,33.72111],[-5.26598,33.72148],[-5.26447,33.72207],[-5.26172,33.72382],[-5.25699,33.72612]]}},{"type":"Feature","properties":{},"geometry":{"type":"LineString","coordinates":[[-5.03852,33.72058],[-5.0384,33.72092],[-5.03868,33.72133],[-5.03894,33.72223],[-5.03872,33.72313],[-5.03933,33.72541],[-5.03902,33.72839],[-5.0387,33.7293],[-5.03849,33.73068],[-5.0376,33.73194],[-5.03717,33.73438],[-5.03666,33.73542]]}},{"type":"Feature","properties":{},"geometry":{"type":"LineString","coordinates":[[-5.03259,33.71097],[-5.03158,33.71278],[-5.02991,33.71359],[-5.02965,33.71403],[-5.02877,33.71464],[-5.02826,33.71522],[-5.02727,33.71554],[-5.02558,33.71688],[-5.02496,33.71765],[-5.02467,33.71835],[-5.02421,33.71876],[-5.02287,33.71904],[-5.02222,33.71884],[-5.02083,33.71873]]}},{"type":"Feature","properties":{},"geometry":{"type":"LineString","coordinates":[[-5.04528,33.70038],[-5.04363,33.7013],[-5.04163,33.70299],[-5.03968,33.70407],[-5.03907,33.70471],[-5.03718,33.706],[-5.03615,33.70748],[-5.03457,33.70851],[-5.03314,33.71012],[-5.03259,33.71097]]}},{"type":"Feature","properties":{},"geometry":{"type":"LineString","coordinates":[[-5.05028,33.69372],[-5.04799,33.69592],[-5.0473,33.69678],[-5.04601,33.69931],[-5.04463,33.70119],[-5.04422,33.70424],[-5.04344,33.70766],[-5.04257,33.70932],[-5.04193,33.71099]]}},{"type":"Feature","properties":{},"geometry":{"type":"LineString","coordinates":[[-5.0393,33.72515],[-5.0397,33.72526],[-5.04011,33.72481],[-5.04105,33.72512],[-5.0427,33.72619]]}},{"type":"Feature","properties":{},"geometry":{"type":"LineString","coordinates":[[-5.03885,33.72189],[-5.0426,33.72171],[-5.04266,33.72247],[-5.04298,33.7231],[-5.04405,33.724]]}},{"type":"Feature","properties":{},"geometry":{"type":"LineString","coordinates":[[-5.04271,33.70908],[-5.04384,33.70897],[-5.04496,33.70929],[-5.04752,33.70949]]}},{"type":"Feature","properties":{},"geometry":{"type":"LineString","coordinates":[[-5.04278,33.70897],[-5.04124,33.70897],[-5.04073,33.7088],[-5.04048,33.70852]]}},{"type":"Feature","properties":{},"geometry":{"type":"LineString","coordinates":[[-5.03915,33.71743],[-5.03642,33.71794],[-5.03341,33.71818],[-5.03273,33.71811],[-5.0304,33.71876],[-5.0256,33.71872],[-5.02446,33.71857]]}},{"type":"Feature","properties":{},"geometry":{"type":"LineString","coordinates":[[-5.04284,33.71834],[-5.04451,33.71864],[-5.04427,33.71968]]}},{"type":"Feature","properties":{},"geometry":{"type":"LineString","coordinates":[[-5.04569,33.71631],[-5.04505,33.71744]]}},{"type":"Feature","properties":{},"geometry":{"type":"LineString","coordinates":[[-5.20905,33.41917],[-5.20849,33.4193],[-5.20853,33.42029],[-5.20824,33.42102]]}},{"type":"Feature","properties":{},"geometry":{"type":"LineString","coordinates":[[-5.34559,33.69301],[-5.34578,33.69195],[-5.34561,33.69129],[-5.34516,33.69068],[-5.34298,33.68879]]}},{"type":"Feature","properties":{},"geometry":{"type":"LineString","coordinates":[[-5.26482,33.71211],[-5.26178,33.71166],[-5.26072,33.71117]]}},{"type":"Feature","properties":{},"geometry":{"type":"LineString","coordinates":[[-5.26401,33.71698],[-5.26141,33.71827]]}},{"type":"Feature","properties":{},"geometry":{"type":"LineString","coordinates":[[-5.266,33.72138],[-5.26583,33.72098],[-5.2638,33.71921],[-5.26396,33.7186],[-5.26399,33.71704],[-5.26438,33.71553],[-5.26448,33.71296],[-5.26485,33.71222],[-5.26452,33.71187],[-5.26451,33.71148],[-5.2649,33.71094],[-5.26501,33.71016],[-5.26548,33.70987],[-5.26587,33.70868],[-5.26648,33.70848]]}},{"type":"Feature","properties":{},"geometry":{"type":"LineString","coordinates":[[-5.25699,33.72612],[-5.25523,33.72698],[-5.25512,33.72794]]}},{"type":"Feature","properties":{},"geometry":{"type":"LineString","coordinates":[[-5.25766,33.73085],[-5.26243,33.72849],[-5.26197,33.72763],[-5.26318,33.72695]]}},{"type":"Feature","properties":{},"geometry":{"type":"LineString","coordinates":[[-5.26896,33.72734],[-5.26707,33.72452],[-5.26668,33.72297],[-5.266,33.72147]]}},{"type":"Feature","properties":{},"geometry":{"type":"LineString","coordinates":[[-5.53016,33.76259],[-5.52871,33.76131],[-5.53266,33.75733],[-5.53227,33.75679],[-5.53274,33.75631],[-5.53293,33.75559],[-5.53361,33.75496],[-5.53397,33.75428],[-5.53392,33.75319],[-5.53487,33.75234],[-5.53565,33.75214],[-5.53983,33.74834],[-5.54026,33.74776]]}},{"type":"Feature","properties":{},"geometry":{"type":"LineString","coordinates":[[-5.01776,33.72152],[-5.01763,33.72192]]}},{"type":"Feature","properties":{},"geometry":{"type":"LineString","coordinates":[[-5.03073,33.7253],[-5.03048,33.72466],[-5.02999,33.72415],[-5.02997,33.72378],[-5.02957,33.72335],[-5.02808,33.72211],[-5.02761,33.72196],[-5.02652,33.72082],[-5.02534,33.71994],[-5.02517,33.71961],[-5.02389,33.7189]]}},{"type":"Feature","properties":{},"geometry":{"type":"LineString","coordinates":[[-5.02747,33.72705],[-5.02726,33.72678],[-5.02631,33.72642],[-5.02442,33.72523],[-5.02405,33.72532],[-5.02284,33.72511],[-5.02186,33.72456],[-5.02137,33.72451]]}},{"type":"Feature","properties":{},"geometry":{"type":"LineString","coordinates":[[-5.02023,33.72522],[-5.02019,33.72434]]}},{"type":"Feature","properties":{},"geometry":{"type":"LineString","coordinates":[[-5.01932,33.72426],[-5.01929,33.72511],[-5.01878,33.72499]]}},{"type":"Feature","properties":{},"geometry":{"type":"LineString","coordinates":[[-5.01981,33.72537],[-5.01982,33.72431]]}},{"type":"Feature","properties":{},"geometry":{"type":"LineString","coordinates":[[-5.02042,33.72789],[-5.02075,33.72712],[-5.0212,33.72699],[-5.02151,33.72744]]}},{"type":"Feature","properties":{},"geometry":{"type":"LineString","coordinates":[[-5.01959,33.72543],[-5.02032,33.72563],[-5.02053,33.7262]]}},{"type":"Feature","properties":{},"geometry":{"type":"LineString","coordinates":[[-5.0185,33.72422],[-5.02139,33.72454],[-5.02127,33.72477],[-5.02039,33.72517],[-5.01858,33.72565]]}},{"type":"Feature","properties":{},"geometry":{"type":"LineString","coordinates":[[-5.02861,33.72662],[-5.02939,33.72692],[-5.02991,33.7268],[-5.03014,33.72718],[-5.03112,33.72756],[-5.03151,33.7282]]}},{"type":"Feature","properties":{},"geometry":{"type":"LineString","coordinates":[[-5.01467,33.72516],[-5.01523,33.72529],[-5.01544,33.72504],[-5.01562,33.72514],[-5.01541,33.72551],[-5.01531,33.72631]]}},{"type":"Feature","properties":{},"geometry":{"type":"LineString","coordinates":[[-5.01617,33.72387],[-5.01655,33.72429],[-5.01733,33.72449],[-5.01813,33.72504],[-5.01879,33.72516]]}},{"type":"Feature","properties":{},"geometry":{"type":"LineString","coordinates":[[-5.01992,33.72431],[-5.02042,33.72367],[-5.02102,33.72368]]}},{"type":"Feature","properties":{},"geometry":{"type":"LineString","coordinates":[[-5.01749,33.7221],[-5.01684,33.72184],[-5.01646,33.72231]]}},{"type":"Feature","properties":{},"geometry":{"type":"LineString","coordinates":[[-5.02034,33.72256],[-5.01971,33.72231],[-5.01933,33.72279],[-5.01831,33.72328],[-5.01733,33.72449]]}},{"type":"Feature","properties":{},"geometry":{"type":"LineString","coordinates":[[-5.01808,33.7224],[-5.01723,33.72246]]}},{"type":"Feature","properties":{},"geometry":{"type":"LineString","coordinates":[[-5.01949,33.72545],[-5.01924,33.72611]]}},{"type":"Feature","properties":{},"geometry":{"type":"LineString","coordinates":[[-5.01929,33.72614],[-5.01981,33.72613]]}},{"type":"Feature","properties":{},"geometry":{"type":"LineString","coordinates":[[-5.03209,33.72467],[-5.03075,33.72394],[-5.03091,33.72351],[-5.03082,33.72342],[-5.0302,33.72329],[-5.02998,33.72381]]}},{"type":"Feature","properties":{},"geometry":{"type":"LineString","coordinates":[[-5.01666,33.72326],[-5.01636,33.7231],[-5.01618,33.72272],[-5.01646,33.72231]]}},{"type":"Feature","properties":{},"geometry":{"type":"LineString","coordinates":[[-5.01885,33.72214],[-5.01774,33.72171]]}},{"type":"Feature","properties":{},"geometry":{"type":"LineString","coordinates":[[-5.01621,33.71189],[-5.01547,33.71028],[-5.01562,33.70992],[-5.015,33.70934]]}},{"type":"Feature","properties":{},"geometry":{"type":"LineString","coordinates":[[-5.01787,33.72461],[-5.01818,33.72426],[-5.01849,33.72425]]}},{"type":"Feature","properties":{},"geometry":{"type":"LineString","coordinates":[[-5.01756,33.7246],[-5.01877,33.72491]]}},{"type":"Feature","properties":{},"geometry":{"type":"LineString","coordinates":[[-5.02118,33.72699],[-5.02128,33.72683],[-5.02085,33.72662],[-5.02075,33.72712]]}},{"type":"Feature","properties":{},"geometry":{"type":"LineString","coordinates":[[-5.01975,33.72547],[-5.01981,33.72613]]}},{"type":"Feature","properties":{},"geometry":{"type":"LineString","coordinates":[[-5.01762,33.71636],[-5.01835,33.71633]]}},{"type":"Feature","properties":{},"geometry":{"type":"LineString","coordinates":[[-5.27345,33.7621],[-5.27344,33.76027],[-5.27399,33.75673],[-5.27378,33.7555],[-5.27343,33.75503],[-5.27321,33.75366],[-5.2716,33.74892],[-5.27167,33.74784],[-5.27133,33.74524],[-5.27149,33.74311],[-5.2726,33.74158],[-5.27649,33.7392],[-5.27923,33.73681],[-5.28262,33.73241],[-5.28537,33.73028],[-5.28712,33.72766],[-5.28857,33.72765],[-5.28863,33.72704],[-5.289,33.72632],[-5.2912,33.72339],[-5.29169,33.72252],[-5.29246,33.7227]]}},{"type":"Feature","properties":{},"geometry":{"type":"LineString","coordinates":[[-5.41486,33.64019],[-5.41771,33.63994],[-5.41942,33.64052],[-5.42034,33.64037],[-5.42097,33.64061],[-5.42233,33.64068],[-5.42299,33.64124],[-5.42373,33.64148],[-5.4241,33.64208]]}},{"type":"Feature","properties":{},"geometry":{"type":"LineString","coordinates":[[-5.41489,33.6401],[-5.41224,33.63978],[-5.4111,33.64003],[-5.40871,33.63944],[-5.40658,33.63993],[-5.40626,33.63931]]}},{"type":"Feature","properties":{},"geometry":{"type":"LineString","coordinates":[[-5.39314,33.71502],[-5.39118,33.7149],[-5.38916,33.71455]]}},{"type":"Feature","properties":{},"geometry":{"type":"LineString","coordinates":[[-5.27251,33.69766],[-5.27468,33.69664],[-5.27504,33.69695],[-5.27578,33.69677],[-5.27931,33.69524],[-5.2807,33.69507]]}},{"type":"Feature","properties":{},"geometry":{"type":"LineString","coordinates":[[-5.2709,33.69514],[-5.27245,33.69417]]}},{"type":"Feature","properties":{},"geometry":{"type":"LineString","coordinates":[[-5.38959,33.72664],[-5.39015,33.72732],[-5.39007,33.72784]]}},{"type":"Feature","properties":{},"geometry":{"type":"LineString","coordinates":[[-5.39198,33.72761],[-5.39007,33.72784],[-5.38909,33.72886],[-5.38899,33.72929]]}},{"type":"Feature","properties":{},"geometry":{"type":"LineString","coordinates":[[-5.23923,33.69863],[-5.23999,33.70038],[-5.24092,33.70152],[-5.24203,33.70234],[-5.24285,33.70319],[-5.24477,33.70446],[-5.24695,33.70555],[-5.24833,33.70589],[-5.25321,33.70776],[-5.25393,33.70785],[-5.25589,33.70849],[-5.25687,33.70917],[-5.25826,33.70982],[-5.25777,33.71006],[-5.25449,33.71086],[-5.25224,33.71182],[-5.25141,33.71253]]}},{"type":"Feature","properties":{},"geometry":{"type":"LineString","coordinates":[[-5.26308,33.70368],[-5.26385,33.70397]]}},{"type":"Feature","properties":{},"geometry":{"type":"LineString","coordinates":[[-5.25906,33.69913],[-5.25983,33.70001],[-5.26045,33.70119],[-5.26042,33.7027],[-5.26076,33.70325],[-5.26073,33.70376],[-5.26139,33.70463],[-5.2613,33.70494]]}},{"type":"Feature","properties":{},"geometry":{"type":"LineString","coordinates":[[-5.34086,33.63247],[-5.34095,33.63183],[-5.3408,33.62944],[-5.34063,33.62878],[-5.34025,33.62852],[-5.34032,33.62806]]}},{"type":"Feature","properties":{},"geometry":{"type":"LineString","coordinates":[[-5.35078,33.63862],[-5.35153,33.64053],[-5.35133,33.64063]]}},{"type":"Feature","properties":{},"geometry":{"type":"LineString","coordinates":[[-5.40842,33.65527],[-5.40685,33.65648]]}},{"type":"Feature","properties":{},"geometry":{"type":"LineString","coordinates":[[-5.40862,33.65476],[-5.40921,33.65499],[-5.41059,33.65487],[-5.41145,33.65437],[-5.41201,33.65376]]}},{"type":"Feature","properties":{},"geometry":{"type":"LineString","coordinates":[[-5.29154,33.71068],[-5.29221,33.71054],[-5.29233,33.71037],[-5.29195,33.70774],[-5.2921,33.70702],[-5.29205,33.70569],[-5.29239,33.70445],[-5.29351,33.70256],[-5.29566,33.70048],[-5.29598,33.69987],[-5.29608,33.69906],[-5.29686,33.69867],[-5.2968,33.69779],[-5.29743,33.69584],[-5.29741,33.6953],[-5.2976,33.69505]]}},{"type":"Feature","properties":{},"geometry":{"type":"LineString","coordinates":[[-5.28865,33.70721],[-5.28867,33.70688],[-5.28804,33.70548],[-5.28793,33.70481],[-5.28678,33.70293]]}},{"type":"Feature","properties":{},"geometry":{"type":"LineString","coordinates":[[-5.23646,33.72634],[-5.23751,33.7262],[-5.23847,33.72587],[-5.24019,33.72442],[-5.24027,33.72383],[-5.23947,33.72386],[-5.23821,33.72417]]}},{"type":"Feature","properties":{},"geometry":{"type":"LineString","coordinates":[[-5.51569,33.73952],[-5.51799,33.74048]]}},{"type":"Feature","properties":{},"geometry":{"type":"LineString","coordinates":[[-5.51499,33.74013],[-5.51683,33.74106]]}},{"type":"Feature","properties":{},"geometry":{"type":"LineString","coordinates":[[-5.52316,33.73118],[-5.52781,33.73471]]}},{"type":"Feature","properties":{},"geometry":{"type":"LineString","coordinates":[[-5.51393,33.74118],[-5.50903,33.73892]]}},{"type":"Feature","properties":{},"geometry":{"type":"LineString","coordinates":[[-5.51893,33.74612],[-5.51176,33.74475],[-5.50951,33.74393],[-5.50866,33.74343]]}},{"type":"Feature","properties":{},"geometry":{"type":"LineString","coordinates":[[-5.51302,33.74214],[-5.51165,33.74158],[-5.5111,33.74208],[-5.50823,33.74098]]}},{"type":"Feature","properties":{},"geometry":{"type":"LineString","coordinates":[[-5.51071,33.73676],[-5.51062,33.73621],[-5.51013,33.73579],[-5.50637,33.73469]]}},{"type":"Feature","properties":{},"geometry":{"type":"LineString","coordinates":[[-5.5163,33.73898],[-5.51166,33.73682],[-5.51082,33.73675],[-5.50951,33.73701]]}},{"type":"Feature","properties":{},"geometry":{"type":"LineString","coordinates":[[-5.51985,33.73584],[-5.52202,33.73758]]}},{"type":"Feature","properties":{},"geometry":{"type":"LineString","coordinates":[[-5.52353,33.73032],[-5.50872,33.72416]]}},{"type":"Feature","properties":{},"geometry":{"type":"LineString","coordinates":[[-5.52359,33.73053],[-5.52353,33.73032]]}},{"type":"Feature","properties":{},"geometry":{"type":"LineString","coordinates":[[-5.52372,33.73034],[-5.52353,33.73032]]}},{"type":"Feature","properties":{},"geometry":{"type":"LineString","coordinates":[[-5.33509,33.6302],[-5.33201,33.63099],[-5.3315,33.63072]]}},{"type":"Feature","properties":{},"geometry":{"type":"LineString","coordinates":[[-5.3356,33.63062],[-5.33478,33.63096],[-5.33414,33.63195],[-5.33166,33.63311]]}},{"type":"Feature","properties":{},"geometry":{"type":"LineString","coordinates":[[-5.41604,33.68346],[-5.41429,33.68344],[-5.41414,33.68235],[-5.41389,33.68231]]}},{"type":"Feature","properties":{},"geometry":{"type":"LineString","coordinates":[[-5.41628,33.68649],[-5.42186,33.68612],[-5.42197,33.68604],[-5.4219,33.68513],[-5.42332,33.685],[-5.42319,33.68384],[-5.42128,33.68387],[-5.42094,33.68058],[-5.42028,33.68052]]}},{"type":"Feature","properties":{},"geometry":{"type":"LineString","coordinates":[[-5.51023,33.7496],[-5.51116,33.74974],[-5.51396,33.75069],[-5.51498,33.75085]]}},{"type":"Feature","properties":{},"geometry":{"type":"LineString","coordinates":[[-5.51019,33.74844],[-5.50418,33.74858],[-5.50214,33.74936],[-5.50135,33.74928],[-5.50069,33.7498],[-5.49991,33.7501],[-5.4998,33.7505],[-5.50038,33.75128],[-5.50086,33.75111],[-5.50112,33.75122]]}},{"type":"Feature","properties":{},"geometry":{"type":"LineString","coordinates":[[-5.51021,33.74651],[-5.50919,33.7461],[-5.50874,33.74622]]}},{"type":"Feature","properties":{},"geometry":{"type":"LineString","coordinates":[[-5.33783,33.63301],[-5.33569,33.63385]]}},{"type":"Feature","properties":{},"geometry":{"type":"LineString","coordinates":[[-5.50025,33.70425],[-5.49586,33.70202],[-5.49401,33.70063],[-5.49261,33.70036],[-5.4913,33.69927],[-5.49012,33.69946]]}},{"type":"Feature","properties":{},"geometry":{"type":"LineString","coordinates":[[-5.50667,33.69424],[-5.50658,33.69491],[-5.50726,33.69507],[-5.50797,33.69605],[-5.50848,33.69582]]}},{"type":"Feature","properties":{},"geometry":{"type":"LineString","coordinates":[[-5.23585,33.72841],[-5.23627,33.72863],[-5.23651,33.72916],[-5.23822,33.73019],[-5.23879,33.73034],[-5.24098,33.7302]]}},{"type":"Feature","properties":{},"geometry":{"type":"LineString","coordinates":[[-5.49266,33.69372],[-5.49206,33.69612],[-5.4888,33.69639]]}},{"type":"Feature","properties":{},"geometry":{"type":"LineString","coordinates":[[-5.22621,33.73504],[-5.22506,33.73451],[-5.22504,33.73424],[-5.22471,33.73391]]}},{"type":"Feature","properties":{},"geometry":{"type":"LineString","coordinates":[[-5.29342,33.71743],[-5.29485,33.71735]]}},{"type":"Feature","properties":{},"geometry":{"type":"LineString","coordinates":[[-5.22419,33.73803],[-5.222,33.73666],[-5.22064,33.73537],[-5.22005,33.73504],[-5.21931,33.73053],[-5.21882,33.72955],[-5.21753,33.73011],[-5.21718,33.73042],[-5.21602,33.7303]]}},{"type":"Feature","properties":{},"geometry":{"type":"LineString","coordinates":[[-5.29219,33.71203],[-5.29359,33.71164],[-5.29689,33.71167],[-5.29783,33.71286],[-5.29808,33.71389],[-5.29845,33.71442],[-5.29989,33.71508],[-5.29984,33.71572],[-5.30018,33.7161],[-5.30045,33.7172]]}},{"type":"Feature","properties":{},"geometry":{"type":"LineString","coordinates":[[-5.31629,33.61885],[-5.31364,33.61862],[-5.30792,33.61767],[-5.30562,33.61784],[-5.30328,33.61858],[-5.30096,33.61887],[-5.30113,33.61933],[-5.3017,33.61983],[-5.3042,33.62151],[-5.30412,33.62252],[-5.30439,33.62294],[-5.30474,33.62312]]}},{"type":"Feature","properties":{},"geometry":{"type":"LineString","coordinates":[[-5.48063,33.67974],[-5.48186,33.67847]]}},{"type":"Feature","properties":{},"geometry":{"type":"LineString","coordinates":[[-5.48073,33.68186],[-5.47831,33.68233],[-5.47712,33.68286],[-5.47519,33.68317],[-5.47127,33.6831],[-5.46797,33.68384]]}},{"type":"Feature","properties":{},"geometry":{"type":"LineString","coordinates":[[-5.48818,33.67762],[-5.48657,33.67782]]}},{"type":"Feature","properties":{},"geometry":{"type":"LineString","coordinates":[[-5.47859,33.69645],[-5.48656,33.69653]]}},{"type":"Feature","properties":{},"geometry":{"type":"LineString","coordinates":[[-5.38719,33.72545],[-5.38793,33.72555],[-5.3887,33.72588]]}},{"type":"Feature","properties":{},"geometry":{"type":"LineString","coordinates":[[-5.38718,33.72477],[-5.38862,33.72477]]}},{"type":"Feature","properties":{},"geometry":{"type":"LineString","coordinates":[[-5.38714,33.72357],[-5.38871,33.72352]]}},{"type":"Feature","properties":{},"geometry":{"type":"LineString","coordinates":[[-5.38711,33.72255],[-5.38875,33.72277]]}},{"type":"Feature","properties":{},"geometry":{"type":"LineString","coordinates":[[-5.38393,33.7116],[-5.38329,33.71168],[-5.38316,33.71202],[-5.38279,33.71216]]}},{"type":"Feature","properties":{},"geometry":{"type":"LineString","coordinates":[[-5.38719,33.72603],[-5.38183,33.72623],[-5.38165,33.72631],[-5.38168,33.72674]]}},{"type":"Feature","properties":{},"geometry":{"type":"LineString","coordinates":[[-5.37967,33.72365],[-5.37817,33.72413],[-5.377,33.72236],[-5.37625,33.7219],[-5.37576,33.72197],[-5.37546,33.72235],[-5.37619,33.72298]]}},{"type":"Feature","properties":{},"geometry":{"type":"LineString","coordinates":[[-5.38712,33.72283],[-5.37967,33.72365],[-5.37876,33.71822],[-5.37485,33.71833],[-5.37219,33.71513],[-5.37177,33.71512]]}},{"type":"Feature","properties":{},"geometry":{"type":"LineString","coordinates":[[-5.38512,33.71567],[-5.38282,33.71595],[-5.38249,33.71575],[-5.3819,33.71582]]}},{"type":"Feature","properties":{},"geometry":{"type":"LineString","coordinates":[[-5.38526,33.71681],[-5.38375,33.71703],[-5.3829,33.71738]]}},{"type":"Feature","properties":{},"geometry":{"type":"LineString","coordinates":[[-5.38613,33.71732],[-5.38676,33.71684]]}},{"type":"Feature","properties":{},"geometry":{"type":"LineString","coordinates":[[-5.48612,33.69716],[-5.48675,33.69717]]}},{"type":"Feature","properties":{},"geometry":{"type":"LineString","coordinates":[[-5.48614,33.69657],[-5.48595,33.69723]]}},{"type":"Feature","properties":{},"geometry":{"type":"LineString","coordinates":[[-5.47859,33.69645],[-5.48015,33.70067],[-5.4864,33.70019]]}},{"type":"Feature","properties":{},"geometry":{"type":"LineString","coordinates":[[-5.48758,33.69851],[-5.48741,33.69786]]}},{"type":"Feature","properties":{},"geometry":{"type":"LineString","coordinates":[[-5.48433,33.70733],[-5.48498,33.7075],[-5.48533,33.70725]]}},{"type":"Feature","properties":{},"geometry":{"type":"LineString","coordinates":[[-5.3848,33.71363],[-5.38293,33.71385]]}},{"type":"Feature","properties":{},"geometry":{"type":"LineString","coordinates":[[-5.48179,33.70851],[-5.48505,33.71091]]}},{"type":"Feature","properties":{},"geometry":{"type":"LineString","coordinates":[[-5.49733,33.71353],[-5.49663,33.71394],[-5.49619,33.71464]]}},{"type":"Feature","properties":{},"geometry":{"type":"LineString","coordinates":[[-5.49394,33.7215],[-5.49124,33.72466],[-5.49375,33.72628]]}},{"type":"Feature","properties":{},"geometry":{"type":"LineString","coordinates":[[-5.50692,33.72606],[-5.5056,33.72476]]}},{"type":"Feature","properties":{},"geometry":{"type":"LineString","coordinates":[[-5.31174,33.61624],[-5.31687,33.61154],[-5.31746,33.60964],[-5.31816,33.60814],[-5.31822,33.60733],[-5.31849,33.60669]]}},{"type":"Feature","properties":{},"geometry":{"type":"LineString","coordinates":[[-5.46652,33.68501],[-5.46587,33.68528]]}},{"type":"Feature","properties":{},"geometry":{"type":"LineString","coordinates":[[-5.46623,33.69187],[-5.46652,33.68501]]}},{"type":"Feature","properties":{},"geometry":{"type":"LineString","coordinates":[[-5.46652,33.68501],[-5.46797,33.68384]]}},{"type":"Feature","properties":{},"geometry":{"type":"LineString","coordinates":[[-5.50787,33.72505],[-5.50704,33.72389]]}},{"type":"Feature","properties":{},"geometry":{"type":"LineString","coordinates":[[-5.50833,33.72457],[-5.50728,33.72357]]}},{"type":"Feature","properties":{},"geometry":{"type":"LineString","coordinates":[[-5.50589,33.73398],[-5.50581,33.73454],[-5.50621,33.73455]]}},{"type":"Feature","properties":{},"geometry":{"type":"LineString","coordinates":[[-5.49263,33.737],[-5.5042,33.74258],[-5.50442,33.74284],[-5.50581,33.74336]]}},{"type":"Feature","properties":{},"geometry":{"type":"LineString","coordinates":[[-5.50491,33.73102],[-5.50667,33.72674],[-5.50665,33.72633]]}},{"type":"Feature","properties":{},"geometry":{"type":"LineString","coordinates":[[-5.50476,33.741],[-5.50685,33.74178]]}},{"type":"Feature","properties":{},"geometry":{"type":"LineString","coordinates":[[-5.50466,33.74237],[-5.5042,33.74258]]}},{"type":"Feature","properties":{},"geometry":{"type":"LineString","coordinates":[[-5.50583,33.73374],[-5.50522,33.73465],[-5.50467,33.74242],[-5.50581,33.74336],[-5.50767,33.74403],[-5.50797,33.74404],[-5.50862,33.74368],[-5.50943,33.74389]]}},{"type":"Feature","properties":{},"geometry":{"type":"LineString","coordinates":[[-5.50379,33.73312],[-5.50258,33.73522],[-5.49922,33.74019]]}},{"type":"Feature","properties":{},"geometry":{"type":"LineString","coordinates":[[-5.50534,33.73236],[-5.50514,33.73267],[-5.5044,33.73307],[-5.50293,33.73306],[-5.49409,33.73564]]}},{"type":"Feature","properties":{},"geometry":{"type":"LineString","coordinates":[[-5.34502,33.65202],[-5.34422,33.65211],[-5.34202,33.65302],[-5.34023,33.65427],[-5.34008,33.65484],[-5.34028,33.65523],[-5.3427,33.6551],[-5.34305,33.65568]]}},{"type":"Feature","properties":{},"geometry":{"type":"LineString","coordinates":[[-5.35052,33.65767],[-5.34832,33.6572],[-5.3433,33.66184],[-5.34313,33.66186],[-5.34277,33.66123]]}},{"type":"Feature","properties":{},"geometry":{"type":"LineString","coordinates":[[-5.34686,33.65382],[-5.34478,33.65404],[-5.3445,33.65442],[-5.34342,33.65516],[-5.34253,33.65622],[-5.34249,33.65651],[-5.34198,33.65679],[-5.342,33.65703],[-5.33993,33.65764],[-5.3404,33.65856]]}},{"type":"Feature","properties":{},"geometry":{"type":"LineString","coordinates":[[-5.34766,33.64482],[-5.35047,33.64322],[-5.35144,33.6429]]}},{"type":"Feature","properties":{},"geometry":{"type":"LineString","coordinates":[[-5.35,33.65364],[-5.34902,33.65378]]}},{"type":"Feature","properties":{},"geometry":{"type":"LineString","coordinates":[[-5.35375,33.6594],[-5.35351,33.65822],[-5.35433,33.65805],[-5.35506,33.65762]]}},{"type":"Feature","properties":{},"geometry":{"type":"LineString","coordinates":[[-5.34659,33.64324],[-5.34435,33.64413],[-5.34285,33.64443],[-5.34245,33.64426],[-5.34096,33.64301],[-5.34048,33.64362]]}},{"type":"Feature","properties":{},"geometry":{"type":"LineString","coordinates":[[-5.31899,33.71898],[-5.31913,33.71939],[-5.31901,33.71962],[-5.31681,33.72023],[-5.3161,33.7209]]}},{"type":"Feature","properties":{},"geometry":{"type":"LineString","coordinates":[[-5.39591,33.66509],[-5.39533,33.66463],[-5.39495,33.66325],[-5.39176,33.65791],[-5.38913,33.65421],[-5.38838,33.65261],[-5.38839,33.65044],[-5.3886,33.64981],[-5.39018,33.64862],[-5.39069,33.64775],[-5.3921,33.64758],[-5.3932,33.64722],[-5.3934,33.64593],[-5.39465,33.64454]]}},{"type":"Feature","properties":{},"geometry":{"type":"LineString","coordinates":[[-5.31079,33.73076],[-5.31064,33.72968],[-5.30978,33.72817],[-5.30961,33.72725],[-5.30925,33.72676],[-5.30953,33.72625]]}},{"type":"Feature","properties":{},"geometry":{"type":"LineString","coordinates":[[-5.32036,33.72063],[-5.3233,33.71887]]}},{"type":"Feature","properties":{},"geometry":{"type":"LineString","coordinates":[[-5.32051,33.72074],[-5.31865,33.72306]]}},{"type":"Feature","properties":{},"geometry":{"type":"LineString","coordinates":[[-5.38842,33.65202],[-5.38945,33.6517]]}},{"type":"Feature","properties":{},"geometry":{"type":"LineString","coordinates":[[-5.38963,33.65499],[-5.39215,33.65484],[-5.3919,33.65447]]}},{"type":"Feature","properties":{},"geometry":{"type":"LineString","coordinates":[[-5.39069,33.64775],[-5.391,33.64675],[-5.39107,33.64566]]}},{"type":"Feature","properties":{},"geometry":{"type":"LineString","coordinates":[[-5.44959,33.74553],[-5.44976,33.74512],[-5.45054,33.74462],[-5.4513,33.74451]]}},{"type":"Feature","properties":{},"geometry":{"type":"LineString","coordinates":[[-5.45068,33.74403],[-5.45053,33.74482],[-5.45096,33.74524],[-5.45122,33.74515],[-5.4517,33.7456],[-5.45298,33.74496],[-5.45958,33.74955],[-5.46759,33.74555]]}},{"type":"Feature","properties":{},"geometry":{"type":"LineString","coordinates":[[-5.45452,33.74213],[-5.45293,33.73492],[-5.45276,33.73485]]}},{"type":"Feature","properties":{},"geometry":{"type":"LineString","coordinates":[[-5.39647,33.749],[-5.39422,33.74952],[-5.3929,33.74952]]}},{"type":"Feature","properties":{},"geometry":{"type":"LineString","coordinates":[[-5.24583,33.705],[-5.24838,33.70304]]}},{"type":"Feature","properties":{},"geometry":{"type":"LineString","coordinates":[[-5.24778,33.69918],[-5.25045,33.69768],[-5.25039,33.69726]]}},{"type":"Feature","properties":{},"geometry":{"type":"LineString","coordinates":[[-5.2463,33.699],[-5.24447,33.69634]]}},{"type":"Feature","properties":{},"geometry":{"type":"LineString","coordinates":[[-5.39561,33.74573],[-5.39233,33.7463]]}},{"type":"Feature","properties":{},"geometry":{"type":"LineString","coordinates":[[-5.39564,33.74549],[-5.39563,33.74605],[-5.39246,33.74662]]}},{"type":"Feature","properties":{},"geometry":{"type":"LineString","coordinates":[[-5.39554,33.74551],[-5.39287,33.74582]]}},{"type":"Feature","properties":{},"geometry":{"type":"LineString","coordinates":[[-5.39626,33.74808],[-5.395,33.74834],[-5.39446,33.74818],[-5.39415,33.74831]]}},{"type":"Feature","properties":{},"geometry":{"type":"LineString","coordinates":[[-5.45096,33.74524],[-5.45032,33.74555]]}},{"type":"Feature","properties":{},"geometry":{"type":"LineString","coordinates":[[-5.44859,33.74511],[-5.44897,33.74557],[-5.44886,33.7458],[-5.44974,33.74654],[-5.44918,33.74728]]}},{"type":"Feature","properties":{},"geometry":{"type":"LineString","coordinates":[[-5.40157,33.6675],[-5.40129,33.66787],[-5.40131,33.66842],[-5.40022,33.67095],[-5.39893,33.67171],[-5.39866,33.67387],[-5.39911,33.67487]]}},{"type":"Feature","properties":{},"geometry":{"type":"LineString","coordinates":[[-5.40066,33.66719],[-5.40254,33.66791],[-5.40286,33.67]]}},{"type":"Feature","properties":{},"geometry":{"type":"LineString","coordinates":[[-5.40236,33.66766],[-5.40277,33.66743],[-5.40305,33.66746],[-5.40475,33.66634],[-5.40425,33.66575],[-5.40321,33.66641]]}},{"type":"Feature","properties":{},"geometry":{"type":"LineString","coordinates":[[-5.40162,33.66733],[-5.40266,33.66779]]}},{"type":"Feature","properties":{},"geometry":{"type":"LineString","coordinates":[[-5.40216,33.66708],[-5.40162,33.66633],[-5.40279,33.66552]]}},{"type":"Feature","properties":{},"geometry":{"type":"LineString","coordinates":[[-5.39776,33.66579],[-5.39798,33.66584],[-5.39803,33.66557],[-5.39877,33.66553]]}},{"type":"Feature","properties":{},"geometry":{"type":"LineString","coordinates":[[-5.40258,33.66802],[-5.40384,33.66829],[-5.40441,33.66806],[-5.40548,33.66801],[-5.40606,33.66763]]}},{"type":"Feature","properties":{},"geometry":{"type":"LineString","coordinates":[[-5.39881,33.66571],[-5.39792,33.66586]]}},{"type":"Feature","properties":{},"geometry":{"type":"LineString","coordinates":[[-5.39965,33.66613],[-5.39891,33.66601],[-5.39873,33.66541],[-5.39839,33.66529],[-5.39801,33.66541],[-5.39787,33.66584]]}},{"type":"Feature","properties":{},"geometry":{"type":"LineString","coordinates":[[-5.40049,33.67028],[-5.40066,33.67083],[-5.40157,33.67099]]}},{"type":"Feature","properties":{},"geometry":{"type":"LineString","coordinates":[[-5.40403,33.66821],[-5.40437,33.6688],[-5.40527,33.66911],[-5.40535,33.66891],[-5.40591,33.66901]]}},{"type":"Feature","properties":{},"geometry":{"type":"LineString","coordinates":[[-5.39832,33.66529],[-5.39807,33.66493]]}},{"type":"Feature","properties":{},"geometry":{"type":"LineString","coordinates":[[-5.39596,33.66517],[-5.39591,33.66509]]}},{"type":"Feature","properties":{},"geometry":{"type":"LineString","coordinates":[[-5.39647,33.66616],[-5.39596,33.66517]]}},{"type":"Feature","properties":{},"geometry":{"type":"LineString","coordinates":[[-5.39758,33.66578],[-5.39776,33.66579]]}},{"type":"Feature","properties":{},"geometry":{"type":"LineString","coordinates":[[-5.39696,33.66629],[-5.39758,33.66578]]}},{"type":"Feature","properties":{},"geometry":{"type":"LineString","coordinates":[[-5.40169,33.66651],[-5.40234,33.66609],[-5.40277,33.66642]]}},{"type":"Feature","properties":{},"geometry":{"type":"LineString","coordinates":[[-5.70692,32.98202],[-5.70583,32.98267],[-5.70537,32.98322]]}},{"type":"Feature","properties":{},"geometry":{"type":"LineString","coordinates":[[-5.70357,32.99177],[-5.70249,32.99281],[-5.7009,32.99335],[-5.69978,32.99412],[-5.69857,32.99443],[-5.69738,32.99515],[-5.69667,32.99595],[-5.69624,32.99673],[-5.69553,32.9971],[-5.69479,32.99791],[-5.69441,32.99811]]}},{"type":"Feature","properties":{},"geometry":{"type":"LineString","coordinates":[[-5.70568,32.99115],[-5.70487,32.99109],[-5.70373,32.99174],[-5.7028,32.99169]]}},{"type":"Feature","properties":{},"geometry":{"type":"LineString","coordinates":[[-5.70268,32.99654],[-5.70142,32.99574],[-5.70095,32.99567],[-5.70081,32.99499],[-5.70109,32.99398]]}},{"type":"Feature","properties":{},"geometry":{"type":"LineString","coordinates":[[-5.70502,32.99377],[-5.70388,32.99487],[-5.70282,32.99624],[-5.70181,32.99876],[-5.70168,32.9996]]}},{"type":"Feature","properties":{},"geometry":{"type":"LineString","coordinates":[[-5.70617,32.98852],[-5.70469,32.98821],[-5.70403,32.98836]]}},{"type":"Feature","properties":{},"geometry":{"type":"LineString","coordinates":[[-5.29751,33.74765],[-5.29776,33.74805],[-5.29907,33.74885]]}},{"type":"Feature","properties":{},"geometry":{"type":"LineString","coordinates":[[-5.30459,33.74248],[-5.3006,33.74485],[-5.29558,33.74946]]}},{"type":"Feature","properties":{},"geometry":{"type":"LineString","coordinates":[[-5.35005,33.65757],[-5.34834,33.65948],[-5.34934,33.66073],[-5.34881,33.66148],[-5.34888,33.66214],[-5.34752,33.66325],[-5.34746,33.66373],[-5.34831,33.66469]]}},{"type":"Feature","properties":{},"geometry":{"type":"LineString","coordinates":[[-5.35214,33.65854],[-5.35034,33.65977],[-5.34908,33.66043]]}},{"type":"Feature","properties":{},"geometry":{"type":"LineString","coordinates":[[-5.34783,33.66414],[-5.34943,33.66333],[-5.34875,33.66225]]}},{"type":"Feature","properties":{},"geometry":{"type":"LineString","coordinates":[[-5.43172,33.6742],[-5.43156,33.67394],[-5.43176,33.67293],[-5.43277,33.67279]]}},{"type":"Feature","properties":{},"geometry":{"type":"LineString","coordinates":[[-5.43503,33.6742],[-5.43078,33.67418],[-5.4307,33.67258],[-5.43154,33.66889],[-5.43168,33.66533],[-5.43207,33.66325],[-5.43267,33.66269],[-5.43485,33.66274],[-5.43603,33.66256]]}},{"type":"Feature","properties":{},"geometry":{"type":"LineString","coordinates":[[-5.42823,33.68415],[-5.43225,33.6842],[-5.43261,33.68409],[-5.43265,33.68226],[-5.43333,33.68176],[-5.4334,33.67889],[-5.43382,33.6787],[-5.43391,33.67755],[-5.43503,33.67662],[-5.43505,33.67047],[-5.43687,33.6705]]}},{"type":"Feature","properties":{},"geometry":{"type":"LineString","coordinates":[[-5.30128,33.72853],[-5.30146,33.72898],[-5.30238,33.72935],[-5.30344,33.72948],[-5.30392,33.73002],[-5.30437,33.73027],[-5.30428,33.73066],[-5.30363,33.73111]]}},{"type":"Feature","properties":{},"geometry":{"type":"LineString","coordinates":[[-5.3023,33.73943],[-5.30136,33.73779],[-5.30116,33.73616],[-5.30071,33.73551],[-5.30072,33.73464]]}},{"type":"Feature","properties":{},"geometry":{"type":"LineString","coordinates":[[-5.65243,32.9879],[-5.65163,32.98707],[-5.65048,32.98679],[-5.64791,32.98571],[-5.6439,32.9848]]}},{"type":"Feature","properties":{},"geometry":{"type":"LineString","coordinates":[[-5.65288,32.98005],[-5.65316,32.97724],[-5.65351,32.9766]]}},{"type":"Feature","properties":{},"geometry":{"type":"LineString","coordinates":[[-5.65597,32.98162],[-5.65288,32.98005],[-5.65205,32.98006],[-5.65118,32.98056],[-5.64799,32.98094],[-5.6471,32.98052]]}},{"type":"Feature","properties":{},"geometry":{"type":"LineString","coordinates":[[-5.29878,33.72808],[-5.29852,33.72821],[-5.29845,33.72855],[-5.29843,33.73199],[-5.29767,33.73406],[-5.29716,33.73472]]}},{"type":"Feature","properties":{},"geometry":{"type":"LineString","coordinates":[[-5.41593,33.72331],[-5.41853,33.72762],[-5.41954,33.72974]]}},{"type":"Feature","properties":{},"geometry":{"type":"LineString","coordinates":[[-5.2941,33.74481],[-5.294,33.74468],[-5.29524,33.74368],[-5.29189,33.74078],[-5.292,33.74033],[-5.29153,33.74003],[-5.29137,33.73943],[-5.29084,33.73911],[-5.29072,33.73886]]}},{"type":"Feature","properties":{},"geometry":{"type":"LineString","coordinates":[[-5.28978,33.74855],[-5.28989,33.74899],[-5.29025,33.74947],[-5.29024,33.75039],[-5.29097,33.75085],[-5.29125,33.7522]]}},{"type":"Feature","properties":{},"geometry":{"type":"LineString","coordinates":[[-5.30041,33.74503],[-5.30127,33.74603]]}},{"type":"Feature","properties":{},"geometry":{"type":"LineString","coordinates":[[-5.41727,33.72192],[-5.40986,33.71269]]}},{"type":"Feature","properties":{},"geometry":{"type":"LineString","coordinates":[[-5.35706,33.75299],[-5.35619,33.75214],[-5.35665,33.75163],[-5.34913,33.74365]]}},{"type":"Feature","properties":{},"geometry":{"type":"LineString","coordinates":[[-5.357,33.73191],[-5.35611,33.73285],[-5.35306,33.73457],[-5.35284,33.73457],[-5.34993,33.72984],[-5.34889,33.72769],[-5.34801,33.72686],[-5.34724,33.72539],[-5.34639,33.72462]]}},{"type":"Feature","properties":{},"geometry":{"type":"LineString","coordinates":[[-5.35421,33.71085],[-5.35149,33.70953]]}},{"type":"Feature","properties":{},"geometry":{"type":"LineString","coordinates":[[-5.34733,33.71867],[-5.34511,33.71654]]}},{"type":"Feature","properties":{},"geometry":{"type":"LineString","coordinates":[[-5.41197,33.74602],[-5.40798,33.74731],[-5.40653,33.74804],[-5.40617,33.74796],[-5.40522,33.74827],[-5.40466,33.74803]]}},{"type":"Feature","properties":{},"geometry":{"type":"LineString","coordinates":[[-5.41325,33.74865],[-5.41136,33.74938]]}},{"type":"Feature","properties":{},"geometry":{"type":"LineString","coordinates":[[-5.41754,33.74679],[-5.41698,33.74436],[-5.41199,33.74604]]}},{"type":"Feature","properties":{},"geometry":{"type":"LineString","coordinates":[[-5.43905,33.67776],[-5.43914,33.67839]]}},{"type":"Feature","properties":{},"geometry":{"type":"LineString","coordinates":[[-5.43956,33.67767],[-5.43846,33.67781]]}},{"type":"Feature","properties":{},"geometry":{"type":"LineString","coordinates":[[-5.43968,33.67832],[-5.43841,33.67846]]}},{"type":"Feature","properties":{},"geometry":{"type":"LineString","coordinates":[[-5.42823,33.68415],[-5.42622,33.68409],[-5.42588,33.68378]]}},{"type":"Feature","properties":{},"geometry":{"type":"LineString","coordinates":[[-5.43547,33.69215],[-5.43712,33.69026]]}},{"type":"Feature","properties":{},"geometry":{"type":"LineString","coordinates":[[-5.42829,33.68839],[-5.42751,33.68839],[-5.42697,33.68866],[-5.42628,33.68871]]}},{"type":"Feature","properties":{},"geometry":{"type":"LineString","coordinates":[[-5.4264,33.68892],[-5.42524,33.68886]]}},{"type":"Feature","properties":{},"geometry":{"type":"LineString","coordinates":[[-5.42523,33.68844],[-5.4254,33.68984]]}},{"type":"Feature","properties":{},"geometry":{"type":"LineString","coordinates":[[-5.42617,33.68851],[-5.42397,33.68845]]}},{"type":"Feature","properties":{},"geometry":{"type":"LineString","coordinates":[[-5.4266,33.68977],[-5.42644,33.68897],[-5.42617,33.68851],[-5.42614,33.68792]]}},{"type":"Feature","properties":{},"geometry":{"type":"LineString","coordinates":[[-5.42516,33.68793],[-5.42828,33.6879]]}},{"type":"Feature","properties":{},"geometry":{"type":"LineString","coordinates":[[-5.42428,33.68991],[-5.42399,33.68894],[-5.42399,33.68807],[-5.4247,33.68794]]}},{"type":"Feature","properties":{},"geometry":{"type":"LineString","coordinates":[[-5.36544,33.72115],[-5.36494,33.71846],[-5.36425,33.7166],[-5.36428,33.7153],[-5.36396,33.71488],[-5.3633,33.71457],[-5.36309,33.71424],[-5.36261,33.714],[-5.3622,33.71399]]}},{"type":"Feature","properties":{},"geometry":{"type":"LineString","coordinates":[[-5.36291,33.7135],[-5.3621,33.71336]]}},{"type":"Feature","properties":{},"geometry":{"type":"LineString","coordinates":[[-5.35991,33.71354],[-5.35952,33.71435],[-5.36,33.71454]]}},{"type":"Feature","properties":{},"geometry":{"type":"LineString","coordinates":[[-5.36419,33.71514],[-5.3651,33.71488],[-5.36531,33.71571],[-5.36716,33.71537],[-5.36794,33.71636],[-5.37046,33.71533]]}},{"type":"Feature","properties":{},"geometry":{"type":"LineString","coordinates":[[-5.36805,33.72088],[-5.36765,33.71992]]}},{"type":"Feature","properties":{},"geometry":{"type":"LineString","coordinates":[[-5.36979,33.72076],[-5.36544,33.72115]]}},{"type":"Feature","properties":{},"geometry":{"type":"LineString","coordinates":[[-5.36856,33.71612],[-5.36835,33.71579],[-5.36819,33.71578]]}},{"type":"Feature","properties":{},"geometry":{"type":"LineString","coordinates":[[-5.36695,33.74204],[-5.36489,33.74327],[-5.36702,33.74469]]}},{"type":"Feature","properties":{},"geometry":{"type":"LineString","coordinates":[[-5.3909,33.73656],[-5.3734,33.7404],[-5.37159,33.73462],[-5.37023,33.73501],[-5.36984,33.73487],[-5.36723,33.73539],[-5.36501,33.73623],[-5.36466,33.73681]]}},{"type":"Feature","properties":{},"geometry":{"type":"LineString","coordinates":[[-5.35703,33.73463],[-5.35573,33.73308]]}},{"type":"Feature","properties":{},"geometry":{"type":"LineString","coordinates":[[-5.36992,33.73488],[-5.36975,33.73444],[-5.36909,33.73501]]}},{"type":"Feature","properties":{},"geometry":{"type":"LineString","coordinates":[[-5.3389,33.74591],[-5.33757,33.74712],[-5.33836,33.74791],[-5.33894,33.74834],[-5.33927,33.74738],[-5.33994,33.74676]]}},{"type":"Feature","properties":{},"geometry":{"type":"LineString","coordinates":[[-5.34124,33.74782],[-5.3392,33.75469],[-5.34034,33.75564]]}},{"type":"Feature","properties":{},"geometry":{"type":"LineString","coordinates":[[-5.34493,33.74666],[-5.34242,33.74887]]}},{"type":"Feature","properties":{},"geometry":{"type":"LineString","coordinates":[[-5.19611,33.75046],[-5.19597,33.75011],[-5.19616,33.74985],[-5.19584,33.74991],[-5.1935,33.74866],[-5.19307,33.74824],[-5.18977,33.74445],[-5.18878,33.74293],[-5.18851,33.74192]]}},{"type":"Feature","properties":{},"geometry":{"type":"LineString","coordinates":[[-5.19616,33.74986],[-5.19631,33.74955],[-5.19817,33.74938],[-5.19899,33.74915],[-5.1996,33.74878],[-5.20039,33.74795],[-5.20111,33.74654],[-5.20174,33.74616],[-5.20257,33.74486],[-5.20298,33.74471],[-5.20347,33.74481],[-5.20372,33.74545]]}},{"type":"Feature","properties":{},"geometry":{"type":"LineString","coordinates":[[-5.42508,33.72116],[-5.42509,33.72168]]}},{"type":"Feature","properties":{},"geometry":{"type":"LineString","coordinates":[[-5.42286,33.72185],[-5.43639,33.71749]]}},{"type":"Feature","properties":{},"geometry":{"type":"LineString","coordinates":[[-5.42281,33.72224],[-5.42426,33.72205],[-5.42514,33.72166],[-5.42626,33.72147]]}},{"type":"Feature","properties":{},"geometry":{"type":"LineString","coordinates":[[-5.42282,33.72247],[-5.42418,33.72268]]}},{"type":"Feature","properties":{},"geometry":{"type":"LineString","coordinates":[[-5.42421,33.72474],[-5.42745,33.72459],[-5.42754,33.72498]]}},{"type":"Feature","properties":{},"geometry":{"type":"LineString","coordinates":[[-5.42412,33.72465],[-5.42803,33.72443],[-5.42799,33.72346],[-5.42324,33.72365]]}},{"type":"Feature","properties":{},"geometry":{"type":"LineString","coordinates":[[-5.43647,33.72112],[-5.44063,33.71865],[-5.43642,33.71363]]}},{"type":"Feature","properties":{},"geometry":{"type":"LineString","coordinates":[[-5.43636,33.7151],[-5.42384,33.71403]]}},{"type":"Feature","properties":{},"geometry":{"type":"LineString","coordinates":[[-5.42568,33.72707],[-5.43667,33.72655],[-5.43639,33.71831],[-5.43634,33.71433],[-5.43647,33.71387],[-5.43614,33.71022]]}},{"type":"Feature","properties":{},"geometry":{"type":"LineString","coordinates":[[-5.42465,33.73314],[-5.4238,33.73279],[-5.42344,33.73286],[-5.42004,33.73529]]}},{"type":"Feature","properties":{},"geometry":{"type":"LineString","coordinates":[[-5.42477,33.744],[-5.42001,33.73529]]}},{"type":"Feature","properties":{},"geometry":{"type":"LineString","coordinates":[[-5.42473,33.73307],[-5.42407,33.73437],[-5.42198,33.73529],[-5.42001,33.73529],[-5.41916,33.7337]]}},{"type":"Feature","properties":{},"geometry":{"type":"LineString","coordinates":[[-5.40979,33.74104],[-5.40662,33.74181]]}},{"type":"Feature","properties":{},"geometry":{"type":"LineString","coordinates":[[-5.40901,33.73296],[-5.40841,33.73359]]}},{"type":"Feature","properties":{},"geometry":{"type":"LineString","coordinates":[[-5.40805,33.73234],[-5.40767,33.73252]]}},{"type":"Feature","properties":{},"geometry":{"type":"LineString","coordinates":[[-5.40914,33.7324],[-5.40809,33.73253]]}},{"type":"Feature","properties":{},"geometry":{"type":"LineString","coordinates":[[-5.64347,32.96721],[-5.64387,32.96694],[-5.64429,32.96699],[-5.6451,32.96663],[-5.64543,32.96618],[-5.6455,32.96578],[-5.64672,32.96473],[-5.64873,32.96345],[-5.65002,32.96417],[-5.65267,32.96509],[-5.65365,32.96611]]}},{"type":"Feature","properties":{},"geometry":{"type":"LineString","coordinates":[[-5.42188,33.74511],[-5.41889,33.73949],[-5.42167,33.73839]]}},{"type":"Feature","properties":{},"geometry":{"type":"LineString","coordinates":[[-5.40792,33.73342],[-5.40733,33.73357]]}},{"type":"Feature","properties":{},"geometry":{"type":"LineString","coordinates":[[-5.43434,33.73731],[-5.43401,33.73674]]}},{"type":"Feature","properties":{},"geometry":{"type":"LineString","coordinates":[[-5.43463,33.73645],[-5.43274,33.73735],[-5.43221,33.73711],[-5.4318,33.73727]]}},{"type":"Feature","properties":{},"geometry":{"type":"LineString","coordinates":[[-5.43285,33.73851],[-5.43436,33.73771],[-5.43434,33.73731],[-5.43466,33.73706],[-5.43462,33.73647],[-5.43551,33.7348],[-5.43741,33.73382],[-5.43772,33.73381],[-5.44095,33.73233]]}},{"type":"Feature","properties":{},"geometry":{"type":"LineString","coordinates":[[-5.42762,33.74265],[-5.42787,33.74332],[-5.42763,33.74369],[-5.4259,33.74435],[-5.42482,33.74397]]}},{"type":"Feature","properties":{},"geometry":{"type":"LineString","coordinates":[[-5.46436,33.74716],[-5.46336,33.74579]]}},{"type":"Feature","properties":{},"geometry":{"type":"LineString","coordinates":[[-5.4806,33.74919],[-5.47866,33.75018],[-5.47827,33.75004],[-5.47721,33.75051],[-5.47219,33.74326],[-5.46759,33.74555]]}},{"type":"Feature","properties":{},"geometry":{"type":"LineString","coordinates":[[-5.23144,33.40545],[-5.23224,33.40649],[-5.23423,33.40646],[-5.23369,33.40674],[-5.23371,33.40711],[-5.23331,33.40758],[-5.23329,33.40793]]}},{"type":"Feature","properties":{},"geometry":{"type":"LineString","coordinates":[[-5.38746,33.70003],[-5.38815,33.69972],[-5.38792,33.6993],[-5.3861,33.69804],[-5.38506,33.69755],[-5.38486,33.69726]]}},{"type":"Feature","properties":{},"geometry":{"type":"LineString","coordinates":[[-5.73079,32.95053],[-5.7309,32.95055]]}},{"type":"Feature","properties":{},"geometry":{"type":"LineString","coordinates":[[-5.72606,32.95043],[-5.72799,32.95062],[-5.72988,32.95029],[-5.73079,32.95053]]}},{"type":"Feature","properties":{},"geometry":{"type":"LineString","coordinates":[[-5.7406,32.94649],[-5.7393,32.9468],[-5.73807,32.94737],[-5.73674,32.94866],[-5.7358,32.95016],[-5.73472,32.9507]]}},{"type":"Feature","properties":{},"geometry":{"type":"LineString","coordinates":[[-5.73325,32.95072],[-5.73204,32.95168],[-5.73132,32.95287],[-5.73083,32.95539],[-5.73006,32.95735],[-5.72888,32.95895],[-5.72674,32.96127],[-5.72604,32.96229]]}},{"type":"Feature","properties":{},"geometry":{"type":"LineString","coordinates":[[-5.17873,33.50781],[-5.17908,33.50754],[-5.17941,33.50771],[-5.17978,33.50749],[-5.18042,33.50601],[-5.1808,33.50572]]}},{"type":"Feature","properties":{},"geometry":{"type":"LineString","coordinates":[[-5.17606,33.5079],[-5.17569,33.50851],[-5.17532,33.50868]]}},{"type":"Feature","properties":{},"geometry":{"type":"LineString","coordinates":[[-5.17865,33.50778],[-5.17842,33.50827]]}},{"type":"Feature","properties":{},"geometry":{"type":"LineString","coordinates":[[-5.71107,32.95891],[-5.71094,32.95854],[-5.71022,32.95788],[-5.71014,32.95722],[-5.71035,32.95615]]}},{"type":"Feature","properties":{},"geometry":{"type":"LineString","coordinates":[[-5.70852,32.9502],[-5.70796,32.95071],[-5.70727,32.95208],[-5.70724,32.9526],[-5.70706,32.95283],[-5.70717,32.95338],[-5.70688,32.9536],[-5.70687,32.9543],[-5.70633,32.95442]]}},{"type":"Feature","properties":{},"geometry":{"type":"LineString","coordinates":[[-5.68641,32.95541],[-5.68765,32.9557],[-5.68839,32.95562],[-5.69056,32.95603],[-5.69142,32.95645],[-5.69221,32.95729],[-5.6948,32.95796],[-5.69503,32.95821],[-5.69591,32.9609],[-5.69717,32.96222],[-5.69768,32.96246]]}},{"type":"Feature","properties":{},"geometry":{"type":"LineString","coordinates":[[-5.70448,32.96056],[-5.70498,32.95952],[-5.70587,32.95866],[-5.7065,32.95755],[-5.7067,32.95637],[-5.70661,32.95622],[-5.70584,32.95601],[-5.70446,32.95594],[-5.70392,32.95574],[-5.70404,32.95508]]}},{"type":"Feature","properties":{},"geometry":{"type":"LineString","coordinates":[[-5.21219,33.49078],[-5.21225,33.49132],[-5.21273,33.49153]]}},{"type":"Feature","properties":{},"geometry":{"type":"LineString","coordinates":[[-5.20599,33.48986],[-5.20703,33.49037],[-5.20748,33.49094],[-5.20776,33.49094]]}},{"type":"Feature","properties":{},"geometry":{"type":"LineString","coordinates":[[-5.21416,33.499],[-5.21385,33.4992],[-5.21144,33.49969],[-5.21059,33.50012]]}},{"type":"Feature","properties":{},"geometry":{"type":"LineString","coordinates":[[-5.20928,33.49021],[-5.21075,33.4902],[-5.21219,33.49078],[-5.21225,33.49026],[-5.21266,33.48939],[-5.21225,33.48923],[-5.21103,33.48737]]}},{"type":"Feature","properties":{},"geometry":{"type":"LineString","coordinates":[[-5.2077,33.48569],[-5.20786,33.48651],[-5.20844,33.48754],[-5.20928,33.49021],[-5.20937,33.49237],[-5.20979,33.49308],[-5.21067,33.49398],[-5.21117,33.49495],[-5.21261,33.49635],[-5.21352,33.49824],[-5.21426,33.49915],[-5.21456,33.4993],[-5.21697,33.49958],[-5.21848,33.50002],[-5.21987,33.50067],[-5.22167,33.5021],[-5.22263,33.5037],[-5.22421,33.50534],[-5.22481,33.50642],[-5.22615,33.50672],[-5.22667,33.50742]]}},{"type":"Feature","properties":{},"geometry":{"type":"LineString","coordinates":[[-5.70442,32.97479],[-5.70333,32.9736],[-5.70237,32.97326],[-5.70165,32.97276],[-5.70146,32.9724]]}},{"type":"Feature","properties":{},"geometry":{"type":"LineString","coordinates":[[-5.70138,32.97204],[-5.70146,32.9724],[-5.7009,32.97255],[-5.6999,32.97252],[-5.69957,32.97293],[-5.69912,32.97305],[-5.69875,32.97361]]}},{"type":"Feature","properties":{},"geometry":{"type":"LineString","coordinates":[[-5.70659,32.97179],[-5.706,32.97223],[-5.70584,32.97258]]}},{"type":"Feature","properties":{},"geometry":{"type":"LineString","coordinates":[[-5.19993,33.47433],[-5.19837,33.47415]]}},{"type":"Feature","properties":{},"geometry":{"type":"LineString","coordinates":[[-5.20151,33.47403],[-5.20009,33.4742],[-5.19917,33.47499],[-5.19766,33.47587]]}},{"type":"Feature","properties":{},"geometry":{"type":"LineString","coordinates":[[-5.20044,33.48149],[-5.20087,33.48294]]}},{"type":"Feature","properties":{},"geometry":{"type":"LineString","coordinates":[[-5.20254,33.48022],[-5.20122,33.4788]]}},{"type":"Feature","properties":{},"geometry":{"type":"LineString","coordinates":[[-5.19866,33.4756],[-5.19835,33.47565],[-5.19734,33.47684],[-5.19732,33.47708]]}},{"type":"Feature","properties":{},"geometry":{"type":"LineString","coordinates":[[-5.20155,33.4745],[-5.20306,33.47395],[-5.20476,33.47292],[-5.20639,33.4726],[-5.20662,33.47186],[-5.20715,33.47136],[-5.20865,33.4706],[-5.21036,33.47076],[-5.21127,33.47145]]}},{"type":"Feature","properties":{},"geometry":{"type":"LineString","coordinates":[[-5.15429,33.4655],[-5.15291,33.46367],[-5.15214,33.46233],[-5.15154,33.46215],[-5.1506,33.46153],[-5.14926,33.4619],[-5.14944,33.46144],[-5.1493,33.4604],[-5.14892,33.45957]]}},{"type":"Feature","properties":{},"geometry":{"type":"LineString","coordinates":[[-5.72912,32.95223],[-5.72866,32.95164],[-5.72795,32.9513],[-5.72732,32.95058]]}},{"type":"Feature","properties":{},"geometry":{"type":"LineString","coordinates":[[-5.19847,33.47535],[-5.19949,33.4768],[-5.20123,33.47876]]}},{"type":"Feature","properties":{},"geometry":{"type":"LineString","coordinates":[[-5.20147,33.47351],[-5.20302,33.47276]]}},{"type":"Feature","properties":{},"geometry":{"type":"LineString","coordinates":[[-5.14884,33.49766],[-5.14815,33.49855],[-5.14739,33.49897],[-5.14595,33.49915],[-5.14267,33.50004],[-5.13605,33.50085],[-5.13548,33.50105],[-5.13456,33.50176]]}},{"type":"Feature","properties":{},"geometry":{"type":"LineString","coordinates":[[-5.21979,33.48359],[-5.21956,33.48281],[-5.21998,33.48252],[-5.22002,33.48204],[-5.21965,33.48156],[-5.21964,33.48102],[-5.21845,33.48085],[-5.21737,33.4813],[-5.21571,33.4817],[-5.21552,33.4814],[-5.21471,33.481]]}},{"type":"Feature","properties":{},"geometry":{"type":"LineString","coordinates":[[-5.20819,33.47769],[-5.20786,33.47731]]}},{"type":"Feature","properties":{},"geometry":{"type":"LineString","coordinates":[[-5.14966,33.46585],[-5.14941,33.46516]]}},{"type":"Feature","properties":{},"geometry":{"type":"LineString","coordinates":[[-5.14706,33.46333],[-5.14687,33.46282],[-5.14661,33.46287]]}},{"type":"Feature","properties":{},"geometry":{"type":"LineString","coordinates":[[-5.20748,33.48015],[-5.20685,33.48005],[-5.20615,33.4797],[-5.20447,33.47954],[-5.20413,33.47933]]}},{"type":"Feature","properties":{},"geometry":{"type":"LineString","coordinates":[[-5.21659,33.48142],[-5.21627,33.48095],[-5.21577,33.48092],[-5.21504,33.48035]]}},{"type":"Feature","properties":{},"geometry":{"type":"LineString","coordinates":[[-5.20969,33.47391],[-5.20978,33.47286],[-5.20941,33.47138],[-5.20949,33.47061]]}},{"type":"Feature","properties":{},"geometry":{"type":"LineString","coordinates":[[-5.21266,33.48949],[-5.21311,33.48872],[-5.21382,33.48867],[-5.21431,33.48786],[-5.21561,33.4867],[-5.21566,33.48649]]}},{"type":"Feature","properties":{},"geometry":{"type":"LineString","coordinates":[[-5.20638,33.47977],[-5.2058,33.47861]]}},{"type":"Feature","properties":{},"geometry":{"type":"LineString","coordinates":[[-5.01963,33.6963],[-5.01953,33.69703]]}},{"type":"Feature","properties":{},"geometry":{"type":"LineString","coordinates":[[-5.02003,33.69668],[-5.02036,33.69629]]}},{"type":"Feature","properties":{},"geometry":{"type":"LineString","coordinates":[[-5.01971,33.69631],[-5.02018,33.69647]]}},{"type":"Feature","properties":{},"geometry":{"type":"LineString","coordinates":[[-5.0194,33.69503],[-5.01937,33.69616],[-5.01979,33.69636],[-5.02106,33.69753]]}},{"type":"Feature","properties":{},"geometry":{"type":"LineString","coordinates":[[-5.0193,33.69502],[-5.02146,33.69502],[-5.02138,33.69602]]}},{"type":"Feature","properties":{},"geometry":{"type":"LineString","coordinates":[[-5.01591,33.70227],[-5.0163,33.70236]]}},{"type":"Feature","properties":{},"geometry":{"type":"LineString","coordinates":[[-5.01513,33.70255],[-5.01538,33.70305]]}},{"type":"Feature","properties":{},"geometry":{"type":"LineString","coordinates":[[-5.01571,33.70093],[-5.01591,33.702],[-5.01581,33.70282]]}},{"type":"Feature","properties":{},"geometry":{"type":"LineString","coordinates":[[-5.2113,33.47142],[-5.21212,33.47089],[-5.21251,33.47088],[-5.2124,33.47165],[-5.21278,33.47237],[-5.21355,33.47301],[-5.21371,33.47383]]}},{"type":"Feature","properties":{},"geometry":{"type":"LineString","coordinates":[[-5.08604,33.54564],[-5.08552,33.5452],[-5.08514,33.5451],[-5.08505,33.54487]]}},{"type":"Feature","properties":{},"geometry":{"type":"LineString","coordinates":[[-5.08646,33.54377],[-5.08659,33.54447],[-5.0863,33.54496],[-5.08673,33.54535]]}},{"type":"Feature","properties":{},"geometry":{"type":"LineString","coordinates":[[-5.01658,33.70884],[-5.01678,33.70854],[-5.01762,33.70823],[-5.01813,33.70785],[-5.01967,33.70595],[-5.02106,33.70476]]}},{"type":"Feature","properties":{},"geometry":{"type":"LineString","coordinates":[[-5.01541,33.70011],[-5.0151,33.7],[-5.01427,33.70011]]}},{"type":"Feature","properties":{},"geometry":{"type":"LineString","coordinates":[[-5.01778,33.70875],[-5.01798,33.70914],[-5.01832,33.70918],[-5.01839,33.70941]]}},{"type":"Feature","properties":{},"geometry":{"type":"LineString","coordinates":[[-5.16983,33.54258],[-5.17045,33.54214],[-5.17136,33.54221]]}},{"type":"Feature","properties":{},"geometry":{"type":"LineString","coordinates":[[-5.15988,33.4659],[-5.15975,33.46509],[-5.15952,33.46505]]}},{"type":"Feature","properties":{},"geometry":{"type":"LineString","coordinates":[[-5.16679,33.45678],[-5.16677,33.45584],[-5.16651,33.45562]]}},{"type":"Feature","properties":{},"geometry":{"type":"LineString","coordinates":[[-5.39105,33.7388],[-5.38817,33.73946]]}},{"type":"Feature","properties":{},"geometry":{"type":"LineString","coordinates":[[-5.38758,33.72797],[-5.38708,33.72935],[-5.38382,33.7304],[-5.38043,33.73084],[-5.38009,33.73198]]}},{"type":"Feature","properties":{},"geometry":{"type":"LineString","coordinates":[[-5.2294,33.48446],[-5.22939,33.48581],[-5.22809,33.48736],[-5.22728,33.48806],[-5.22722,33.48869],[-5.2269,33.48905],[-5.2268,33.48965],[-5.22615,33.49042],[-5.2256,33.49158],[-5.22494,33.49247],[-5.22436,33.4939],[-5.22374,33.49629],[-5.22405,33.49726],[-5.22586,33.49975],[-5.22594,33.50165],[-5.22684,33.50259],[-5.22713,33.50321],[-5.22737,33.50389],[-5.22758,33.50619],[-5.22723,33.50666],[-5.2271,33.50729],[-5.22667,33.50742],[-5.22661,33.50768],[-5.22496,33.50883],[-5.22382,33.51017],[-5.22328,33.51205],[-5.22313,33.51217],[-5.223,33.5135],[-5.22187,33.51499],[-5.2213,33.51653],[-5.22165,33.51711],[-5.22013,33.5182],[-5.22006,33.51835],[-5.2203,33.51853],[-5.21995,33.51867]]}},{"type":"Feature","properties":{},"geometry":{"type":"LineString","coordinates":[[-5.23557,33.48902],[-5.23233,33.48569],[-5.23157,33.48527],[-5.23081,33.4846],[-5.2294,33.48446]]}},{"type":"Feature","properties":{},"geometry":{"type":"LineString","coordinates":[[-5.23119,33.47703],[-5.22963,33.4781],[-5.2283,33.47865],[-5.22776,33.47911],[-5.22713,33.47911],[-5.22536,33.47962],[-5.22478,33.47994],[-5.22125,33.48065],[-5.22067,33.48093],[-5.21964,33.48102]]}},{"type":"Feature","properties":{},"geometry":{"type":"LineString","coordinates":[[-5.2349,33.48341],[-5.23348,33.48408],[-5.2331,33.4844],[-5.23313,33.48477]]}},{"type":"Feature","properties":{},"geometry":{"type":"LineString","coordinates":[[-5.2243,33.48305],[-5.22411,33.48377],[-5.22356,33.48467],[-5.22147,33.48636],[-5.22112,33.48721],[-5.22126,33.4877]]}},{"type":"Feature","properties":{},"geometry":{"type":"LineString","coordinates":[[-5.2268,33.48965],[-5.22892,33.49008]]}},{"type":"Feature","properties":{},"geometry":{"type":"LineString","coordinates":[[-5.25537,33.43252],[-5.25543,33.43305]]}},{"type":"Feature","properties":{},"geometry":{"type":"LineString","coordinates":[[-5.25409,33.43251],[-5.25604,33.43244],[-5.257,33.43176],[-5.25793,33.43202],[-5.25859,33.43197],[-5.25812,33.43071]]}},{"type":"Feature","properties":{},"geometry":{"type":"LineString","coordinates":[[-5.25326,33.43335],[-5.25418,33.43341],[-5.25543,33.43305],[-5.25549,33.43378],[-5.2557,33.43421]]}},{"type":"Feature","properties":{},"geometry":{"type":"LineString","coordinates":[[-5.26163,33.42205],[-5.26164,33.4211],[-5.26222,33.42075]]}},{"type":"Feature","properties":{},"geometry":{"type":"LineString","coordinates":[[-5.26644,33.43015],[-5.26637,33.43008]]}},{"type":"Feature","properties":{},"geometry":{"type":"LineString","coordinates":[[-5.26637,33.43008],[-5.26682,33.42947]]}},{"type":"Feature","properties":{},"geometry":{"type":"LineString","coordinates":[[-5.27153,33.43576],[-5.27064,33.43485],[-5.26964,33.43414],[-5.26843,33.4326],[-5.26768,33.43224],[-5.26692,33.43221],[-5.26706,33.4316],[-5.26609,33.43071],[-5.26645,33.43052],[-5.26644,33.43015]]}},{"type":"Feature","properties":{},"geometry":{"type":"LineString","coordinates":[[-5.16842,33.45164],[-5.16738,33.45246],[-5.16677,33.45266],[-5.16557,33.45353]]}},{"type":"Feature","properties":{},"geometry":{"type":"LineString","coordinates":[[-5.1675,33.45503],[-5.16667,33.45474],[-5.16557,33.45353]]}},{"type":"Feature","properties":{},"geometry":{"type":"LineString","coordinates":[[-5.16875,33.44873],[-5.16619,33.44884],[-5.16406,33.45018],[-5.16329,33.45041],[-5.16216,33.45114],[-5.16068,33.45146],[-5.15921,33.45147]]}},{"type":"Feature","properties":{},"geometry":{"type":"LineString","coordinates":[[-5.16643,33.44592],[-5.16663,33.44692]]}},{"type":"Feature","properties":{},"geometry":{"type":"LineString","coordinates":[[-5.45576,33.69089],[-5.45337,33.6903]]}},{"type":"Feature","properties":{},"geometry":{"type":"LineString","coordinates":[[-5.45606,33.6906],[-5.45592,33.68995]]}},{"type":"Feature","properties":{},"geometry":{"type":"LineString","coordinates":[[-5.45558,33.69186],[-5.45544,33.69107],[-5.45656,33.69035],[-5.45657,33.6899]]}},{"type":"Feature","properties":{},"geometry":{"type":"LineString","coordinates":[[-5.45363,33.69207],[-5.45322,33.68932]]}},{"type":"Feature","properties":{},"geometry":{"type":"LineString","coordinates":[[-5.26469,33.42602],[-5.26431,33.42559],[-5.26375,33.42448],[-5.26303,33.42387],[-5.2612,33.42154],[-5.26086,33.42136]]}},{"type":"Feature","properties":{},"geometry":{"type":"LineString","coordinates":[[-5.26573,33.43822],[-5.26548,33.43818]]}},{"type":"Feature","properties":{},"geometry":{"type":"LineString","coordinates":[[-5.26896,33.43788],[-5.26798,33.43829],[-5.26703,33.43847],[-5.26573,33.43822]]}},{"type":"Feature","properties":{},"geometry":{"type":"LineString","coordinates":[[-5.15209,33.45552],[-5.15288,33.45574],[-5.15326,33.45562]]}},{"type":"Feature","properties":{},"geometry":{"type":"LineString","coordinates":[[-5.24127,33.46558],[-5.23955,33.46237],[-5.23923,33.46118],[-5.23949,33.46104]]}},{"type":"Feature","properties":{},"geometry":{"type":"LineString","coordinates":[[-5.24306,33.47021],[-5.24192,33.47095],[-5.24139,33.47197]]}},{"type":"Feature","properties":{},"geometry":{"type":"LineString","coordinates":[[-5.16803,33.44038],[-5.16705,33.44092],[-5.16674,33.4405],[-5.16484,33.44029]]}},{"type":"Feature","properties":{},"geometry":{"type":"LineString","coordinates":[[-5.45381,33.72097],[-5.45325,33.72042],[-5.4528,33.72032],[-5.45232,33.71977]]}},{"type":"Feature","properties":{},"geometry":{"type":"LineString","coordinates":[[-5.45389,33.71878],[-5.45188,33.7201],[-5.45328,33.72125],[-5.45411,33.72077],[-5.45402,33.72049]]}},{"type":"Feature","properties":{},"geometry":{"type":"LineString","coordinates":[[-5.23518,33.45394],[-5.23585,33.45352],[-5.23631,33.45412],[-5.23661,33.45395],[-5.23816,33.45406],[-5.2396,33.45383],[-5.24003,33.45438],[-5.2437,33.45647],[-5.24334,33.45688]]}},{"type":"Feature","properties":{},"geometry":{"type":"LineString","coordinates":[[-5.15693,33.44519],[-5.15618,33.44467],[-5.15562,33.44459]]}},{"type":"Feature","properties":{},"geometry":{"type":"LineString","coordinates":[[-5.03846,33.73424],[-5.03926,33.73445],[-5.03958,33.73483]]}},{"type":"Feature","properties":{},"geometry":{"type":"LineString","coordinates":[[-5.03825,33.73111],[-5.03951,33.73147],[-5.03948,33.73278]]}},{"type":"Feature","properties":{},"geometry":{"type":"LineString","coordinates":[[-5.03838,33.73091],[-5.04007,33.73109],[-5.04038,33.73204]]}},{"type":"Feature","properties":{},"geometry":{"type":"LineString","coordinates":[[-5.03699,33.7409],[-5.03713,33.74028]]}},{"type":"Feature","properties":{},"geometry":{"type":"LineString","coordinates":[[-5.03583,33.74065],[-5.03615,33.73914],[-5.03542,33.73905]]}},{"type":"Feature","properties":{},"geometry":{"type":"LineString","coordinates":[[-5.03432,33.73995],[-5.03568,33.73867],[-5.03628,33.73875]]}},{"type":"Feature","properties":{},"geometry":{"type":"LineString","coordinates":[[-5.03428,33.74346],[-5.03404,33.74397],[-5.0341,33.74426]]}},{"type":"Feature","properties":{},"geometry":{"type":"LineString","coordinates":[[-5.03452,33.74367],[-5.03433,33.74421]]}},{"type":"Feature","properties":{},"geometry":{"type":"LineString","coordinates":[[-5.03304,33.74317],[-5.03416,33.74336],[-5.0347,33.74389],[-5.03514,33.74405],[-5.03542,33.74446],[-5.03581,33.74459]]}},{"type":"Feature","properties":{},"geometry":{"type":"LineString","coordinates":[[-5.03226,33.74469],[-5.03263,33.74477],[-5.03284,33.74516]]}},{"type":"Feature","properties":{},"geometry":{"type":"LineString","coordinates":[[-5.03436,33.73997],[-5.03277,33.7438],[-5.03226,33.74469]]}},{"type":"Feature","properties":{},"geometry":{"type":"LineString","coordinates":[[-5.03655,33.74086],[-5.03652,33.74195]]}},{"type":"Feature","properties":{},"geometry":{"type":"LineString","coordinates":[[-5.03728,33.7409],[-5.03736,33.74211]]}},{"type":"Feature","properties":{},"geometry":{"type":"LineString","coordinates":[[-5.03775,33.74091],[-5.03786,33.74168]]}},{"type":"Feature","properties":{},"geometry":{"type":"LineString","coordinates":[[-5.03884,33.74081],[-5.03858,33.74154]]}},{"type":"Feature","properties":{},"geometry":{"type":"LineString","coordinates":[[-5.04097,33.74044],[-5.04189,33.74111]]}},{"type":"Feature","properties":{},"geometry":{"type":"LineString","coordinates":[[-5.04153,33.7401],[-5.04197,33.74031],[-5.04255,33.74025]]}},{"type":"Feature","properties":{},"geometry":{"type":"LineString","coordinates":[[-5.25261,33.44586],[-5.25216,33.44682],[-5.25269,33.44696],[-5.25327,33.44738],[-5.25419,33.44658],[-5.25605,33.44598],[-5.25721,33.44608],[-5.25857,33.44596]]}},{"type":"Feature","properties":{},"geometry":{"type":"LineString","coordinates":[[-5.0386,33.73017],[-5.03898,33.73033],[-5.03934,33.73019],[-5.04007,33.73022]]}},{"type":"Feature","properties":{},"geometry":{"type":"LineString","coordinates":[[-5.03899,33.72859],[-5.04047,33.72901]]}},{"type":"Feature","properties":{},"geometry":{"type":"LineString","coordinates":[[-5.25726,33.45245],[-5.25664,33.45121]]}},{"type":"Feature","properties":{},"geometry":{"type":"LineString","coordinates":[[-5.25845,33.43949],[-5.25934,33.44006],[-5.26038,33.44011],[-5.26053,33.44058]]}},{"type":"Feature","properties":{},"geometry":{"type":"LineString","coordinates":[[-5.25327,33.44738],[-5.25294,33.44758],[-5.25219,33.44851],[-5.25151,33.44866],[-5.2511,33.44938]]}},{"type":"Feature","properties":{},"geometry":{"type":"LineString","coordinates":[[-5.25539,33.43952],[-5.25634,33.44044],[-5.25657,33.44101],[-5.25644,33.44185]]}},{"type":"Feature","properties":{},"geometry":{"type":"LineString","coordinates":[[-5.20411,33.46069],[-5.2042,33.45973],[-5.20365,33.45934],[-5.20317,33.45873],[-5.20238,33.45647],[-5.20157,33.45623],[-5.20104,33.45628],[-5.20083,33.45603],[-5.20029,33.45597],[-5.19982,33.45451]]}},{"type":"Feature","properties":{},"geometry":{"type":"LineString","coordinates":[[-5.19451,33.46865],[-5.19438,33.4687]]}},{"type":"Feature","properties":{},"geometry":{"type":"LineString","coordinates":[[-5.19438,33.4687],[-5.19322,33.46895],[-5.19192,33.4687],[-5.18848,33.46876]]}},{"type":"Feature","properties":{},"geometry":{"type":"LineString","coordinates":[[-5.20115,33.46711],[-5.20044,33.46702],[-5.19975,33.46777],[-5.19806,33.46833],[-5.19707,33.46854],[-5.19451,33.46865]]}},{"type":"Feature","properties":{},"geometry":{"type":"LineString","coordinates":[[-5.20119,33.46968],[-5.19889,33.46942],[-5.19686,33.46963],[-5.19549,33.46909],[-5.19465,33.46906],[-5.19385,33.46875]]}},{"type":"Feature","properties":{},"geometry":{"type":"LineString","coordinates":[[-5.14369,33.53676],[-5.14418,33.53588],[-5.14543,33.53509],[-5.14549,33.53447],[-5.14659,33.534]]}},{"type":"Feature","properties":{},"geometry":{"type":"LineString","coordinates":[[-5.23274,33.46602],[-5.23225,33.4659],[-5.23097,33.46631],[-5.22986,33.46631],[-5.22795,33.46687]]}},{"type":"Feature","properties":{},"geometry":{"type":"LineString","coordinates":[[-5.21756,33.45793],[-5.21855,33.45853],[-5.21932,33.45853],[-5.22363,33.4599],[-5.22419,33.46085],[-5.22678,33.46348],[-5.22773,33.46481]]}},{"type":"Feature","properties":{},"geometry":{"type":"LineString","coordinates":[[-5.21254,33.46962],[-5.21091,33.46999],[-5.20948,33.47005],[-5.20839,33.46984],[-5.20615,33.46977],[-5.2012,33.4699]]}},{"type":"Feature","properties":{},"geometry":{"type":"LineString","coordinates":[[-5.36492,33.67612],[-5.36473,33.67655],[-5.36369,33.67682],[-5.36376,33.67717]]}},{"type":"Feature","properties":{},"geometry":{"type":"LineString","coordinates":[[-5.36032,33.66327],[-5.35946,33.66357],[-5.35887,33.6633]]}},{"type":"Feature","properties":{},"geometry":{"type":"LineString","coordinates":[[-4.9954,33.719],[-4.99522,33.71921],[-4.99449,33.71932]]}},{"type":"Feature","properties":{},"geometry":{"type":"LineString","coordinates":[[-4.99452,33.71938],[-4.99426,33.71855],[-4.99341,33.71868]]}},{"type":"Feature","properties":{},"geometry":{"type":"LineString","coordinates":[[-4.99211,33.72063],[-4.99157,33.72133]]}},{"type":"Feature","properties":{},"geometry":{"type":"LineString","coordinates":[[-4.99389,33.72251],[-4.99335,33.72328]]}},{"type":"Feature","properties":{},"geometry":{"type":"LineString","coordinates":[[-4.99407,33.72367],[-4.99361,33.72335]]}},{"type":"Feature","properties":{},"geometry":{"type":"LineString","coordinates":[[-4.99421,33.7235],[-4.99375,33.72321]]}},{"type":"Feature","properties":{},"geometry":{"type":"LineString","coordinates":[[-5.36813,33.67485],[-5.3675,33.67451],[-5.36694,33.67456]]}},{"type":"Feature","properties":{},"geometry":{"type":"LineString","coordinates":[[-5.36932,33.6728],[-5.36809,33.67334],[-5.36694,33.67456],[-5.36658,33.67473]]}},{"type":"Feature","properties":{},"geometry":{"type":"LineString","coordinates":[[-5.03555,33.75384],[-5.03641,33.75365],[-5.03636,33.75342],[-5.03561,33.75255],[-5.03484,33.75094],[-5.0332,33.74946],[-5.03335,33.74856],[-5.03323,33.74746],[-5.03223,33.74573],[-5.03226,33.74469]]}},{"type":"Feature","properties":{},"geometry":{"type":"LineString","coordinates":[[-5.24583,33.44],[-5.24602,33.43953],[-5.24596,33.43895],[-5.24625,33.43861]]}},{"type":"Feature","properties":{},"geometry":{"type":"LineString","coordinates":[[-5.22196,33.45582],[-5.22235,33.45593],[-5.22271,33.45743],[-5.22348,33.45834]]}},{"type":"Feature","properties":{},"geometry":{"type":"LineString","coordinates":[[-5.23039,33.45991],[-5.22877,33.46048]]}},{"type":"Feature","properties":{},"geometry":{"type":"LineString","coordinates":[[-5.23402,33.47107],[-5.23497,33.47133],[-5.23522,33.47066],[-5.23546,33.47046]]}},{"type":"Feature","properties":{},"geometry":{"type":"LineString","coordinates":[[-4.98992,33.72067],[-4.99045,33.72016],[-4.99181,33.71996],[-4.99294,33.71904],[-4.99335,33.71792],[-4.99339,33.71731],[-4.99455,33.71476],[-4.99455,33.71418],[-4.99412,33.7132],[-4.99457,33.71252],[-4.99492,33.71242]]}},{"type":"Feature","properties":{},"geometry":{"type":"LineString","coordinates":[[-4.99546,33.72124],[-4.99447,33.72196]]}},{"type":"Feature","properties":{},"geometry":{"type":"LineString","coordinates":[[-4.99533,33.72346],[-4.99565,33.72312],[-4.99467,33.72225],[-4.99564,33.72148]]}},{"type":"Feature","properties":{},"geometry":{"type":"LineString","coordinates":[[-4.99827,33.72344],[-4.99773,33.72316],[-4.99747,33.72353]]}},{"type":"Feature","properties":{},"geometry":{"type":"LineString","coordinates":[[-5.24399,33.44133],[-5.2431,33.44178],[-5.24196,33.44183],[-5.24119,33.44262],[-5.2407,33.44281],[-5.2402,33.4435]]}},{"type":"Feature","properties":{},"geometry":{"type":"LineString","coordinates":[[-5.23107,33.44393],[-5.23332,33.44462],[-5.23514,33.44575],[-5.23732,33.44753]]}},{"type":"Feature","properties":{},"geometry":{"type":"LineString","coordinates":[[-5.24653,33.44116],[-5.24513,33.44124],[-5.24499,33.44152],[-5.24399,33.44133],[-5.24368,33.44034],[-5.24382,33.4394]]}},{"type":"Feature","properties":{},"geometry":{"type":"LineString","coordinates":[[-4.99432,33.71897],[-4.99357,33.71921]]}},{"type":"Feature","properties":{},"geometry":{"type":"LineString","coordinates":[[-4.9954,33.72075],[-4.99425,33.72117]]}},{"type":"Feature","properties":{},"geometry":{"type":"LineString","coordinates":[[-4.99539,33.72104],[-4.99441,33.72168],[-4.99456,33.72188]]}},{"type":"Feature","properties":{},"geometry":{"type":"LineString","coordinates":[[-4.99362,33.72043],[-4.99328,33.72023]]}},{"type":"Feature","properties":{},"geometry":{"type":"LineString","coordinates":[[-4.99382,33.72019],[-4.99351,33.71999]]}},{"type":"Feature","properties":{},"geometry":{"type":"LineString","coordinates":[[-4.99462,33.72299],[-4.99433,33.72329],[-4.99391,33.72305]]}},{"type":"Feature","properties":{},"geometry":{"type":"LineString","coordinates":[[-4.99624,33.71964],[-4.99529,33.71955],[-4.99512,33.71923]]}},{"type":"Feature","properties":{},"geometry":{"type":"LineString","coordinates":[[-5.4953,33.75342],[-5.49559,33.75288],[-5.49559,33.75244],[-5.49534,33.75199],[-5.49493,33.75176],[-5.49483,33.75115],[-5.49431,33.75064],[-5.4941,33.74968]]}},{"type":"Feature","properties":{},"geometry":{"type":"LineString","coordinates":[[-5.13468,33.56833],[-5.13417,33.56802]]}},{"type":"Feature","properties":{},"geometry":{"type":"LineString","coordinates":[[-5.1332,33.5678],[-5.13417,33.56802]]}},{"type":"Feature","properties":{},"geometry":{"type":"LineString","coordinates":[[-5.14322,33.5713],[-5.14389,33.57119],[-5.14465,33.57077]]}},{"type":"Feature","properties":{},"geometry":{"type":"LineString","coordinates":[[-5.13326,33.57023],[-5.1339,33.5705],[-5.13466,33.57052],[-5.1366,33.57101],[-5.13736,33.57085],[-5.13799,33.57041],[-5.13915,33.5706],[-5.14096,33.57056],[-5.14284,33.57104],[-5.14319,33.57125],[-5.14362,33.57198],[-5.14522,33.57288],[-5.146,33.57373],[-5.14774,33.57472],[-5.14808,33.57506]]}},{"type":"Feature","properties":{},"geometry":{"type":"LineString","coordinates":[[-5.50135,33.74928],[-5.50067,33.74903]]}},{"type":"Feature","properties":{},"geometry":{"type":"LineString","coordinates":[[-5.14341,33.56609],[-5.14309,33.5661]]}},{"type":"Feature","properties":{},"geometry":{"type":"LineString","coordinates":[[-5.14339,33.56525],[-5.14293,33.56554]]}},{"type":"Feature","properties":{},"geometry":{"type":"LineString","coordinates":[[-5.49143,33.74268],[-5.48862,33.74075]]}},{"type":"Feature","properties":{},"geometry":{"type":"LineString","coordinates":[[-5.48985,33.74039],[-5.48926,33.74]]}},{"type":"Feature","properties":{},"geometry":{"type":"LineString","coordinates":[[-5.47085,33.73436],[-5.47492,33.73122],[-5.47425,33.73045]]}},{"type":"Feature","properties":{},"geometry":{"type":"LineString","coordinates":[[-5.47797,33.74308],[-5.47616,33.74446]]}},{"type":"Feature","properties":{},"geometry":{"type":"LineString","coordinates":[[-5.48961,33.73959],[-5.47887,33.73307],[-5.4735,33.73922]]}},{"type":"Feature","properties":{},"geometry":{"type":"LineString","coordinates":[[-5.49189,33.73322],[-5.48743,33.73822]]}},{"type":"Feature","properties":{},"geometry":{"type":"LineString","coordinates":[[-5.48643,33.72798],[-5.4858,33.72864]]}},{"type":"Feature","properties":{},"geometry":{"type":"LineString","coordinates":[[-5.48731,33.72847],[-5.48664,33.72917],[-5.48623,33.72938]]}},{"type":"Feature","properties":{},"geometry":{"type":"LineString","coordinates":[[-5.09227,33.50986],[-5.09133,33.50991],[-5.09084,33.51034],[-5.0901,33.51056]]}},{"type":"Feature","properties":{},"geometry":{"type":"LineString","coordinates":[[-5.13264,33.56859],[-5.13317,33.56872]]}},{"type":"Feature","properties":{},"geometry":{"type":"LineString","coordinates":[[-5.13337,33.56826],[-5.13261,33.56823]]}},{"type":"Feature","properties":{},"geometry":{"type":"LineString","coordinates":[[-5.1331,33.56755],[-5.13283,33.56762],[-5.13257,33.56873],[-5.1321,33.56898]]}},{"type":"Feature","properties":{},"geometry":{"type":"LineString","coordinates":[[-5.13291,33.57058],[-5.13224,33.57032]]}},{"type":"Feature","properties":{},"geometry":{"type":"LineString","coordinates":[[-5.13315,33.57035],[-5.13237,33.57022]]}},{"type":"Feature","properties":{},"geometry":{"type":"LineString","coordinates":[[-5.13352,33.56991],[-5.13261,33.56989],[-5.1322,33.57034]]}},{"type":"Feature","properties":{},"geometry":{"type":"LineString","coordinates":[[-5.13389,33.56942],[-5.13314,33.56876]]}},{"type":"Feature","properties":{},"geometry":{"type":"LineString","coordinates":[[-5.13387,33.56842],[-5.13336,33.56832]]}},{"type":"Feature","properties":{},"geometry":{"type":"LineString","coordinates":[[-5.4774,33.74232],[-5.47448,33.7381]]}},{"type":"Feature","properties":{},"geometry":{"type":"LineString","coordinates":[[-5.49012,33.74513],[-5.48676,33.74292]]}},{"type":"Feature","properties":{},"geometry":{"type":"LineString","coordinates":[[-5.13156,33.57138],[-5.13128,33.57136],[-5.13119,33.57093]]}},{"type":"Feature","properties":{},"geometry":{"type":"LineString","coordinates":[[-5.13219,33.57099],[-5.13256,33.57149],[-5.13249,33.57178]]}},{"type":"Feature","properties":{},"geometry":{"type":"LineString","coordinates":[[-5.13147,33.5656],[-5.1306,33.56523]]}},{"type":"Feature","properties":{},"geometry":{"type":"LineString","coordinates":[[-5.13198,33.57061],[-5.13163,33.57049]]}},{"type":"Feature","properties":{},"geometry":{"type":"LineString","coordinates":[[-5.47456,33.74203],[-5.47219,33.74326]]}},{"type":"Feature","properties":{},"geometry":{"type":"LineString","coordinates":[[-5.20288,33.43192],[-5.20195,33.43194],[-5.20073,33.43229],[-5.20062,33.43266],[-5.19911,33.43463],[-5.19855,33.43494],[-5.19811,33.43596],[-5.19812,33.43695],[-5.19856,33.4372],[-5.19929,33.4371]]}},{"type":"Feature","properties":{},"geometry":{"type":"LineString","coordinates":[[-5.41542,33.70729],[-5.41537,33.70797],[-5.41456,33.70865]]}},{"type":"Feature","properties":{},"geometry":{"type":"LineString","coordinates":[[-5.41491,33.7074],[-5.41576,33.70808],[-5.41588,33.70847],[-5.41635,33.70896],[-5.41548,33.70957],[-5.41322,33.70734]]}},{"type":"Feature","properties":{},"geometry":{"type":"LineString","coordinates":[[-5.41546,33.70525],[-5.41486,33.70535],[-5.41338,33.70631],[-5.41229,33.70581],[-5.41168,33.70521],[-5.40974,33.70508],[-5.40933,33.70444]]}},{"type":"Feature","properties":{},"geometry":{"type":"LineString","coordinates":[[-5.13302,33.56756],[-5.13276,33.56742],[-5.13206,33.56771],[-5.13164,33.56735]]}},{"type":"Feature","properties":{},"geometry":{"type":"LineString","coordinates":[[-5.19418,33.42562],[-5.19404,33.42583],[-5.19328,33.42603],[-5.19298,33.42633],[-5.19304,33.4266],[-5.1943,33.42757],[-5.19511,33.42773],[-5.19631,33.42834]]}},{"type":"Feature","properties":{},"geometry":{"type":"LineString","coordinates":[[-5.18728,33.50343],[-5.18666,33.50316]]}},{"type":"Feature","properties":{},"geometry":{"type":"LineString","coordinates":[[-5.18592,33.50528],[-5.18552,33.50524],[-5.18493,33.50459],[-5.18388,33.50409],[-5.18252,33.5041],[-5.18185,33.50467],[-5.18163,33.50412],[-5.18178,33.5039]]}},{"type":"Feature","properties":{},"geometry":{"type":"LineString","coordinates":[[-5.19793,33.49157],[-5.19741,33.49185],[-5.19658,33.492],[-5.19539,33.4933],[-5.19479,33.49345],[-5.19432,33.49394],[-5.19357,33.49385],[-5.19321,33.49397]]}},{"type":"Feature","properties":{},"geometry":{"type":"LineString","coordinates":[[-5.18826,33.50397],[-5.18851,33.50322],[-5.18872,33.50307]]}},{"type":"Feature","properties":{},"geometry":{"type":"LineString","coordinates":[[-5.02926,33.75049],[-5.03058,33.74792],[-5.03155,33.74652],[-5.03162,33.74622],[-5.03124,33.74591],[-5.03145,33.74514],[-5.0317,33.74489],[-5.03219,33.74494]]}},{"type":"Feature","properties":{},"geometry":{"type":"LineString","coordinates":[[-5.02229,33.74867],[-5.02043,33.7477],[-5.01967,33.74766]]}},{"type":"Feature","properties":{},"geometry":{"type":"LineString","coordinates":[[-5.02236,33.74487],[-5.02165,33.74542],[-5.01983,33.7454]]}},{"type":"Feature","properties":{},"geometry":{"type":"LineString","coordinates":[[-5.01671,33.74865],[-5.01643,33.74737],[-5.01563,33.74615],[-5.01542,33.74479],[-5.01515,33.74441],[-5.01524,33.74402],[-5.01566,33.74348],[-5.01543,33.7427],[-5.01561,33.74237]]}},{"type":"Feature","properties":{},"geometry":{"type":"LineString","coordinates":[[-5.01785,33.75231],[-5.01671,33.74865],[-5.01786,33.74835],[-5.01842,33.74672],[-5.0184,33.74629],[-5.01866,33.74597]]}},{"type":"Feature","properties":{},"geometry":{"type":"LineString","coordinates":[[-5.18002,33.49561],[-5.18078,33.49674],[-5.18123,33.4978],[-5.18117,33.49801],[-5.18071,33.49823],[-5.18054,33.49868],[-5.18185,33.499],[-5.18219,33.49931],[-5.18243,33.49988],[-5.18345,33.50024],[-5.18299,33.50079],[-5.18264,33.50073],[-5.18134,33.50104],[-5.18115,33.50137],[-5.18148,33.50229],[-5.1815,33.5037],[-5.18201,33.50393],[-5.18252,33.50365]]}},{"type":"Feature","properties":{},"geometry":{"type":"LineString","coordinates":[[-5.14583,33.53942],[-5.14367,33.5402],[-5.13971,33.5412],[-5.1372,33.54207],[-5.13798,33.54421],[-5.13767,33.54519],[-5.13758,33.5466],[-5.13799,33.54792],[-5.14678,33.55246],[-5.14706,33.55275],[-5.14655,33.55381],[-5.14643,33.55442],[-5.14656,33.55477]]}},{"type":"Feature","properties":{},"geometry":{"type":"LineString","coordinates":[[-5.21671,33.46732],[-5.21638,33.4682],[-5.21683,33.4684],[-5.21758,33.46834],[-5.21771,33.46905]]}},{"type":"Feature","properties":{},"geometry":{"type":"LineString","coordinates":[[-5.21257,33.4696],[-5.21411,33.46975],[-5.21625,33.4692],[-5.21834,33.469]]}},{"type":"Feature","properties":{},"geometry":{"type":"LineString","coordinates":[[-5.20964,33.47004],[-5.20964,33.47062]]}},{"type":"Feature","properties":{},"geometry":{"type":"LineString","coordinates":[[-5.21576,33.46686],[-5.21549,33.46946],[-5.21574,33.47015],[-5.21625,33.47063]]}},{"type":"Feature","properties":{},"geometry":{"type":"LineString","coordinates":[[-5.2157,33.46684],[-5.21646,33.46711],[-5.21712,33.46759],[-5.21826,33.46791]]}},{"type":"Feature","properties":{},"geometry":{"type":"LineString","coordinates":[[-5.20364,33.46148],[-5.20553,33.46234],[-5.20655,33.46325],[-5.20745,33.4636]]}},{"type":"Feature","properties":{},"geometry":{"type":"LineString","coordinates":[[-5.21426,33.46798],[-5.21436,33.46922],[-5.21405,33.46974]]}},{"type":"Feature","properties":{},"geometry":{"type":"LineString","coordinates":[[-5.20833,33.47659],[-5.20814,33.47791],[-5.20748,33.48015]]}},{"type":"Feature","properties":{},"geometry":{"type":"LineString","coordinates":[[-5.00951,33.74951],[-5.0115,33.74954]]}},{"type":"Feature","properties":{},"geometry":{"type":"LineString","coordinates":[[-5.00545,33.74719],[-5.00465,33.74704]]}},{"type":"Feature","properties":{},"geometry":{"type":"LineString","coordinates":[[-5.00404,33.74777],[-5.00506,33.74658]]}},{"type":"Feature","properties":{},"geometry":{"type":"LineString","coordinates":[[-5.00854,33.75605],[-5.00705,33.75246],[-5.0059,33.75019],[-5.00603,33.74956],[-5.00544,33.74755],[-5.00555,33.74623],[-5.00473,33.74574],[-5.00428,33.74593]]}},{"type":"Feature","properties":{},"geometry":{"type":"LineString","coordinates":[[-5.16843,33.44063],[-5.16833,33.44086],[-5.16843,33.4413],[-5.16877,33.44174],[-5.1688,33.44207]]}},{"type":"Feature","properties":{},"geometry":{"type":"LineString","coordinates":[[-5.18272,33.44561],[-5.18311,33.44522],[-5.18434,33.44464],[-5.18453,33.44437]]}},{"type":"Feature","properties":{},"geometry":{"type":"LineString","coordinates":[[-5.18383,33.44637],[-5.18335,33.44658],[-5.18158,33.44682],[-5.1807,33.44667]]}},{"type":"Feature","properties":{},"geometry":{"type":"LineString","coordinates":[[-5.17482,33.44837],[-5.17458,33.44882],[-5.17486,33.44955],[-5.17541,33.45005],[-5.17573,33.451],[-5.17606,33.45134]]}},{"type":"Feature","properties":{},"geometry":{"type":"LineString","coordinates":[[-5.17032,33.45008],[-5.17354,33.45065]]}},{"type":"Feature","properties":{},"geometry":{"type":"LineString","coordinates":[[-5.66687,32.96773],[-5.66753,32.96855],[-5.66694,32.97025]]}},{"type":"Feature","properties":{},"geometry":{"type":"LineString","coordinates":[[-5.66416,32.96664],[-5.6668,32.96772],[-5.66734,32.9675],[-5.66786,32.96767]]}},{"type":"Feature","properties":{},"geometry":{"type":"LineString","coordinates":[[-5.18434,33.45445],[-5.18472,33.45505]]}},{"type":"Feature","properties":{},"geometry":{"type":"LineString","coordinates":[[-5.6602,32.97427],[-5.66255,32.97456]]}},{"type":"Feature","properties":{},"geometry":{"type":"LineString","coordinates":[[-5.69119,32.96732],[-5.6909,32.96772],[-5.69097,32.96807],[-5.68993,32.96872],[-5.68971,32.96916],[-5.6874,32.97068],[-5.68607,32.97189],[-5.68588,32.97223],[-5.68604,32.97318],[-5.68566,32.97408],[-5.68567,32.97469],[-5.68526,32.97494],[-5.6847,32.97494]]}},{"type":"Feature","properties":{},"geometry":{"type":"LineString","coordinates":[[-5.25427,33.43225],[-5.25348,33.4332],[-5.25262,33.43354],[-5.25179,33.43412],[-5.25163,33.43441],[-5.2514,33.43441]]}},{"type":"Feature","properties":{},"geometry":{"type":"LineString","coordinates":[[-5.24685,33.43548],[-5.24732,33.4344],[-5.2473,33.43355],[-5.247,33.43277],[-5.24692,33.4319],[-5.24743,33.43163]]}},{"type":"Feature","properties":{},"geometry":{"type":"LineString","coordinates":[[-5.23847,33.42598],[-5.23751,33.42472],[-5.23605,33.42339],[-5.23569,33.4233]]}},{"type":"Feature","properties":{},"geometry":{"type":"LineString","coordinates":[[-4.99715,33.70062],[-4.99911,33.70085],[-5.0,33.70079],[-5.00067,33.70056],[-5.00189,33.69982],[-5.00447,33.69947],[-5.0054,33.69916],[-5.00609,33.69844],[-5.00636,33.69789],[-5.00601,33.69666],[-5.00597,33.69568],[-5.00676,33.69593]]}},{"type":"Feature","properties":{},"geometry":{"type":"LineString","coordinates":[[-5.00662,33.69511],[-5.007,33.69518],[-5.00747,33.69557],[-5.00676,33.69593]]}},{"type":"Feature","properties":{},"geometry":{"type":"LineString","coordinates":[[-5.00765,33.69587],[-5.00684,33.69613]]}},{"type":"Feature","properties":{},"geometry":{"type":"LineString","coordinates":[[-5.00693,33.69794],[-5.00774,33.69812],[-5.00879,33.6979],[-5.01085,33.69861],[-5.01123,33.69842]]}},{"type":"Feature","properties":{},"geometry":{"type":"LineString","coordinates":[[-5.01233,33.69365],[-5.01194,33.69396],[-5.01056,33.69403],[-5.009,33.6949],[-5.0084,33.69482],[-5.0083,33.69418],[-5.00717,33.69397],[-5.00678,33.69359]]}},{"type":"Feature","properties":{},"geometry":{"type":"LineString","coordinates":[[-5.00923,33.7026],[-5.0096,33.70127],[-5.01001,33.70127],[-5.01048,33.70097],[-5.01074,33.69992],[-5.01114,33.69925],[-5.01123,33.69842],[-5.01172,33.69803],[-5.01197,33.69726],[-5.01254,33.69689],[-5.0122,33.69541],[-5.01235,33.69447],[-5.01227,33.69339]]}},{"type":"Feature","properties":{},"geometry":{"type":"LineString","coordinates":[[-5.00905,33.70187],[-5.00872,33.70227]]}},{"type":"Feature","properties":{},"geometry":{"type":"LineString","coordinates":[[-5.0071,33.70495],[-5.00769,33.70439]]}},{"type":"Feature","properties":{},"geometry":{"type":"LineString","coordinates":[[-5.00729,33.70692],[-5.00668,33.70708],[-5.00678,33.70743],[-5.00709,33.70747]]}},{"type":"Feature","properties":{},"geometry":{"type":"LineString","coordinates":[[-5.37501,33.69852],[-5.37558,33.69896],[-5.37658,33.69917],[-5.37793,33.69915],[-5.37849,33.69894],[-5.37877,33.69921],[-5.37873,33.69995],[-5.37898,33.70021],[-5.37984,33.70062],[-5.3809,33.7005]]}},{"type":"Feature","properties":{},"geometry":{"type":"LineString","coordinates":[[-5.24501,33.42547],[-5.24478,33.42482],[-5.2444,33.42481],[-5.24404,33.42448],[-5.24332,33.42457]]}},{"type":"Feature","properties":{},"geometry":{"type":"LineString","coordinates":[[-5.01225,33.69942],[-5.01124,33.70027],[-5.01102,33.70073],[-5.01113,33.70092]]}},{"type":"Feature","properties":{},"geometry":{"type":"LineString","coordinates":[[-5.00785,33.69858],[-5.00745,33.69835],[-5.00674,33.69838]]}},{"type":"Feature","properties":{},"geometry":{"type":"LineString","coordinates":[[-5.00651,33.70991],[-5.0069,33.71041],[-5.00769,33.7108]]}},{"type":"Feature","properties":{},"geometry":{"type":"LineString","coordinates":[[-5.00925,33.71033],[-5.00854,33.71036],[-5.00774,33.71073],[-5.00763,33.71202],[-5.0065,33.71295],[-5.00521,33.71355],[-5.00477,33.71403]]}},{"type":"Feature","properties":{},"geometry":{"type":"LineString","coordinates":[[-5.01125,33.70152],[-5.01135,33.70172],[-5.01104,33.70214],[-5.0105,33.70215],[-5.01054,33.70271],[-5.01034,33.70331]]}},{"type":"Feature","properties":{},"geometry":{"type":"LineString","coordinates":[[-5.01488,33.7012],[-5.01396,33.70154],[-5.0136,33.70218],[-5.01382,33.70262],[-5.01365,33.70339],[-5.01419,33.70366]]}},{"type":"Feature","properties":{},"geometry":{"type":"LineString","coordinates":[[-5.01065,33.70112],[-5.01046,33.70099]]}},{"type":"Feature","properties":{},"geometry":{"type":"LineString","coordinates":[[-5.01092,33.70114],[-5.01034,33.70125],[-5.00964,33.70285]]}},{"type":"Feature","properties":{},"geometry":{"type":"LineString","coordinates":[[-5.01028,33.69929],[-5.01013,33.6995],[-5.01021,33.69966],[-5.01076,33.6999]]}},{"type":"Feature","properties":{},"geometry":{"type":"LineString","coordinates":[[-5.01473,33.69809],[-5.01544,33.69821]]}},{"type":"Feature","properties":{},"geometry":{"type":"LineString","coordinates":[[-5.0108,33.69482],[-5.01226,33.69497]]}},{"type":"Feature","properties":{},"geometry":{"type":"LineString","coordinates":[[-5.01491,33.69593],[-5.01447,33.69582],[-5.01425,33.69498],[-5.0144,33.69445],[-5.01426,33.69407],[-5.01325,33.69391],[-5.01315,33.69357],[-5.01233,33.69365]]}},{"type":"Feature","properties":{},"geometry":{"type":"LineString","coordinates":[[-5.01235,33.69867],[-5.01266,33.69865],[-5.01341,33.69775],[-5.0139,33.6977],[-5.01398,33.6973],[-5.0138,33.69671],[-5.01501,33.69587],[-5.01579,33.69592]]}},{"type":"Feature","properties":{},"geometry":{"type":"LineString","coordinates":[[-5.38035,33.7052],[-5.37998,33.70575],[-5.37902,33.70612],[-5.37909,33.7063]]}},{"type":"Feature","properties":{},"geometry":{"type":"LineString","coordinates":[[-5.38843,33.69769],[-5.38798,33.6975]]}},{"type":"Feature","properties":{},"geometry":{"type":"LineString","coordinates":[[-5.38828,33.69796],[-5.38771,33.69773]]}},{"type":"Feature","properties":{},"geometry":{"type":"LineString","coordinates":[[-5.38809,33.69841],[-5.38854,33.69752],[-5.38818,33.69734]]}},{"type":"Feature","properties":{},"geometry":{"type":"LineString","coordinates":[[-5.38132,33.70572],[-5.38296,33.70577],[-5.38317,33.70415]]}},{"type":"Feature","properties":{},"geometry":{"type":"LineString","coordinates":[[-5.19307,33.4428],[-5.19229,33.44276],[-5.19219,33.44211]]}},{"type":"Feature","properties":{},"geometry":{"type":"LineString","coordinates":[[-5.18557,33.4534],[-5.18585,33.45433]]}},{"type":"Feature","properties":{},"geometry":{"type":"LineString","coordinates":[[-5.23746,33.4264],[-5.23818,33.42699]]}},{"type":"Feature","properties":{},"geometry":{"type":"LineString","coordinates":[[-5.23941,33.4256],[-5.23956,33.42596],[-5.23865,33.42634]]}},{"type":"Feature","properties":{},"geometry":{"type":"LineString","coordinates":[[-5.46417,33.73496],[-5.46254,33.73564],[-5.46051,33.73284]]}},{"type":"Feature","properties":{},"geometry":{"type":"LineString","coordinates":[[-5.4678,33.73487],[-5.46686,33.73504]]}},{"type":"Feature","properties":{},"geometry":{"type":"LineString","coordinates":[[-5.46541,33.73427],[-5.46571,33.73466],[-5.46539,33.73494],[-5.4658,33.73527]]}},{"type":"Feature","properties":{},"geometry":{"type":"LineString","coordinates":[[-5.46761,33.73408],[-5.46692,33.73471],[-5.46682,33.73511],[-5.4658,33.73527]]}},{"type":"Feature","properties":{},"geometry":{"type":"LineString","coordinates":[[-5.46918,33.73238],[-5.46417,33.73496],[-5.46555,33.7369]]}},{"type":"Feature","properties":{},"geometry":{"type":"LineString","coordinates":[[-5.46798,33.73589],[-5.46774,33.73434],[-5.46717,33.73341]]}},{"type":"Feature","properties":{},"geometry":{"type":"LineString","coordinates":[[-5.46699,33.73031],[-5.45964,33.72984],[-5.45957,33.73048],[-5.45916,33.73094],[-5.46051,33.73284]]}},{"type":"Feature","properties":{},"geometry":{"type":"LineString","coordinates":[[-5.46752,33.73781],[-5.46454,33.73924],[-5.46434,33.73969]]}},{"type":"Feature","properties":{},"geometry":{"type":"LineString","coordinates":[[-5.46706,33.73629],[-5.46949,33.7446]]}},{"type":"Feature","properties":{},"geometry":{"type":"LineString","coordinates":[[-5.46866,33.74177],[-5.46316,33.74446]]}},{"type":"Feature","properties":{},"geometry":{"type":"LineString","coordinates":[[-5.40055,33.68157],[-5.39958,33.68006],[-5.40059,33.67808]]}},{"type":"Feature","properties":{},"geometry":{"type":"LineString","coordinates":[[-5.39508,33.68824],[-5.39436,33.68723],[-5.39354,33.68685]]}},{"type":"Feature","properties":{},"geometry":{"type":"LineString","coordinates":[[-5.39965,33.69168],[-5.39921,33.69179],[-5.39778,33.69367]]}},{"type":"Feature","properties":{},"geometry":{"type":"LineString","coordinates":[[-5.11163,33.55811],[-5.11178,33.55737],[-5.11164,33.55668],[-5.11111,33.556],[-5.11029,33.55566],[-5.10996,33.55533],[-5.1098,33.55497],[-5.10988,33.55442],[-5.10955,33.55428],[-5.10899,33.55495],[-5.10851,33.55508],[-5.10804,33.55484],[-5.10797,33.55425]]}},{"type":"Feature","properties":{},"geometry":{"type":"LineString","coordinates":[[-5.11148,33.55054],[-5.11018,33.5505]]}},{"type":"Feature","properties":{},"geometry":{"type":"LineString","coordinates":[[-5.10435,33.55461],[-5.10417,33.55531],[-5.10337,33.55648],[-5.10258,33.55725],[-5.1019,33.55768],[-5.10143,33.55777],[-5.10091,33.55856],[-5.09894,33.55633],[-5.09844,33.55522],[-5.09791,33.55478]]}},{"type":"Feature","properties":{},"geometry":{"type":"LineString","coordinates":[[-5.10536,33.54083],[-5.10437,33.54118]]}},{"type":"Feature","properties":{},"geometry":{"type":"LineString","coordinates":[[-5.36201,33.70827],[-5.36208,33.70849],[-5.3619,33.70892]]}},{"type":"Feature","properties":{},"geometry":{"type":"LineString","coordinates":[[-5.36167,33.70842],[-5.36195,33.70826],[-5.36309,33.70849],[-5.36319,33.70926],[-5.3642,33.70913]]}},{"type":"Feature","properties":{},"geometry":{"type":"LineString","coordinates":[[-5.36157,33.70895],[-5.36141,33.70933],[-5.36162,33.71005],[-5.36145,33.71029]]}},{"type":"Feature","properties":{},"geometry":{"type":"LineString","coordinates":[[-5.3568,33.71029],[-5.35705,33.7102],[-5.35719,33.71049],[-5.3576,33.71068]]}},{"type":"Feature","properties":{"grade":"grade1"},"geometry":{"type":"LineString","coordinates":[[-5.3597,33.69458],[-5.35962,33.69453]]}},{"type":"Feature","properties":{"grade":"grade1"},"geometry":{"type":"LineString","coordinates":[[-5.36245,33.6958],[-5.36181,33.69551],[-5.3603,33.69548],[-5.35976,33.69511],[-5.3597,33.69458]]}},{"type":"Feature","properties":{},"geometry":{"type":"LineString","coordinates":[[-5.35844,33.70402],[-5.35707,33.70192],[-5.3563,33.70134],[-5.3561,33.70039],[-5.35579,33.70028]]}},{"type":"Feature","properties":{},"geometry":{"type":"LineString","coordinates":[[-5.35749,33.70258],[-5.35774,33.70213],[-5.35893,33.70173],[-5.35915,33.70134],[-5.35905,33.70119]]}},{"type":"Feature","properties":{},"geometry":{"type":"LineString","coordinates":[[-5.36384,33.70276],[-5.36396,33.70331]]}},{"type":"Feature","properties":{},"geometry":{"type":"LineString","coordinates":[[-5.36408,33.70255],[-5.36426,33.70332]]}},{"type":"Feature","properties":{},"geometry":{"type":"LineString","coordinates":[[-5.35943,33.68204],[-5.35895,33.68197],[-5.35738,33.6809],[-5.35681,33.68076]]}},{"type":"Feature","properties":{},"geometry":{"type":"LineString","coordinates":[[-5.22699,33.42905],[-5.22704,33.42885]]}},{"type":"Feature","properties":{},"geometry":{"type":"LineString","coordinates":[[-5.22805,33.42855],[-5.22789,33.42838],[-5.22779,33.42769],[-5.22802,33.4275],[-5.22816,33.42696],[-5.22775,33.42652],[-5.22825,33.42628]]}},{"type":"Feature","properties":{},"geometry":{"type":"LineString","coordinates":[[-5.23231,33.43839],[-5.23285,33.43844],[-5.23351,33.43877]]}},{"type":"Feature","properties":{},"geometry":{"type":"LineString","coordinates":[[-5.36909,33.68203],[-5.36924,33.68343],[-5.36978,33.68443],[-5.36972,33.68474]]}},{"type":"Feature","properties":{},"geometry":{"type":"LineString","coordinates":[[-5.36647,33.6816],[-5.36618,33.68172]]}},{"type":"Feature","properties":{},"geometry":{"type":"LineString","coordinates":[[-5.3692,33.68073],[-5.36914,33.68073]]}},{"type":"Feature","properties":{},"geometry":{"type":"LineString","coordinates":[[-5.36913,33.68077],[-5.36928,33.68068]]}},{"type":"Feature","properties":{},"geometry":{"type":"LineString","coordinates":[[-5.36914,33.68073],[-5.36899,33.68129],[-5.36909,33.68203]]}},{"type":"Feature","properties":{},"geometry":{"type":"LineString","coordinates":[[-5.36611,33.68158],[-5.36634,33.68218]]}},{"type":"Feature","properties":{},"geometry":{"type":"LineString","coordinates":[[-5.36543,33.6817],[-5.36745,33.6815],[-5.36828,33.68085],[-5.36917,33.68067]]}},{"type":"Feature","properties":{},"geometry":{"type":"LineString","coordinates":[[-5.37179,33.68363],[-5.37205,33.68385]]}},{"type":"Feature","properties":{},"geometry":{"type":"LineString","coordinates":[[-5.37166,33.68394],[-5.37179,33.68363]]}},{"type":"Feature","properties":{},"geometry":{"type":"LineString","coordinates":[[-5.37166,33.68394],[-5.37114,33.68438],[-5.36919,33.6852]]}},{"type":"Feature","properties":{},"geometry":{"type":"LineString","coordinates":[[-5.37871,33.66723],[-5.37945,33.66672],[-5.37998,33.66658],[-5.38043,33.66605],[-5.38183,33.66501],[-5.38274,33.66604],[-5.38379,33.66784]]}},{"type":"Feature","properties":{},"geometry":{"type":"LineString","coordinates":[[-5.36392,33.68278],[-5.36406,33.68435],[-5.36532,33.6853],[-5.36503,33.68563]]}},{"type":"Feature","properties":{},"geometry":{"type":"LineString","coordinates":[[-5.37205,33.68385],[-5.37166,33.68394]]}},{"type":"Feature","properties":{},"geometry":{"type":"LineString","coordinates":[[-5.37229,33.68399],[-5.37205,33.68385]]}},{"type":"Feature","properties":{},"geometry":{"type":"LineString","coordinates":[[-5.37187,33.68344],[-5.37179,33.68363]]}},{"type":"Feature","properties":{},"geometry":{"type":"LineString","coordinates":[[-5.02913,33.73951],[-5.02849,33.73898],[-5.02739,33.73892],[-5.0254,33.73968],[-5.02251,33.74006],[-5.02047,33.74125],[-5.01843,33.74215]]}},{"type":"Feature","properties":{},"geometry":{"type":"LineString","coordinates":[[-5.03136,33.73402],[-5.02908,33.7334],[-5.02727,33.73376],[-5.02681,33.73415],[-5.02527,33.73481],[-5.02368,33.73477],[-5.02321,33.73452],[-5.02259,33.73466]]}},{"type":"Feature","properties":{},"geometry":{"type":"LineString","coordinates":[[-5.03227,33.729],[-5.03241,33.72875],[-5.03233,33.72859],[-5.03151,33.7282]]}},{"type":"Feature","properties":{},"geometry":{"type":"LineString","coordinates":[[-5.02983,33.73839],[-5.03045,33.73702],[-5.03104,33.7348],[-5.03152,33.73369],[-5.03269,33.73247],[-5.03361,33.73205],[-5.03406,33.73146],[-5.03372,33.73097],[-5.03377,33.73066],[-5.03199,33.72986],[-5.03181,33.72955],[-5.03236,33.72913],[-5.03227,33.729]]}},{"type":"Feature","properties":{},"geometry":{"type":"LineString","coordinates":[[-5.02709,33.72734],[-5.02773,33.72779],[-5.02708,33.72845],[-5.02642,33.72892],[-5.02509,33.72945],[-5.02422,33.73022],[-5.02325,33.73035]]}},{"type":"Feature","properties":{},"geometry":{"type":"LineString","coordinates":[[-5.02226,33.72922],[-5.02097,33.7292]]}},{"type":"Feature","properties":{},"geometry":{"type":"LineString","coordinates":[[-5.02089,33.72892],[-5.02149,33.72874],[-5.02228,33.72899]]}},{"type":"Feature","properties":{},"geometry":{"type":"LineString","coordinates":[[-5.02432,33.72704],[-5.02468,33.728],[-5.02448,33.72833]]}},{"type":"Feature","properties":{},"geometry":{"type":"LineString","coordinates":[[-5.02399,33.73517],[-5.02362,33.73476]]}},{"type":"Feature","properties":{},"geometry":{"type":"LineString","coordinates":[[-5.03084,33.72947],[-5.03058,33.72928],[-5.02978,33.7279],[-5.03013,33.72758],[-5.03012,33.72716]]}},{"type":"Feature","properties":{},"geometry":{"type":"LineString","coordinates":[[-5.03173,33.73339],[-5.03112,33.73268],[-5.02971,33.7325],[-5.02939,33.73216],[-5.02735,33.7313],[-5.02683,33.73094],[-5.02622,33.7308],[-5.02615,33.7303],[-5.02486,33.72976]]}},{"type":"Feature","properties":{},"geometry":{"type":"LineString","coordinates":[[-5.02687,33.73683],[-5.0261,33.7366],[-5.02557,33.73625],[-5.02463,33.73602]]}},{"type":"Feature","properties":{},"geometry":{"type":"LineString","coordinates":[[-5.03058,33.72967],[-5.0312,33.72894],[-5.03151,33.7282]]}},{"type":"Feature","properties":{},"geometry":{"type":"LineString","coordinates":[[-5.0285,33.73678],[-5.02899,33.73721],[-5.02896,33.73754],[-5.02856,33.73822]]}},{"type":"Feature","properties":{},"geometry":{"type":"LineString","coordinates":[[-5.0294,33.73918],[-5.03008,33.73953],[-5.03033,33.73861]]}},{"type":"Feature","properties":{},"geometry":{"type":"LineString","coordinates":[[-5.02127,33.73487],[-5.02102,33.73321],[-5.0213,33.7323],[-5.02121,33.73202]]}},{"type":"Feature","properties":{},"geometry":{"type":"LineString","coordinates":[[-5.02095,33.73487],[-5.01986,33.73478],[-5.01969,33.73529]]}},{"type":"Feature","properties":{},"geometry":{"type":"LineString","coordinates":[[-5.01846,33.73518],[-5.0186,33.7346]]}},{"type":"Feature","properties":{},"geometry":{"type":"LineString","coordinates":[[-5.02263,33.7343],[-5.02189,33.73462],[-5.02151,33.73496],[-5.02098,33.73485],[-5.02071,33.73524],[-5.01916,33.73536],[-5.01846,33.73518],[-5.0183,33.73537]]}},{"type":"Feature","properties":{},"geometry":{"type":"LineString","coordinates":[[-5.02286,33.73195],[-5.02176,33.73159],[-5.02112,33.73203],[-5.02025,33.7315]]}},{"type":"Feature","properties":{},"geometry":{"type":"LineString","coordinates":[[-5.01841,33.72912],[-5.01733,33.7291],[-5.01698,33.72892]]}},{"type":"Feature","properties":{},"geometry":{"type":"LineString","coordinates":[[-5.01678,33.72911],[-5.01698,33.72892]]}},{"type":"Feature","properties":{},"geometry":{"type":"LineString","coordinates":[[-5.01794,33.72824],[-5.01698,33.72892],[-5.01595,33.72863]]}},{"type":"Feature","properties":{},"geometry":{"type":"LineString","coordinates":[[-5.01542,33.72844],[-5.01509,33.72867],[-5.01528,33.72921]]}},{"type":"Feature","properties":{},"geometry":{"type":"LineString","coordinates":[[-5.01497,33.73096],[-5.01441,33.73089],[-5.01402,33.73122]]}},{"type":"Feature","properties":{},"geometry":{"type":"LineString","coordinates":[[-5.01451,33.73159],[-5.01494,33.73098],[-5.0154,33.73083]]}},{"type":"Feature","properties":{},"geometry":{"type":"LineString","coordinates":[[-5.01871,33.73202],[-5.0183,33.73178]]}},{"type":"Feature","properties":{},"geometry":{"type":"LineString","coordinates":[[-5.01975,33.73078],[-5.0195,33.73066]]}},{"type":"Feature","properties":{},"geometry":{"type":"LineString","coordinates":[[-5.01963,33.73093],[-5.0203,33.72979]]}},{"type":"Feature","properties":{},"geometry":{"type":"LineString","coordinates":[[-5.02064,33.72996],[-5.02027,33.72987]]}},{"type":"Feature","properties":{},"geometry":{"type":"LineString","coordinates":[[-5.02066,33.72961],[-5.02065,33.73009],[-5.02108,33.73021]]}},{"type":"Feature","properties":{},"geometry":{"type":"LineString","coordinates":[[-5.01929,33.73196],[-5.01854,33.7315]]}},{"type":"Feature","properties":{},"geometry":{"type":"LineString","coordinates":[[-5.01993,33.73148],[-5.01977,33.7313],[-5.01982,33.73108],[-5.01941,33.73081]]}},{"type":"Feature","properties":{},"geometry":{"type":"LineString","coordinates":[[-5.01598,33.73647],[-5.01557,33.73628]]}},{"type":"Feature","properties":{},"geometry":{"type":"LineString","coordinates":[[-5.01566,33.73694],[-5.01615,33.73631]]}},{"type":"Feature","properties":{},"geometry":{"type":"LineString","coordinates":[[-5.01546,33.73643],[-5.01566,33.73595]]}},{"type":"Feature","properties":{},"geometry":{"type":"LineString","coordinates":[[-5.0169,33.73942],[-5.0165,33.73952],[-5.0157,33.73932]]}},{"type":"Feature","properties":{},"geometry":{"type":"LineString","coordinates":[[-5.01792,33.74144],[-5.01765,33.74075],[-5.01696,33.73988],[-5.01694,33.73952],[-5.01647,33.73855],[-5.01618,33.73833]]}},{"type":"Feature","properties":{},"geometry":{"type":"LineString","coordinates":[[-5.01798,33.74145],[-5.01808,33.74108],[-5.01868,33.74081],[-5.01835,33.74034],[-5.01847,33.74001],[-5.01827,33.73974],[-5.01877,33.7392],[-5.0188,33.73823],[-5.0163,33.73827]]}},{"type":"Feature","properties":{},"geometry":{"type":"LineString","coordinates":[[-5.01986,33.73478],[-5.01928,33.73462],[-5.01815,33.73465]]}},{"type":"Feature","properties":{},"geometry":{"type":"LineString","coordinates":[[-5.02187,33.72825],[-5.02235,33.7288]]}},{"type":"Feature","properties":{},"geometry":{"type":"LineString","coordinates":[[-5.02062,33.72827],[-5.02007,33.72837]]}},{"type":"Feature","properties":{},"geometry":{"type":"LineString","coordinates":[[-5.02007,33.72837],[-5.01925,33.72861],[-5.01844,33.72766],[-5.01775,33.7275]]}},{"type":"Feature","properties":{},"geometry":{"type":"LineString","coordinates":[[-5.01742,33.72911],[-5.01821,33.72876]]}},{"type":"Feature","properties":{},"geometry":{"type":"LineString","coordinates":[[-5.01838,33.7399],[-5.01784,33.74021],[-5.01727,33.74026]]}},{"type":"Feature","properties":{},"geometry":{"type":"LineString","coordinates":[[-5.01976,33.74156],[-5.01847,33.74001]]}},{"type":"Feature","properties":{},"geometry":{"type":"LineString","coordinates":[[-5.01563,33.73172],[-5.01519,33.73088]]}},{"type":"Feature","properties":{},"geometry":{"type":"LineString","coordinates":[[-5.01715,33.73174],[-5.01553,33.73266]]}},{"type":"Feature","properties":{},"geometry":{"type":"LineString","coordinates":[[-5.02033,33.73277],[-5.01974,33.73327],[-5.01953,33.73371],[-5.01856,33.7344],[-5.01854,33.73461]]}},{"type":"Feature","properties":{},"geometry":{"type":"LineString","coordinates":[[-5.02017,33.73421],[-5.02109,33.73348]]}},{"type":"Feature","properties":{},"geometry":{"type":"LineString","coordinates":[[-5.02111,33.73291],[-5.02031,33.73276],[-5.01968,33.73212]]}},{"type":"Feature","properties":{},"geometry":{"type":"LineString","coordinates":[[-5.01828,33.73972],[-5.01783,33.7398],[-5.0174,33.73958],[-5.01694,33.73957]]}},{"type":"Feature","properties":{},"geometry":{"type":"LineString","coordinates":[[-5.02144,33.74465],[-5.0215,33.74441]]}},{"type":"Feature","properties":{},"geometry":{"type":"LineString","coordinates":[[-5.02028,33.74381],[-5.0213,33.74446],[-5.02174,33.7442]]}},{"type":"Feature","properties":{},"geometry":{"type":"LineString","coordinates":[[-5.023,33.74283],[-5.02251,33.74006]]}},{"type":"Feature","properties":{},"geometry":{"type":"LineString","coordinates":[[-5.02529,33.73703],[-5.02471,33.7375],[-5.02345,33.73737],[-5.02229,33.73781],[-5.01942,33.738],[-5.01875,33.73818]]}},{"type":"Feature","properties":{},"geometry":{"type":"LineString","coordinates":[[-5.02229,33.73781],[-5.02193,33.73677],[-5.01987,33.73621],[-5.01846,33.73518]]}},{"type":"Feature","properties":{},"geometry":{"type":"LineString","coordinates":[[-5.01924,33.72963],[-5.0185,33.72962]]}},{"type":"Feature","properties":{},"geometry":{"type":"LineString","coordinates":[[-5.01922,33.72978],[-5.01925,33.72931],[-5.0189,33.72875],[-5.01925,33.72861]]}},{"type":"Feature","properties":{},"geometry":{"type":"LineString","coordinates":[[-5.02007,33.73085],[-5.01983,33.73113]]}},{"type":"Feature","properties":{},"geometry":{"type":"LineString","coordinates":[[-5.01997,33.7308],[-5.02063,33.73106]]}},{"type":"Feature","properties":{},"geometry":{"type":"LineString","coordinates":[[-5.38173,33.69341],[-5.38174,33.69258],[-5.38203,33.69226],[-5.38251,33.6921]]}},{"type":"Feature","properties":{},"geometry":{"type":"LineString","coordinates":[[-5.7347,33.61315],[-5.73392,33.61311],[-5.73325,33.61359],[-5.73266,33.61293],[-5.73227,33.61285],[-5.73162,33.61321],[-5.73027,33.61318],[-5.72954,33.61339],[-5.72893,33.61385],[-5.72835,33.61387],[-5.72931,33.614]]}},{"type":"Feature","properties":{},"geometry":{"type":"LineString","coordinates":[[-5.71588,33.14844],[-5.71242,33.14876],[-5.71131,33.14844],[-5.71065,33.14855],[-5.70744,33.14786],[-5.70554,33.14875],[-5.7034,33.14873],[-5.69945,33.14947],[-5.69665,33.1506],[-5.69687,33.15133],[-5.69681,33.15415],[-5.69703,33.15453],[-5.69712,33.15534],[-5.69675,33.15581],[-5.69583,33.15802],[-5.69455,33.16018],[-5.69421,33.1612],[-5.69348,33.1624],[-5.69434,33.16304],[-5.69234,33.16491],[-5.69047,33.16703],[-5.68967,33.1685],[-5.68852,33.16824]]}},{"type":"Feature","properties":{},"geometry":{"type":"LineString","coordinates":[[-5.70918,33.13806],[-5.70174,33.14011],[-5.69817,33.14076],[-5.69354,33.14264]]}},{"type":"Feature","properties":{},"geometry":{"type":"LineString","coordinates":[[-5.69327,33.11915],[-5.69464,33.11898],[-5.7026,33.12136],[-5.7078,33.12099],[-5.70912,33.12076]]}},{"type":"Feature","properties":{},"geometry":{"type":"LineString","coordinates":[[-5.70517,33.12898],[-5.70691,33.12834],[-5.71228,33.12735],[-5.7149,33.12733],[-5.71603,33.12671],[-5.71864,33.12585],[-5.71991,33.125],[-5.72185,33.12499],[-5.72229,33.12478],[-5.72351,33.1235],[-5.724,33.12239],[-5.72443,33.12202],[-5.72599,33.11964],[-5.72769,33.11832],[-5.72797,33.11791],[-5.72934,33.11698],[-5.73097,33.11644],[-5.73217,33.11553],[-5.73327,33.11421],[-5.7341,33.11368],[-5.73462,33.11274],[-5.73683,33.11079],[-5.73932,33.10752],[-5.7424,33.10608],[-5.74346,33.10511],[-5.74387,33.10499],[-5.74465,33.10389],[-5.74577,33.10305],[-5.74695,33.10251],[-5.74857,33.10147],[-5.7505,33.0996]]}},{"type":"Feature","properties":{},"geometry":{"type":"LineString","coordinates":[[-5.57689,33.31086],[-5.57571,33.31055],[-5.57528,33.31059],[-5.57468,33.31023],[-5.57427,33.31018],[-5.57389,33.31038],[-5.57292,33.31034],[-5.57276,33.31089]]}},{"type":"Feature","properties":{},"geometry":{"type":"LineString","coordinates":[[-5.57954,33.3057],[-5.579,33.30705],[-5.57877,33.30838],[-5.57811,33.30956],[-5.57673,33.31105],[-5.57661,33.31229],[-5.5762,33.31302],[-5.57626,33.31337],[-5.57608,33.31405],[-5.57562,33.31473],[-5.57529,33.31591],[-5.57383,33.31574]]}},{"type":"Feature","properties":{},"geometry":{"type":"LineString","coordinates":[[-5.5855,33.30296],[-5.58495,33.30353],[-5.58411,33.30373],[-5.58338,33.30442]]}},{"type":"Feature","properties":{},"geometry":{"type":"LineString","coordinates":[[-5.63444,33.56526],[-5.63372,33.56511],[-5.63309,33.56475],[-5.63278,33.56577],[-5.63305,33.56735],[-5.63211,33.56897],[-5.63178,33.5702],[-5.63031,33.57131],[-5.63041,33.57214],[-5.62987,33.57205],[-5.62894,33.57217],[-5.62739,33.57199],[-5.62626,33.57139],[-5.62555,33.5707],[-5.62522,33.57066],[-5.62465,33.56984],[-5.62305,33.56909],[-5.62188,33.56801],[-5.61766,33.56637],[-5.61177,33.56683],[-5.61119,33.56671],[-5.61015,33.56619]]}},{"type":"Feature","properties":{},"geometry":{"type":"LineString","coordinates":[[-5.6595,33.55766],[-5.65925,33.55825],[-5.65787,33.56008],[-5.65592,33.56339],[-5.65585,33.56399],[-5.65535,33.56466],[-5.65463,33.56673],[-5.6543,33.56854],[-5.65436,33.57049],[-5.65485,33.57194],[-5.65423,33.57304],[-5.65402,33.5742],[-5.65035,33.57528],[-5.64988,33.57588],[-5.65023,33.57648],[-5.64933,33.57709],[-5.64687,33.5798],[-5.64543,33.58034]]}},{"type":"Feature","properties":{},"geometry":{"type":"LineString","coordinates":[[-5.56493,33.5866],[-5.56446,33.58815],[-5.56361,33.5898],[-5.55953,33.59019],[-5.55806,33.58978],[-5.55712,33.59019],[-5.55396,33.59101],[-5.55356,33.59221],[-5.55138,33.59484],[-5.5509,33.5957],[-5.54984,33.59686],[-5.54903,33.59739],[-5.54775,33.59862]]}},{"type":"Feature","properties":{},"geometry":{"type":"LineString","coordinates":[[-5.23207,33.43959],[-5.23236,33.43957],[-5.23296,33.4399]]}},{"type":"Feature","properties":{},"geometry":{"type":"LineString","coordinates":[[-5.55948,33.52125],[-5.55883,33.5217],[-5.55888,33.52193],[-5.55918,33.52204],[-5.55843,33.52318],[-5.5579,33.52307],[-5.55758,33.52329],[-5.55781,33.52505]]}},{"type":"Feature","properties":{},"geometry":{"type":"LineString","coordinates":[[-5.55967,33.52119],[-5.55948,33.52125]]}},{"type":"Feature","properties":{},"geometry":{"type":"LineString","coordinates":[[-5.56813,33.5139],[-5.56746,33.51371],[-5.56674,33.51393],[-5.56608,33.5144],[-5.56468,33.51455],[-5.56607,33.51714],[-5.56521,33.51753],[-5.56154,33.51839],[-5.56028,33.52083],[-5.55967,33.52119]]}},{"type":"Feature","properties":{},"geometry":{"type":"LineString","coordinates":[[-5.57107,33.51528],[-5.56937,33.51518],[-5.56853,33.51477],[-5.56833,33.51447],[-5.56835,33.51402],[-5.56779,33.51373],[-5.56691,33.51267],[-5.56593,33.51038],[-5.56506,33.50968],[-5.56071,33.50734],[-5.56006,33.5051],[-5.55984,33.5048],[-5.55853,33.50401],[-5.55557,33.50302],[-5.55467,33.50213],[-5.55243,33.50225],[-5.55277,33.50386],[-5.55203,33.50476],[-5.5515,33.50576],[-5.55074,33.50625]]}},{"type":"Feature","properties":{},"geometry":{"type":"LineString","coordinates":[[-5.59513,33.27196],[-5.59526,33.27234],[-5.59612,33.27316],[-5.59607,33.2735],[-5.59624,33.27369],[-5.59713,33.27386],[-5.59812,33.27372],[-5.59901,33.27399]]}},{"type":"Feature","properties":{},"geometry":{"type":"LineString","coordinates":[[-5.60284,33.29083],[-5.60364,33.29146],[-5.60739,33.29203],[-5.60906,33.29293],[-5.60938,33.29295],[-5.6097,33.29275]]}},{"type":"Feature","properties":{},"geometry":{"type":"LineString","coordinates":[[-5.58647,33.31332],[-5.58629,33.31325],[-5.58634,33.31251],[-5.58594,33.31112],[-5.58458,33.3112],[-5.58401,33.31145]]}},{"type":"Feature","properties":{},"geometry":{"type":"LineString","coordinates":[[-5.56816,33.27215],[-5.56937,33.27235]]}},{"type":"Feature","properties":{},"geometry":{"type":"LineString","coordinates":[[-5.5856,33.30291],[-5.5855,33.30296]]}},{"type":"Feature","properties":{},"geometry":{"type":"LineString","coordinates":[[-5.58966,33.30308],[-5.58876,33.30286],[-5.58747,33.30305],[-5.5856,33.30291]]}},{"type":"Feature","properties":{},"geometry":{"type":"LineString","coordinates":[[-5.59715,33.26906],[-5.59788,33.26945],[-5.59821,33.26945],[-5.5993,33.27026],[-5.59942,33.27055],[-5.60039,33.271],[-5.60055,33.27174],[-5.6011,33.2724],[-5.6024,33.27256],[-5.60314,33.27243],[-5.60381,33.2729]]}},{"type":"Feature","properties":{},"geometry":{"type":"LineString","coordinates":[[-5.63065,33.53833],[-5.63132,33.53934]]}},{"type":"Feature","properties":{},"geometry":{"type":"LineString","coordinates":[[-5.56526,33.2896],[-5.5626,33.28876],[-5.56248,33.28815],[-5.56196,33.28794],[-5.56096,33.28717]]}},{"type":"Feature","properties":{},"geometry":{"type":"LineString","coordinates":[[-5.55806,33.29704],[-5.55776,33.29639],[-5.55822,33.29598],[-5.55872,33.29575],[-5.56009,33.29596],[-5.56113,33.29501],[-5.56114,33.29466]]}},{"type":"Feature","properties":{},"geometry":{"type":"LineString","coordinates":[[-5.56916,33.2709],[-5.56873,33.27113],[-5.56788,33.27071],[-5.56767,33.27093],[-5.56693,33.2711]]}},{"type":"Feature","properties":{},"geometry":{"type":"LineString","coordinates":[[-5.62752,33.507],[-5.62782,33.50504],[-5.6272,33.50396],[-5.627,33.50207],[-5.62577,33.5016],[-5.62455,33.5014],[-5.62383,33.50146],[-5.6235,33.50173],[-5.62229,33.50211],[-5.62396,33.50369],[-5.62517,33.50438],[-5.62579,33.50663]]}},{"type":"Feature","properties":{},"geometry":{"type":"LineString","coordinates":[[-5.57167,33.30243],[-5.57195,33.3022],[-5.5729,33.3022],[-5.57366,33.30179],[-5.57613,33.30137],[-5.57661,33.30098],[-5.57805,33.30053],[-5.58023,33.2993],[-5.58038,33.29894]]}},{"type":"Feature","properties":{},"geometry":{"type":"LineString","coordinates":[[-5.55764,33.26827],[-5.55821,33.26833],[-5.55851,33.26865],[-5.55921,33.2682]]}},{"type":"Feature","properties":{},"geometry":{"type":"LineString","coordinates":[[-5.55999,33.26508],[-5.56071,33.265]]}},{"type":"Feature","properties":{},"geometry":{"type":"LineString","coordinates":[[-5.55765,33.26795],[-5.55871,33.26591],[-5.56124,33.2644]]}},{"type":"Feature","properties":{},"geometry":{"type":"LineString","coordinates":[[-5.61846,33.50824],[-5.61762,33.51008],[-5.61776,33.51181],[-5.6182,33.51261],[-5.6195,33.51347],[-5.61987,33.51415],[-5.62076,33.51727],[-5.62108,33.51919],[-5.6212,33.52052],[-5.62094,33.52123],[-5.62153,33.52183]]}},{"type":"Feature","properties":{},"geometry":{"type":"LineString","coordinates":[[-5.57727,33.26403],[-5.57901,33.26475],[-5.58031,33.26584],[-5.58033,33.26611],[-5.58151,33.26645],[-5.58238,33.26743],[-5.58284,33.26739],[-5.58338,33.26762]]}},{"type":"Feature","properties":{},"geometry":{"type":"LineString","coordinates":[[-5.60658,33.29192],[-5.60567,33.2928],[-5.60484,33.29428],[-5.60473,33.29488],[-5.60363,33.29598],[-5.60349,33.29645],[-5.60363,33.29694],[-5.60497,33.29803],[-5.60505,33.29826]]}},{"type":"Feature","properties":{},"geometry":{"type":"LineString","coordinates":[[-5.60895,33.28588],[-5.60804,33.28576],[-5.60774,33.28509]]}},{"type":"Feature","properties":{},"geometry":{"type":"LineString","coordinates":[[-5.48674,33.60532],[-5.48597,33.60453],[-5.48474,33.60376],[-5.48401,33.60191],[-5.48282,33.60074],[-5.48204,33.59828],[-5.48233,33.59808],[-5.48233,33.59791],[-5.48174,33.59731]]}},{"type":"Feature","properties":{},"geometry":{"type":"LineString","coordinates":[[-5.52902,33.6409],[-5.52878,33.6402],[-5.52708,33.63934],[-5.52531,33.63888],[-5.52363,33.63808],[-5.52253,33.63794],[-5.5219,33.63743],[-5.5207,33.63736],[-5.5202,33.63715],[-5.51969,33.63517],[-5.51946,33.63485],[-5.51513,33.63174],[-5.51277,33.62947],[-5.51133,33.62839],[-5.51117,33.62797],[-5.51132,33.62675],[-5.51096,33.62611],[-5.51047,33.6244]]}},{"type":"Feature","properties":{},"geometry":{"type":"LineString","coordinates":[[-5.48974,33.59328],[-5.48975,33.59387],[-5.49121,33.59377],[-5.49172,33.59393],[-5.49212,33.59478],[-5.49293,33.59536],[-5.49316,33.5961],[-5.4936,33.59645],[-5.4952,33.59709]]}},{"type":"Feature","properties":{},"geometry":{"type":"LineString","coordinates":[[-5.52952,33.64023],[-5.52841,33.6395],[-5.52739,33.63915],[-5.52654,33.63864],[-5.52521,33.6384],[-5.52432,33.63732],[-5.52238,33.63681],[-5.52211,33.63625],[-5.52164,33.6361],[-5.52128,33.6353],[-5.52059,33.63443],[-5.52022,33.63333],[-5.51962,33.63255],[-5.51864,33.63174],[-5.51847,33.63137],[-5.51856,33.63106]]}},{"type":"Feature","properties":{},"geometry":{"type":"LineString","coordinates":[[-5.47503,33.63586],[-5.47458,33.63583],[-5.47429,33.63645],[-5.46546,33.64109],[-5.46369,33.63874],[-5.46319,33.63842],[-5.46202,33.63651],[-5.46116,33.63566],[-5.46072,33.63551]]}},{"type":"Feature","properties":{},"geometry":{"type":"LineString","coordinates":[[-5.49769,33.59271],[-5.49752,33.59217],[-5.49708,33.59162],[-5.49643,33.5918],[-5.49497,33.59147],[-5.49403,33.59171],[-5.49305,33.59159],[-5.49253,33.59175],[-5.49073,33.59181],[-5.49,33.59169]]}},{"type":"Feature","properties":{},"geometry":{"type":"LineString","coordinates":[[-5.36773,33.69945],[-5.36726,33.69972],[-5.36645,33.70059]]}},{"type":"Feature","properties":{},"geometry":{"type":"LineString","coordinates":[[-5.36437,33.69889],[-5.36409,33.69875]]}},{"type":"Feature","properties":{},"geometry":{"type":"LineString","coordinates":[[-5.48803,33.7495],[-5.49134,33.74597],[-5.49138,33.74572]]}},{"type":"Feature","properties":{},"geometry":{"type":"LineString","coordinates":[[-5.22423,33.44118],[-5.22412,33.44008]]}},{"type":"Feature","properties":{},"geometry":{"type":"LineString","coordinates":[[-5.65296,32.96531],[-5.65294,32.96356],[-5.65266,32.96135],[-5.65188,32.95986]]}},{"type":"Feature","properties":{},"geometry":{"type":"LineString","coordinates":[[-5.65356,32.95024],[-5.6514,32.94897]]}},{"type":"Feature","properties":{},"geometry":{"type":"LineString","coordinates":[[-5.6479,32.95315],[-5.64772,32.95278]]}},{"type":"Feature","properties":{},"geometry":{"type":"LineString","coordinates":[[-5.64766,32.95194],[-5.64839,32.95289]]}},{"type":"Feature","properties":{},"geometry":{"type":"LineString","coordinates":[[-5.64765,32.95236],[-5.64718,32.95255]]}},{"type":"Feature","properties":{},"geometry":{"type":"LineString","coordinates":[[-5.64744,32.9521],[-5.64816,32.95302]]}},{"type":"Feature","properties":{},"geometry":{"type":"LineString","coordinates":[[-5.64762,32.9533],[-5.64742,32.95248]]}},{"type":"Feature","properties":{},"geometry":{"type":"LineString","coordinates":[[-5.64746,32.9534],[-5.64672,32.95108],[-5.6467,32.95041]]}},{"type":"Feature","properties":{},"geometry":{"type":"LineString","coordinates":[[-5.65984,32.95466],[-5.65973,32.95585],[-5.65926,32.95683]]}},{"type":"Feature","properties":{},"geometry":{"type":"LineString","coordinates":[[-5.37414,33.67708],[-5.37402,33.67675]]}},{"type":"Feature","properties":{},"geometry":{"type":"LineString","coordinates":[[-5.37434,33.67704],[-5.37337,33.67722]]}},{"type":"Feature","properties":{},"geometry":{"type":"LineString","coordinates":[[-5.37355,33.6779],[-5.37326,33.67794]]}},{"type":"Feature","properties":{},"geometry":{"type":"LineString","coordinates":[[-5.37375,33.6775],[-5.37346,33.67808]]}},{"type":"Feature","properties":{},"geometry":{"type":"LineString","coordinates":[[-5.37264,33.67779],[-5.3739,33.67754],[-5.37364,33.67817]]}},{"type":"Feature","properties":{},"geometry":{"type":"LineString","coordinates":[[-5.37382,33.67826],[-5.37326,33.67794],[-5.37271,33.67803]]}},{"type":"Feature","properties":{},"geometry":{"type":"LineString","coordinates":[[-5.37677,33.68364],[-5.37667,33.68301]]}},{"type":"Feature","properties":{},"geometry":{"type":"LineString","coordinates":[[-5.37952,33.68463],[-5.37948,33.68414],[-5.37891,33.68415]]}},{"type":"Feature","properties":{},"geometry":{"type":"LineString","coordinates":[[-5.37809,33.68498],[-5.37741,33.68528],[-5.37646,33.68532]]}},{"type":"Feature","properties":{},"geometry":{"type":"LineString","coordinates":[[-5.378,33.68487],[-5.37818,33.68517],[-5.3772,33.68553],[-5.37613,33.68742],[-5.37488,33.68751]]}},{"type":"Feature","properties":{},"geometry":{"type":"LineString","coordinates":[[-5.37972,33.68516],[-5.37814,33.68505]]}},{"type":"Feature","properties":{},"geometry":{"type":"LineString","coordinates":[[-5.38039,33.68583],[-5.3804,33.68565],[-5.37971,33.68521]]}},{"type":"Feature","properties":{},"geometry":{"type":"LineString","coordinates":[[-5.38017,33.68369],[-5.38018,33.68416]]}},{"type":"Feature","properties":{},"geometry":{"type":"LineString","coordinates":[[-5.37893,33.68503],[-5.37879,33.68458]]}},{"type":"Feature","properties":{},"geometry":{"type":"LineString","coordinates":[[-5.37637,33.68493],[-5.37688,33.68475]]}},{"type":"Feature","properties":{},"geometry":{"type":"LineString","coordinates":[[-5.37825,33.68329],[-5.37715,33.68419]]}},{"type":"Feature","properties":{},"geometry":{"type":"LineString","coordinates":[[-5.37255,33.67939],[-5.37362,33.67936]]}},{"type":"Feature","properties":{},"geometry":{"type":"LineString","coordinates":[[-5.37651,33.68423],[-5.37716,33.68394],[-5.37708,33.68355]]}},{"type":"Feature","properties":{},"geometry":{"type":"LineString","coordinates":[[-5.37409,33.67693],[-5.37335,33.67709]]}},{"type":"Feature","properties":{},"geometry":{"type":"LineString","coordinates":[[-5.37357,33.68436],[-5.37353,33.68402],[-5.37329,33.68382],[-5.37293,33.68381],[-5.37242,33.68407]]}},{"type":"Feature","properties":{},"geometry":{"type":"LineString","coordinates":[[-5.37388,33.68052],[-5.37443,33.681]]}},{"type":"Feature","properties":{"grade":"grade2"},"geometry":{"type":"LineString","coordinates":[[-5.70689,33.21328],[-5.70698,33.2135]]}},{"type":"Feature","properties":{"grade":"grade2"},"geometry":{"type":"LineString","coordinates":[[-5.6694,33.19844],[-5.6706,33.19927],[-5.67388,33.20094],[-5.67495,33.20141],[-5.67752,33.20206],[-5.68004,33.20231],[-5.6831,33.20224],[-5.68495,33.20266],[-5.6872,33.20281],[-5.68992,33.2038],[-5.6928,33.20394],[-5.69435,33.20473],[-5.69525,33.20499],[-5.69902,33.20713]]}},{"type":"Feature","properties":{},"geometry":{"type":"LineString","coordinates":[[-5.4823,33.74632],[-5.48154,33.74574]]}},{"type":"Feature","properties":{},"geometry":{"type":"LineString","coordinates":[[-5.2056,33.44527],[-5.2065,33.445],[-5.20679,33.44477],[-5.20688,33.44443],[-5.20671,33.44379],[-5.20603,33.44326],[-5.20587,33.44294]]}},{"type":"Feature","properties":{},"geometry":{"type":"LineString","coordinates":[[-5.20447,33.44703],[-5.20601,33.44846]]}},{"type":"Feature","properties":{},"geometry":{"type":"LineString","coordinates":[[-5.21219,33.45265],[-5.21082,33.45169],[-5.21034,33.45077],[-5.20875,33.44995],[-5.20783,33.45001],[-5.20759,33.45021]]}},{"type":"Feature","properties":{},"geometry":{"type":"LineString","coordinates":[[-5.20867,33.45249],[-5.20863,33.45276],[-5.20829,33.45315]]}},{"type":"Feature","properties":{},"geometry":{"type":"LineString","coordinates":[[-5.20585,33.44241],[-5.20519,33.44244]]}},{"type":"Feature","properties":{},"geometry":{"type":"LineString","coordinates":[[-5.20537,33.4427],[-5.20542,33.4433]]}},{"type":"Feature","properties":{},"geometry":{"type":"LineString","coordinates":[[-5.74181,33.34414],[-5.74131,33.34554],[-5.74078,33.34601],[-5.73974,33.34636],[-5.73871,33.3471],[-5.73805,33.34717],[-5.73604,33.34797],[-5.73554,33.34802],[-5.73468,33.34857]]}},{"type":"Feature","properties":{},"geometry":{"type":"LineString","coordinates":[[-5.71419,33.32589],[-5.71332,33.32572],[-5.71315,33.32517],[-5.71363,33.32398],[-5.71459,33.32231]]}},{"type":"Feature","properties":{},"geometry":{"type":"LineString","coordinates":[[-5.69286,33.20396],[-5.6927,33.20641],[-5.69293,33.20751],[-5.69264,33.20773],[-5.69245,33.20978],[-5.69279,33.21192],[-5.69278,33.21284],[-5.69336,33.21401],[-5.69405,33.21482],[-5.69429,33.21547]]}},{"type":"Feature","properties":{},"geometry":{"type":"LineString","coordinates":[[-5.42858,33.51727],[-5.42902,33.51662],[-5.42936,33.5164],[-5.43055,33.5135],[-5.43133,33.51194],[-5.43234,33.5105],[-5.43281,33.50937],[-5.43465,33.50736],[-5.43603,33.50541],[-5.43639,33.50439],[-5.4383,33.50213],[-5.44058,33.49752],[-5.44168,33.4958]]}},{"type":"Feature","properties":{},"geometry":{"type":"LineString","coordinates":[[-5.38725,33.487],[-5.39203,33.48991],[-5.3934,33.4913],[-5.39479,33.49229],[-5.39881,33.4944],[-5.39969,33.49459],[-5.40172,33.49452],[-5.40556,33.49332],[-5.40864,33.49256],[-5.40988,33.49247],[-5.41137,33.49188],[-5.41553,33.4891],[-5.41898,33.48555],[-5.42147,33.48445],[-5.42434,33.4838],[-5.42565,33.48375],[-5.43,33.48271],[-5.43067,33.4822],[-5.4322,33.48157],[-5.43397,33.47997],[-5.43695,33.47818],[-5.43784,33.47748],[-5.43938,33.47686],[-5.44377,33.47559]]}},{"type":"Feature","properties":{},"geometry":{"type":"LineString","coordinates":[[-5.40559,33.52487],[-5.4066,33.5255],[-5.40766,33.52667],[-5.41028,33.52815],[-5.4114,33.52995],[-5.41198,33.53148],[-5.41241,33.53176],[-5.41239,33.53277],[-5.41352,33.53856],[-5.41413,33.5407]]}},{"type":"Feature","properties":{},"geometry":{"type":"LineString","coordinates":[[-5.41413,33.5407],[-5.41402,33.54259],[-5.41434,33.5437],[-5.41463,33.54574],[-5.41442,33.54775],[-5.41458,33.54847],[-5.41435,33.54945],[-5.41334,33.55104],[-5.413,33.5524],[-5.41324,33.55301],[-5.4131,33.5532]]}},{"type":"Feature","properties":{},"geometry":{"type":"LineString","coordinates":[[-5.42383,33.52083],[-5.42495,33.52282],[-5.42517,33.52492],[-5.42506,33.52531],[-5.42519,33.52542]]}},{"type":"Feature","properties":{},"geometry":{"type":"LineString","coordinates":[[-5.42851,33.51737],[-5.42858,33.51727]]}},{"type":"Feature","properties":{},"geometry":{"type":"LineString","coordinates":[[-5.42658,33.52038],[-5.42851,33.51737]]}},{"type":"Feature","properties":{},"geometry":{"type":"LineString","coordinates":[[-5.61791,33.28184],[-5.61698,33.28345],[-5.61681,33.28406],[-5.61697,33.28546],[-5.61756,33.28635],[-5.61771,33.28703],[-5.61729,33.28893],[-5.61749,33.29069],[-5.61705,33.2921],[-5.61713,33.29308],[-5.61749,33.29347],[-5.61742,33.29416],[-5.61761,33.2947],[-5.6191,33.29532],[-5.62156,33.29535],[-5.62221,33.29564],[-5.62282,33.29568],[-5.62578,33.29525],[-5.62773,33.29538],[-5.62957,33.29462]]}},{"type":"Feature","properties":{},"geometry":{"type":"LineString","coordinates":[[-5.61777,33.28193],[-5.61746,33.28063],[-5.61684,33.27929],[-5.61678,33.27855],[-5.61751,33.277],[-5.61736,33.27653],[-5.61753,33.27597],[-5.61802,33.27558],[-5.61834,33.27474]]}},{"type":"Feature","properties":{},"geometry":{"type":"LineString","coordinates":[[-5.33282,33.44292],[-5.33308,33.44287],[-5.33359,33.44234],[-5.33461,33.44066],[-5.33712,33.43824],[-5.33791,33.43777],[-5.33885,33.43676],[-5.33957,33.43562],[-5.34149,33.43353],[-5.34563,33.43048],[-5.34645,33.42979],[-5.34661,33.42948],[-5.34968,33.42701],[-5.35098,33.42533],[-5.35161,33.42489],[-5.35308,33.42458],[-5.35486,33.42371],[-5.35627,33.42234],[-5.35482,33.42071],[-5.35467,33.41982],[-5.35473,33.41833],[-5.35454,33.41788],[-5.35423,33.41527],[-5.35393,33.41463],[-5.35284,33.41329]]}},{"type":"Feature","properties":{},"geometry":{"type":"LineString","coordinates":[[-5.38935,33.48833],[-5.38987,33.48812],[-5.39096,33.48691],[-5.39113,33.48663],[-5.39109,33.48588],[-5.39145,33.48534],[-5.39431,33.48314],[-5.39541,33.48259],[-5.3961,33.48242],[-5.39675,33.48247],[-5.39788,33.48218],[-5.39854,33.48172],[-5.40086,33.48288],[-5.4015,33.48286],[-5.4019,33.48127],[-5.40337,33.47876],[-5.40413,33.47715],[-5.40419,33.47668],[-5.40499,33.47545],[-5.40577,33.47465],[-5.40603,33.47395],[-5.40671,33.47335],[-5.40693,33.47256],[-5.4078,33.47143],[-5.40812,33.46949],[-5.40844,33.46904],[-5.40852,33.46833],[-5.40881,33.46764],[-5.40961,33.46632],[-5.41097,33.46496],[-5.41154,33.4639],[-5.41233,33.46346],[-5.41269,33.46299],[-5.41337,33.46272],[-5.41357,33.46211],[-5.41416,33.46127],[-5.41402,33.46007]]}},{"type":"Feature","properties":{},"geometry":{"type":"LineString","coordinates":[[-5.62263,33.42727],[-5.62344,33.42733],[-5.62507,33.42794],[-5.62526,33.4287],[-5.62503,33.42894],[-5.62524,33.42928],[-5.62513,33.42958]]}},{"type":"Feature","properties":{},"geometry":{"type":"LineString","coordinates":[[-5.62252,33.42723],[-5.62263,33.42727]]}},{"type":"Feature","properties":{},"geometry":{"type":"LineString","coordinates":[[-5.62959,33.4584],[-5.62907,33.45972],[-5.62809,33.46151],[-5.62729,33.46257],[-5.62556,33.46347],[-5.62353,33.46561],[-5.62253,33.466],[-5.62149,33.46612],[-5.6209,33.4666],[-5.61869,33.46702],[-5.61737,33.46779],[-5.61675,33.46744],[-5.61594,33.4675],[-5.61543,33.46784],[-5.61519,33.46834],[-5.61428,33.46828],[-5.61326,33.46911],[-5.61228,33.46951],[-5.61106,33.47149],[-5.6096,33.47223],[-5.60912,33.47232]]}},{"type":"Feature","properties":{},"geometry":{"type":"LineString","coordinates":[[-5.58576,33.5945],[-5.58535,33.59616],[-5.5861,33.59854],[-5.58621,33.59964],[-5.58609,33.60051],[-5.58648,33.60134],[-5.58668,33.60295],[-5.58833,33.60505],[-5.58856,33.60559],[-5.58963,33.60665],[-5.59089,33.60668],[-5.59141,33.60692],[-5.59174,33.6087],[-5.59224,33.60924]]}},{"type":"Feature","properties":{},"geometry":{"type":"LineString","coordinates":[[-5.60751,33.60836],[-5.60749,33.60774],[-5.6069,33.60756],[-5.6066,33.60769],[-5.60658,33.60808],[-5.60631,33.60828],[-5.60582,33.60832],[-5.60537,33.60861],[-5.6048,33.60842],[-5.60364,33.60767],[-5.60119,33.60738],[-5.59987,33.60613],[-5.59979,33.60562],[-5.59921,33.60448],[-5.59826,33.603],[-5.59515,33.6021]]}},{"type":"Feature","properties":{},"geometry":{"type":"LineString","coordinates":[[-5.71052,33.616],[-5.70971,33.61669],[-5.7088,33.61621],[-5.70726,33.61635],[-5.70434,33.61851],[-5.70269,33.61923],[-5.70168,33.61932],[-5.70112,33.61965],[-5.69875,33.62023],[-5.69646,33.62008],[-5.69569,33.61938],[-5.6949,33.61939],[-5.69347,33.61882],[-5.69261,33.61885],[-5.69185,33.61847],[-5.69144,33.61729],[-5.69215,33.61581],[-5.69214,33.61534],[-5.69188,33.61491],[-5.69101,33.6148],[-5.69033,33.61423],[-5.69044,33.61354],[-5.68996,33.61224],[-5.68864,33.61187],[-5.68799,33.61143],[-5.68618,33.61084],[-5.68574,33.61048],[-5.68523,33.61055]]}},{"type":"Feature","properties":{},"geometry":{"type":"LineString","coordinates":[[-5.69875,33.62023],[-5.69982,33.62073],[-5.70069,33.62171]]}},{"type":"Feature","properties":{},"geometry":{"type":"LineString","coordinates":[[-5.71143,33.645],[-5.71178,33.64518],[-5.71229,33.64516],[-5.71266,33.6446],[-5.71296,33.64348]]}},{"type":"Feature","properties":{},"geometry":{"type":"LineString","coordinates":[[-5.71109,33.64747],[-5.71096,33.64642],[-5.71129,33.64522],[-5.71157,33.64475],[-5.71174,33.64372],[-5.71201,33.64322],[-5.71219,33.64131],[-5.71241,33.64107],[-5.71347,33.64067]]}},{"type":"Feature","properties":{},"geometry":{"type":"LineString","coordinates":[[-5.68315,33.59508],[-5.68355,33.59548],[-5.68351,33.59644],[-5.68329,33.59718],[-5.68339,33.59779],[-5.68359,33.59789]]}},{"type":"Feature","properties":{},"geometry":{"type":"LineString","coordinates":[[-5.68388,33.59461],[-5.68398,33.59498],[-5.68446,33.59494],[-5.68479,33.59514],[-5.68497,33.59572],[-5.6849,33.59613],[-5.68525,33.59652],[-5.6856,33.59666],[-5.68598,33.59635],[-5.6866,33.59658],[-5.68734,33.59644],[-5.68753,33.59657],[-5.68747,33.59689]]}},{"type":"Feature","properties":{},"geometry":{"type":"LineString","coordinates":[[-5.74995,33.08334],[-5.75028,33.08299],[-5.75007,33.08235]]}},{"type":"Feature","properties":{},"geometry":{"type":"LineString","coordinates":[[-5.7508,33.08512],[-5.75047,33.08438],[-5.74997,33.08376],[-5.74995,33.08334],[-5.74892,33.08317]]}},{"type":"Feature","properties":{},"geometry":{"type":"LineString","coordinates":[[-5.51828,33.30581],[-5.51956,33.30763],[-5.52023,33.30821],[-5.5207,33.30941],[-5.52077,33.31151],[-5.52107,33.31228],[-5.52087,33.31296],[-5.52088,33.3144],[-5.52033,33.31598],[-5.52027,33.3174],[-5.5199,33.31899],[-5.51978,33.32105],[-5.51997,33.32165],[-5.52066,33.32226],[-5.52176,33.32182],[-5.5234,33.32157],[-5.52417,33.32056],[-5.52523,33.32007],[-5.52592,33.32],[-5.52654,33.31968],[-5.52736,33.31952],[-5.52787,33.31964],[-5.52794,33.31993]]}},{"type":"Feature","properties":{},"geometry":{"type":"LineString","coordinates":[[-5.52693,33.30991],[-5.52663,33.31136],[-5.52616,33.31224],[-5.52602,33.31369],[-5.52568,33.31459],[-5.52567,33.31679],[-5.52524,33.31842],[-5.52599,33.32043],[-5.52611,33.32178],[-5.52658,33.32313],[-5.52615,33.32421],[-5.52489,33.32886],[-5.52496,33.32945],[-5.52467,33.32976],[-5.52415,33.3299],[-5.52338,33.33088]]}},{"type":"Feature","properties":{},"geometry":{"type":"LineString","coordinates":[[-5.69445,33.64563],[-5.69567,33.6446],[-5.69658,33.64457],[-5.69755,33.64327]]}},{"type":"Feature","properties":{},"geometry":{"type":"LineString","coordinates":[[-5.67206,33.62756],[-5.67223,33.62788],[-5.67218,33.62814],[-5.67251,33.62805],[-5.67275,33.62835],[-5.6728,33.62895],[-5.67357,33.62869]]}},{"type":"Feature","properties":{},"geometry":{"type":"LineString","coordinates":[[-5.70145,33.62939],[-5.70145,33.6281],[-5.70158,33.62775]]}},{"type":"Feature","properties":{},"geometry":{"type":"LineString","coordinates":[[-5.69692,33.62688],[-5.69719,33.62639],[-5.69963,33.62517],[-5.69985,33.62546],[-5.69974,33.62591]]}},{"type":"Feature","properties":{},"geometry":{"type":"LineString","coordinates":[[-5.66234,33.63247],[-5.66178,33.63206],[-5.66179,33.63179],[-5.66358,33.62964]]}},{"type":"Feature","properties":{},"geometry":{"type":"LineString","coordinates":[[-5.6645,33.63114],[-5.66378,33.63282]]}},{"type":"Feature","properties":{},"geometry":{"type":"LineString","coordinates":[[-5.71693,33.64174],[-5.71853,33.63948],[-5.71907,33.63764],[-5.72032,33.63694]]}},{"type":"Feature","properties":{},"geometry":{"type":"LineString","coordinates":[[-5.70139,33.65814],[-5.70186,33.65633],[-5.70218,33.65599],[-5.70229,33.65551],[-5.7031,33.65413],[-5.70292,33.65319],[-5.70324,33.65213],[-5.70347,33.65181],[-5.70409,33.65156],[-5.70447,33.65105],[-5.70431,33.65032],[-5.70438,33.64959],[-5.70483,33.64926],[-5.70492,33.64888],[-5.70478,33.64764],[-5.70553,33.64664],[-5.7054,33.64643],[-5.70551,33.64598],[-5.70522,33.64534],[-5.70545,33.64479],[-5.7052,33.64407],[-5.70551,33.64298]]}},{"type":"Feature","properties":{},"geometry":{"type":"LineString","coordinates":[[-5.51926,33.47426],[-5.52218,33.47439],[-5.5245,33.4756],[-5.52548,33.47574],[-5.52726,33.47637],[-5.52948,33.47774],[-5.5299,33.47818],[-5.52571,33.4829],[-5.52412,33.48389],[-5.52185,33.48654],[-5.52083,33.48729],[-5.52047,33.48795],[-5.52045,33.48851],[-5.51979,33.48885],[-5.51888,33.48902],[-5.51825,33.48962],[-5.51733,33.49017],[-5.51558,33.49247],[-5.51528,33.49312],[-5.51453,33.49395],[-5.51404,33.49411],[-5.51357,33.4946],[-5.51267,33.49502],[-5.51055,33.49808],[-5.51035,33.49864],[-5.50941,33.49981]]}},{"type":"Feature","properties":{},"geometry":{"type":"LineString","coordinates":[[-5.75339,33.09534],[-5.75257,33.09326],[-5.75194,33.09279],[-5.75147,33.09265],[-5.7509,33.09278],[-5.75051,33.0935],[-5.74997,33.09337],[-5.74984,33.09411],[-5.7495,33.09368],[-5.74879,33.0934],[-5.74811,33.09397],[-5.74744,33.09551]]}},{"type":"Feature","properties":{},"geometry":{"type":"LineString","coordinates":[[-5.4881,33.29672],[-5.48787,33.29653],[-5.48811,33.29631]]}},{"type":"Feature","properties":{},"geometry":{"type":"LineString","coordinates":[[-5.49664,33.29082],[-5.49639,33.29134],[-5.49585,33.29169]]}},{"type":"Feature","properties":{},"geometry":{"type":"LineString","coordinates":[[-5.48967,33.29831],[-5.49032,33.29899],[-5.49054,33.29948],[-5.49068,33.30007],[-5.4906,33.30064],[-5.49081,33.30119],[-5.49038,33.30185],[-5.48993,33.30219],[-5.49013,33.30244],[-5.49078,33.30259],[-5.4912,33.30337],[-5.49098,33.30591],[-5.49154,33.30842],[-5.49158,33.30984],[-5.4914,33.31044],[-5.49142,33.31116]]}},{"type":"Feature","properties":{},"geometry":{"type":"LineString","coordinates":[[-5.50499,33.30423],[-5.50436,33.30436],[-5.50292,33.30411],[-5.50199,33.30434],[-5.50156,33.30413],[-5.50117,33.30327],[-5.50135,33.30256],[-5.50216,33.30147]]}},{"type":"Feature","properties":{},"geometry":{"type":"LineString","coordinates":[[-5.49918,33.30717],[-5.49929,33.30682],[-5.50013,33.30595],[-5.50054,33.30529],[-5.50135,33.30488],[-5.5015,33.30447],[-5.5018,33.30426]]}},{"type":"Feature","properties":{},"geometry":{"type":"LineString","coordinates":[[-5.51071,33.30768],[-5.50836,33.30816],[-5.50786,33.30803]]}},{"type":"Feature","properties":{},"geometry":{"type":"LineString","coordinates":[[-5.51336,33.30642],[-5.51324,33.30668],[-5.51219,33.30683],[-5.50995,33.30821],[-5.50932,33.30891],[-5.50935,33.3093],[-5.50804,33.30968],[-5.50787,33.31006],[-5.50645,33.31128],[-5.5064,33.31164]]}},{"type":"Feature","properties":{},"geometry":{"type":"LineString","coordinates":[[-5.682,32.94949],[-5.68235,32.95048],[-5.68335,32.95052]]}},{"type":"Feature","properties":{},"geometry":{"type":"LineString","coordinates":[[-5.47813,33.47568],[-5.47803,33.47569]]}},{"type":"Feature","properties":{},"geometry":{"type":"LineString","coordinates":[[-5.47803,33.47569],[-5.47727,33.47583],[-5.47109,33.47603],[-5.46729,33.47546],[-5.46547,33.47476],[-5.46246,33.47394],[-5.45934,33.47384],[-5.45707,33.47442],[-5.45315,33.47507],[-5.45242,33.47534]]}},{"type":"Feature","properties":{},"geometry":{"type":"LineString","coordinates":[[-5.49051,33.47491],[-5.48458,33.47671],[-5.48356,33.47682],[-5.47895,33.47612],[-5.47813,33.47568]]}},{"type":"Feature","properties":{},"geometry":{"type":"LineString","coordinates":[[-5.54711,33.28739],[-5.54725,33.28769],[-5.54679,33.28832],[-5.54685,33.28929],[-5.5466,33.28984],[-5.54853,33.29056],[-5.54957,33.29033],[-5.55043,33.29098],[-5.54954,33.29247],[-5.54902,33.29299],[-5.54868,33.29387]]}},{"type":"Feature","properties":{},"geometry":{"type":"LineString","coordinates":[[-5.52693,33.30991],[-5.52739,33.30905],[-5.52735,33.30828],[-5.52787,33.30603],[-5.52886,33.30474],[-5.52901,33.30311],[-5.52957,33.30209],[-5.53008,33.30156],[-5.53057,33.29995],[-5.53117,33.29944],[-5.53187,33.29694],[-5.53168,33.29607],[-5.53107,33.29525],[-5.53124,33.2949],[-5.53091,33.29388],[-5.53092,33.29302],[-5.53033,33.29144],[-5.52977,33.2908],[-5.52978,33.29049],[-5.52938,33.28966],[-5.52974,33.28929],[-5.53069,33.28889],[-5.53195,33.28949],[-5.53347,33.2898],[-5.53442,33.29017]]}},{"type":"Feature","properties":{},"geometry":{"type":"LineString","coordinates":[[-5.54881,33.2939],[-5.54675,33.29347],[-5.54568,33.2929],[-5.54498,33.29278],[-5.54423,33.29287],[-5.54187,33.29208]]}},{"type":"Feature","properties":{},"geometry":{"type":"LineString","coordinates":[[-5.54013,33.30078],[-5.5398,33.30142],[-5.53971,33.30194],[-5.53983,33.30206],[-5.54433,33.30149]]}},{"type":"Feature","properties":{},"geometry":{"type":"LineString","coordinates":[[-5.54683,33.30737],[-5.54599,33.30695],[-5.54456,33.30655],[-5.54406,33.30598],[-5.54316,33.30568],[-5.5429,33.30518],[-5.54245,33.30512]]}},{"type":"Feature","properties":{},"geometry":{"type":"LineString","coordinates":[[-5.49089,33.28923],[-5.49008,33.2893],[-5.48961,33.28879]]}},{"type":"Feature","properties":{},"geometry":{"type":"LineString","coordinates":[[-5.48724,33.2881],[-5.4883,33.28688],[-5.48784,33.28645]]}},{"type":"Feature","properties":{},"geometry":{"type":"LineString","coordinates":[[-5.48633,33.29307],[-5.48517,33.29353],[-5.48354,33.29381],[-5.48324,33.29347],[-5.48313,33.29302],[-5.48251,33.29303]]}},{"type":"Feature","properties":{},"geometry":{"type":"LineString","coordinates":[[-5.48762,33.29315],[-5.48696,33.29321],[-5.48626,33.29304],[-5.48541,33.2924],[-5.48463,33.29204],[-5.48372,33.2911],[-5.48209,33.29031]]}},{"type":"Feature","properties":{},"geometry":{"type":"LineString","coordinates":[[-5.48669,33.28929],[-5.48651,33.28957],[-5.48657,33.28987],[-5.48711,33.28989],[-5.4878,33.29025],[-5.48834,33.29002]]}},{"type":"Feature","properties":{},"geometry":{"type":"LineString","coordinates":[[-5.68184,32.95118],[-5.68137,32.95125],[-5.6817,32.952]]}},{"type":"Feature","properties":{},"geometry":{"type":"LineString","coordinates":[[-5.48846,33.26946],[-5.48534,33.2704],[-5.48403,33.27215],[-5.48326,33.27265]]}},{"type":"Feature","properties":{},"geometry":{"type":"LineString","coordinates":[[-5.50228,33.27584],[-5.50445,33.27668],[-5.50475,33.27641],[-5.50453,33.27582],[-5.50462,33.27548],[-5.50518,33.27548]]}},{"type":"Feature","properties":{},"geometry":{"type":"LineString","coordinates":[[-5.50474,33.27817],[-5.5041,33.27673],[-5.50175,33.27546],[-5.50084,33.27561]]}},{"type":"Feature","properties":{},"geometry":{"type":"LineString","coordinates":[[-5.49872,33.27357],[-5.49926,33.27371],[-5.50047,33.27452],[-5.50131,33.27719],[-5.50204,33.27794],[-5.50296,33.27825],[-5.50442,33.27913],[-5.50474,33.27966],[-5.50513,33.28092],[-5.50581,33.28157],[-5.50589,33.28196]]}},{"type":"Feature","properties":{},"geometry":{"type":"LineString","coordinates":[[-5.51164,33.29744],[-5.51086,33.29752],[-5.51038,33.29784],[-5.50983,33.29791],[-5.50923,33.29833],[-5.50857,33.29832],[-5.50718,33.29868],[-5.50656,33.29913],[-5.50562,33.29949],[-5.50439,33.30034],[-5.50359,33.30065],[-5.50291,33.30131],[-5.50224,33.30157]]}},{"type":"Feature","properties":{},"geometry":{"type":"LineString","coordinates":[[-5.51856,33.28958],[-5.51754,33.2894],[-5.51722,33.28954],[-5.5166,33.28934],[-5.51632,33.28899],[-5.51564,33.28887],[-5.51442,33.28916],[-5.51334,33.28979],[-5.51212,33.28945]]}},{"type":"Feature","properties":{},"geometry":{"type":"LineString","coordinates":[[-5.52916,33.30293],[-5.52622,33.30369],[-5.52521,33.30417],[-5.52356,33.30448],[-5.52208,33.30464],[-5.52035,33.30449],[-5.51739,33.30476],[-5.51598,33.30518],[-5.51546,33.30571]]}},{"type":"Feature","properties":{},"geometry":{"type":"LineString","coordinates":[[-5.53212,33.24797],[-5.53243,33.25023],[-5.53284,33.25135],[-5.53284,33.25189],[-5.53243,33.2543],[-5.5321,33.2552],[-5.5307,33.25685],[-5.53016,33.2571],[-5.52776,33.25889],[-5.52527,33.26147],[-5.52323,33.2648]]}},{"type":"Feature","properties":{},"geometry":{"type":"LineString","coordinates":[[-5.4901,33.26968],[-5.48937,33.26968],[-5.48828,33.26936],[-5.48674,33.26918],[-5.48546,33.2686],[-5.48417,33.26768],[-5.48269,33.26734]]}},{"type":"Feature","properties":{},"geometry":{"type":"LineString","coordinates":[[-5.48288,33.26019],[-5.48279,33.26056],[-5.48323,33.26085],[-5.48346,33.26159],[-5.484,33.2624],[-5.48385,33.26265],[-5.48451,33.26339],[-5.48564,33.26383],[-5.48871,33.2661],[-5.48907,33.26674],[-5.48917,33.26796],[-5.48978,33.26947],[-5.49054,33.26987],[-5.49185,33.27102],[-5.49295,33.27163],[-5.494,33.27272],[-5.49436,33.27335],[-5.49495,33.2764],[-5.49534,33.2776],[-5.49558,33.28033],[-5.496,33.28089]]}},{"type":"Feature","properties":{},"geometry":{"type":"LineString","coordinates":[[-5.49119,33.26052],[-5.49077,33.26187],[-5.49067,33.26319],[-5.49032,33.26374],[-5.48831,33.26414],[-5.48621,33.2648],[-5.48467,33.26567],[-5.48339,33.266],[-5.48184,33.2671],[-5.48184,33.26723],[-5.48269,33.26734]]}},{"type":"Feature","properties":{},"geometry":{"type":"LineString","coordinates":[[-5.51582,33.29618],[-5.51553,33.2958],[-5.51513,33.29561],[-5.51416,33.29683],[-5.51314,33.29711],[-5.51276,33.29742],[-5.51164,33.29744]]}},{"type":"Feature","properties":{},"geometry":{"type":"LineString","coordinates":[[-5.50169,33.30833],[-5.49972,33.30775],[-5.49918,33.30717]]}},{"type":"Feature","properties":{},"geometry":{"type":"LineString","coordinates":[[-5.50548,33.30454],[-5.50395,33.30507],[-5.50305,33.30581],[-5.5029,33.30661],[-5.50169,33.30833]]}},{"type":"Feature","properties":{},"geometry":{"type":"LineString","coordinates":[[-5.48999,33.2941],[-5.48934,33.29391],[-5.48857,33.29319],[-5.48789,33.29311]]}},{"type":"Feature","properties":{},"geometry":{"type":"LineString","coordinates":[[-5.53837,33.28934],[-5.53826,33.28957],[-5.53698,33.29026],[-5.53646,33.29075],[-5.53648,33.29091],[-5.53744,33.2912],[-5.53891,33.29138],[-5.54029,33.29113],[-5.54098,33.29061],[-5.54261,33.2898],[-5.54392,33.28874],[-5.54385,33.28812],[-5.54319,33.2872]]}},{"type":"Feature","properties":{},"geometry":{"type":"LineString","coordinates":[[-5.54187,33.29208],[-5.54152,33.29187]]}},{"type":"Feature","properties":{},"geometry":{"type":"LineString","coordinates":[[-5.54152,33.29187],[-5.54029,33.29113]]}},{"type":"Feature","properties":{},"geometry":{"type":"LineString","coordinates":[[-5.54396,33.28868],[-5.54601,33.28673],[-5.54711,33.28739]]}},{"type":"Feature","properties":{},"geometry":{"type":"LineString","coordinates":[[-5.49018,33.29245],[-5.48968,33.29247],[-5.48932,33.29229]]}},{"type":"Feature","properties":{},"geometry":{"type":"LineString","coordinates":[[-5.53554,33.24995],[-5.53805,33.25137],[-5.53886,33.25167],[-5.54127,33.25389],[-5.54188,33.25413],[-5.54217,33.25449],[-5.54281,33.25486],[-5.54396,33.2563],[-5.54458,33.25778],[-5.54473,33.25974],[-5.5451,33.26096],[-5.54501,33.26263],[-5.54549,33.26413],[-5.54494,33.26601],[-5.54519,33.26701],[-5.54502,33.26828],[-5.54519,33.26911],[-5.54503,33.2695],[-5.54578,33.27117],[-5.5457,33.27181],[-5.54594,33.27233],[-5.54619,33.27438],[-5.54608,33.27525],[-5.5452,33.27708],[-5.54453,33.27702]]}},{"type":"Feature","properties":{},"geometry":{"type":"LineString","coordinates":[[-5.53442,33.29017],[-5.53462,33.28975],[-5.53618,33.28932],[-5.53754,33.2879],[-5.53787,33.28729],[-5.53824,33.28705],[-5.53893,33.28615],[-5.53874,33.2854],[-5.53879,33.2847],[-5.53921,33.2834],[-5.53987,33.28296],[-5.54014,33.2825],[-5.54123,33.28191],[-5.54156,33.28158],[-5.54146,33.28141]]}},{"type":"Feature","properties":{},"geometry":{"type":"LineString","coordinates":[[-5.51498,33.29583],[-5.51371,33.29466],[-5.51088,33.29348],[-5.50883,33.29352],[-5.50568,33.29271]]}},{"type":"Feature","properties":{},"geometry":{"type":"LineString","coordinates":[[-5.0712,33.24995],[-5.06825,33.25071],[-5.0624,33.25374],[-5.06054,33.25348],[-5.06001,33.25363],[-5.05806,33.2545],[-5.05631,33.25598],[-5.05484,33.2564],[-5.05314,33.25597],[-5.0524,33.25555],[-5.05167,33.25608],[-5.05056,33.25628],[-5.05017,33.25657],[-5.04762,33.25631]]}},{"type":"Feature","properties":{},"geometry":{"type":"LineString","coordinates":[[-5.0115,33.28113],[-5.0114,33.28145]]}},{"type":"Feature","properties":{},"geometry":{"type":"LineString","coordinates":[[-5.03238,33.2963],[-5.03255,33.29703],[-5.03243,33.2975]]}},{"type":"Feature","properties":{},"geometry":{"type":"LineString","coordinates":[[-5.04296,33.24919],[-5.04315,33.24959],[-5.04453,33.24959],[-5.045,33.24976],[-5.04521,33.25005],[-5.04513,33.25044],[-5.046,33.25069],[-5.04628,33.25104],[-5.04788,33.25145],[-5.04825,33.25172],[-5.04928,33.25202],[-5.05053,33.25322]]}},{"type":"Feature","properties":{},"geometry":{"type":"LineString","coordinates":[[-5.04617,33.28322],[-5.04575,33.2834],[-5.04462,33.28335],[-5.04211,33.28299],[-5.04146,33.28269],[-5.03954,33.28351],[-5.03865,33.28299],[-5.03838,33.2821],[-5.03778,33.28178],[-5.03741,33.28093],[-5.03655,33.28094],[-5.03559,33.2804],[-5.03317,33.28008],[-5.03278,33.28011],[-5.03208,33.28055],[-5.03102,33.28047],[-5.03086,33.28039],[-5.03076,33.27984],[-5.02969,33.27951]]}},{"type":"Feature","properties":{},"geometry":{"type":"LineString","coordinates":[[-5.03892,33.26701],[-5.03832,33.26703],[-5.03803,33.2673],[-5.03644,33.26941],[-5.0365,33.27039],[-5.03614,33.27116],[-5.03521,33.27162],[-5.03518,33.27228],[-5.03466,33.27246],[-5.03362,33.2732],[-5.03352,33.27356]]}},{"type":"Feature","properties":{},"geometry":{"type":"LineString","coordinates":[[-5.06859,33.16562],[-5.0685,33.16697]]}},{"type":"Feature","properties":{},"geometry":{"type":"LineString","coordinates":[[-5.06859,33.16562],[-5.06797,33.166],[-5.06778,33.1663]]}},{"type":"Feature","properties":{},"geometry":{"type":"LineString","coordinates":[[-5.06808,33.16449],[-5.06818,33.16502],[-5.06862,33.16543],[-5.06859,33.16562]]}},{"type":"Feature","properties":{},"geometry":{"type":"LineString","coordinates":[[-5.37229,33.68702],[-5.37154,33.68703],[-5.37143,33.68741],[-5.37081,33.68764]]}},{"type":"Feature","properties":{},"geometry":{"type":"LineString","coordinates":[[-5.07566,33.19563],[-5.07562,33.1952],[-5.07519,33.19478],[-5.07431,33.19438],[-5.07372,33.19369],[-5.07378,33.19341],[-5.07405,33.19342]]}},{"type":"Feature","properties":{},"geometry":{"type":"LineString","coordinates":[[-4.69064,33.63608],[-4.69053,33.63833],[-4.69072,33.63872],[-4.69073,33.64052],[-4.69,33.64194],[-4.68851,33.643],[-4.68737,33.6453]]}},{"type":"Feature","properties":{},"geometry":{"type":"LineString","coordinates":[[-4.69422,33.64061],[-4.69217,33.64149],[-4.69,33.64194]]}},{"type":"Feature","properties":{},"geometry":{"type":"LineString","coordinates":[[-4.67671,33.6425],[-4.67688,33.64322],[-4.67645,33.64362],[-4.67612,33.64483]]}},{"type":"Feature","properties":{},"geometry":{"type":"LineString","coordinates":[[-4.68737,33.6453],[-4.68653,33.64477],[-4.68606,33.64417],[-4.68562,33.64417],[-4.68504,33.64441],[-4.68412,33.64442],[-4.68375,33.64427],[-4.6826,33.64435],[-4.68189,33.64416],[-4.67955,33.64502],[-4.67849,33.64523],[-4.6777,33.64519],[-4.67697,33.64488],[-4.67534,33.64492]]}},{"type":"Feature","properties":{},"geometry":{"type":"LineString","coordinates":[[-4.68675,33.65051],[-4.68623,33.6506],[-4.6862,33.65039],[-4.68664,33.64998],[-4.6867,33.64967],[-4.68614,33.64934],[-4.68621,33.64846],[-4.68583,33.64798],[-4.68606,33.6472],[-4.68652,33.64655],[-4.68648,33.64631],[-4.687,33.646],[-4.68729,33.64557],[-4.68727,33.64531]]}},{"type":"Feature","properties":{},"geometry":{"type":"LineString","coordinates":[[-5.06204,33.18467],[-5.06427,33.18514],[-5.06471,33.18462],[-5.06623,33.18356],[-5.06874,33.18254],[-5.07098,33.18204],[-5.07205,33.18137],[-5.07444,33.18155]]}},{"type":"Feature","properties":{},"geometry":{"type":"LineString","coordinates":[[-5.07406,33.16557],[-5.07256,33.16597],[-5.072,33.16669],[-5.07118,33.1671]]}},{"type":"Feature","properties":{},"geometry":{"type":"LineString","coordinates":[[-4.6844,33.61974],[-4.68413,33.62137],[-4.6838,33.62193],[-4.68336,33.62333],[-4.68345,33.62367]]}},{"type":"Feature","properties":{},"geometry":{"type":"LineString","coordinates":[[-4.68644,33.62211],[-4.68585,33.62273],[-4.68494,33.62319]]}},{"type":"Feature","properties":{"grade":"grade3"},"geometry":{"type":"LineString","coordinates":[[-5.19769,32.953],[-5.19769,32.953]]}},{"type":"Feature","properties":{},"geometry":{"type":"LineString","coordinates":[[-5.20047,32.97862],[-5.202,32.97746],[-5.20274,32.97592]]}},{"type":"Feature","properties":{},"geometry":{"type":"LineString","coordinates":[[-5.07444,33.18155],[-5.07478,33.18158]]}},{"type":"Feature","properties":{},"geometry":{"type":"LineString","coordinates":[[-5.07478,33.18158],[-5.07615,33.18145]]}},{"type":"Feature","properties":{},"geometry":{"type":"LineString","coordinates":[[-5.21495,32.97887],[-5.21626,32.98094]]}},{"type":"Feature","properties":{},"geometry":{"type":"LineString","coordinates":[[-5.37032,33.69057],[-5.37022,33.6899]]}},{"type":"Feature","properties":{},"geometry":{"type":"LineString","coordinates":[[-5.4721,33.25696],[-5.47151,33.25693],[-5.47134,33.25664],[-5.47034,33.25647],[-5.4693,33.25595],[-5.46716,33.25566],[-5.46664,33.25546],[-5.46688,33.255],[-5.46715,33.25338],[-5.46691,33.2523],[-5.46704,33.25185],[-5.46474,33.25123],[-5.46587,33.24983]]}},{"type":"Feature","properties":{},"geometry":{"type":"LineString","coordinates":[[-5.47446,33.25763],[-5.4749,33.25672],[-5.47553,33.25665],[-5.47591,33.25628],[-5.47667,33.25495],[-5.47667,33.25343],[-5.47567,33.25216],[-5.47489,33.25153],[-5.47425,33.25134],[-5.47311,33.24986],[-5.47252,33.25002],[-5.47139,33.24957],[-5.47017,33.24841],[-5.46818,33.24844],[-5.46768,33.24878],[-5.46666,33.24886],[-5.46656,33.24859],[-5.46685,33.24819],[-5.46674,33.24748],[-5.46614,33.24716],[-5.4651,33.24713],[-5.46517,33.24689]]}},{"type":"Feature","properties":{},"geometry":{"type":"LineString","coordinates":[[-5.45193,33.21406],[-5.45212,33.21371],[-5.45248,33.21356],[-5.45332,33.21384],[-5.45535,33.21363],[-5.45671,33.21388],[-5.45741,33.21383],[-5.45745,33.21405],[-5.45824,33.21489],[-5.45983,33.21586],[-5.45986,33.21641],[-5.46062,33.21608],[-5.46095,33.2164],[-5.46195,33.21684],[-5.46268,33.21777],[-5.46418,33.21765],[-5.46485,33.21776],[-5.46696,33.21871],[-5.46899,33.21887],[-5.47037,33.21916],[-5.47089,33.21945],[-5.47086,33.2201],[-5.47008,33.22147],[-5.46882,33.22241],[-5.46818,33.22362],[-5.46671,33.22446],[-5.46646,33.22514],[-5.46655,33.22556]]}},{"type":"Feature","properties":{},"geometry":{"type":"LineString","coordinates":[[-5.46587,33.24983],[-5.4664,33.24951],[-5.46666,33.24886]]}},{"type":"Feature","properties":{},"geometry":{"type":"LineString","coordinates":[[-5.47567,33.25216],[-5.47657,33.25153],[-5.47714,33.25135]]}},{"type":"Feature","properties":{},"geometry":{"type":"LineString","coordinates":[[-5.47216,33.24981],[-5.47238,33.24908],[-5.47277,33.24887]]}},{"type":"Feature","properties":{},"geometry":{"type":"LineString","coordinates":[[-5.46657,33.24857],[-5.46543,33.24851],[-5.465,33.24878]]}},{"type":"Feature","properties":{},"geometry":{"type":"LineString","coordinates":[[-5.46587,33.24983],[-5.46567,33.24938],[-5.46451,33.24842],[-5.46282,33.24785],[-5.46227,33.24742]]}},{"type":"Feature","properties":{},"geometry":{"type":"LineString","coordinates":[[-5.46661,33.22465],[-5.46613,33.22524],[-5.46589,33.22626],[-5.46475,33.22682],[-5.46402,33.22701],[-5.46211,33.22711],[-5.46162,33.22701],[-5.46095,33.22657]]}},{"type":"Feature","properties":{},"geometry":{"type":"LineString","coordinates":[[-5.48601,33.24314],[-5.48443,33.24278],[-5.48192,33.24283],[-5.48106,33.24242],[-5.47939,33.24239],[-5.47756,33.24212],[-5.47623,33.24265],[-5.47355,33.24318],[-5.47141,33.2411],[-5.47085,33.24001],[-5.47036,33.2397],[-5.46996,33.23897],[-5.46827,33.23867],[-5.46802,33.23851],[-5.46806,33.23818],[-5.46793,33.23806],[-5.46677,33.23777],[-5.46689,33.23688],[-5.46638,33.23527],[-5.46683,33.23303],[-5.46761,33.23143],[-5.46763,33.23075],[-5.46806,33.22975],[-5.46816,33.22757],[-5.46701,33.22482],[-5.46665,33.22429],[-5.46612,33.22428],[-5.46529,33.22491],[-5.46484,33.22496],[-5.4654,33.22535],[-5.46492,33.22606]]}},{"type":"Feature","properties":{},"geometry":{"type":"LineString","coordinates":[[-5.21461,33.43536],[-5.21366,33.43661],[-5.21292,33.43677]]}},{"type":"Feature","properties":{},"geometry":{"type":"LineString","coordinates":[[-5.20717,33.42983],[-5.20786,33.4326],[-5.20883,33.43539],[-5.20956,33.43588],[-5.20946,33.4364]]}},{"type":"Feature","properties":{},"geometry":{"type":"LineString","coordinates":[[-5.45053,33.25862],[-5.44961,33.25991],[-5.44963,33.26065],[-5.44909,33.26137],[-5.449,33.26255],[-5.44866,33.2635],[-5.44815,33.26473],[-5.44742,33.26559],[-5.4473,33.26615],[-5.44789,33.26643],[-5.44779,33.26705],[-5.44848,33.26772],[-5.44836,33.26801],[-5.44853,33.26863],[-5.44847,33.26923],[-5.44821,33.26948],[-5.44812,33.27007],[-5.44851,33.27052],[-5.44887,33.27199],[-5.44916,33.27212]]}},{"type":"Feature","properties":{},"geometry":{"type":"LineString","coordinates":[[-5.44319,33.25106],[-5.44267,33.25145],[-5.44245,33.25218],[-5.44263,33.254],[-5.44105,33.25637],[-5.44029,33.25667]]}},{"type":"Feature","properties":{},"geometry":{"type":"LineString","coordinates":[[-5.42858,33.2536],[-5.42792,33.25289],[-5.42788,33.25174],[-5.42744,33.25124],[-5.42748,33.25073],[-5.42725,33.25029]]}},{"type":"Feature","properties":{},"geometry":{"type":"LineString","coordinates":[[-5.42867,33.2574],[-5.42872,33.25695],[-5.42831,33.25673],[-5.42799,33.25621],[-5.42768,33.25604],[-5.42717,33.25513],[-5.42714,33.2547],[-5.42667,33.25405],[-5.42677,33.25393],[-5.42753,33.25406],[-5.42858,33.2536],[-5.42906,33.25379]]}},{"type":"Feature","properties":{},"geometry":{"type":"LineString","coordinates":[[-5.44011,33.25018],[-5.43992,33.25183],[-5.43965,33.25276],[-5.43971,33.25357]]}},{"type":"Feature","properties":{},"geometry":{"type":"LineString","coordinates":[[-5.43563,33.25323],[-5.43528,33.25294],[-5.43399,33.25279]]}},{"type":"Feature","properties":{},"geometry":{"type":"LineString","coordinates":[[-5.4454,33.25172],[-5.44527,33.2521],[-5.44463,33.25284],[-5.44408,33.25412],[-5.44354,33.25477],[-5.44391,33.25593]]}},{"type":"Feature","properties":{},"geometry":{"type":"LineString","coordinates":[[-5.44871,33.25288],[-5.44939,33.25295],[-5.44989,33.25262],[-5.45153,33.25225],[-5.45198,33.25195],[-5.45227,33.2523],[-5.45275,33.25242],[-5.45291,33.25333]]}},{"type":"Feature","properties":{},"geometry":{"type":"LineString","coordinates":[[-5.44732,33.24939],[-5.44812,33.24942]]}},{"type":"Feature","properties":{},"geometry":{"type":"LineString","coordinates":[[-5.44757,33.25056],[-5.4477,33.2501],[-5.4473,33.24966],[-5.44733,33.24914],[-5.44756,33.24878],[-5.44742,33.24825]]}},{"type":"Feature","properties":{},"geometry":{"type":"LineString","coordinates":[[-5.44453,33.23198],[-5.4461,33.23399],[-5.44741,33.23472],[-5.44994,33.23697],[-5.45096,33.23733],[-5.45077,33.23779],[-5.45097,33.238],[-5.45275,33.2388],[-5.45418,33.23897],[-5.45542,33.23943],[-5.45579,33.23993],[-5.45588,33.24113]]}},{"type":"Feature","properties":{},"geometry":{"type":"LineString","coordinates":[[-5.46458,33.20878],[-5.46468,33.20788],[-5.46443,33.20757],[-5.46308,33.2077]]}},{"type":"Feature","properties":{},"geometry":{"type":"LineString","coordinates":[[-5.43652,33.24286],[-5.43757,33.24295]]}},{"type":"Feature","properties":{},"geometry":{"type":"LineString","coordinates":[[-5.43596,33.24135],[-5.43456,33.23985],[-5.43264,33.23939],[-5.43226,33.23962]]}},{"type":"Feature","properties":{},"geometry":{"type":"LineString","coordinates":[[-5.00928,33.28197],[-5.00822,33.2823],[-5.00326,33.28251],[-5.00243,33.28279],[-5.00181,33.28341],[-5.00097,33.28391],[-4.99932,33.28435]]}},{"type":"Feature","properties":{},"geometry":{"type":"LineString","coordinates":[[-4.97795,33.28852],[-4.97896,33.29035],[-4.97938,33.29035],[-4.98005,33.28994],[-4.98097,33.2907],[-4.98192,33.29105],[-4.98283,33.29207]]}},{"type":"Feature","properties":{},"geometry":{"type":"LineString","coordinates":[[-4.97192,33.28309],[-4.9712,33.28309],[-4.97012,33.28268],[-4.9697,33.28275],[-4.96842,33.28248],[-4.96769,33.28165],[-4.9682,33.28089],[-4.96818,33.2801],[-4.96982,33.27896],[-4.96917,33.27796]]}},{"type":"Feature","properties":{},"geometry":{"type":"LineString","coordinates":[[-5.47654,33.25328],[-5.4771,33.25335],[-5.47753,33.25311],[-5.47857,33.25307],[-5.47915,33.25324],[-5.47952,33.25355],[-5.48073,33.25316]]}},{"type":"Feature","properties":{},"geometry":{"type":"LineString","coordinates":[[-5.11902,33.53769],[-5.11873,33.53775]]}},{"type":"Feature","properties":{},"geometry":{"type":"LineString","coordinates":[[-5.11903,33.5376],[-5.11862,33.53713],[-5.11869,33.53661]]}},{"type":"Feature","properties":{},"geometry":{"type":"LineString","coordinates":[[-5.119,33.53796],[-5.11909,33.53725],[-5.11865,33.53659]]}},{"type":"Feature","properties":{},"geometry":{"type":"LineString","coordinates":[[-5.11926,33.53719],[-5.11909,33.53725]]}},{"type":"Feature","properties":{},"geometry":{"type":"LineString","coordinates":[[-5.12002,33.53763],[-5.11946,33.53717]]}},{"type":"Feature","properties":{},"geometry":{"type":"LineString","coordinates":[[-5.12061,33.53851],[-5.12032,33.53879]]}},{"type":"Feature","properties":{},"geometry":{"type":"LineString","coordinates":[[-5.12025,33.53821],[-5.12064,33.53787]]}},{"type":"Feature","properties":{},"geometry":{"type":"LineString","coordinates":[[-5.1201,33.53807],[-5.1205,33.53776]]}},{"type":"Feature","properties":{},"geometry":{"type":"LineString","coordinates":[[-5.11996,33.53796],[-5.12034,33.53762]]}},{"type":"Feature","properties":{},"geometry":{"type":"LineString","coordinates":[[-5.11981,33.53783],[-5.12088,33.53874]]}},{"type":"Feature","properties":{},"geometry":{"type":"LineString","coordinates":[[-5.11963,33.538],[-5.12017,33.53749]]}},{"type":"Feature","properties":{},"geometry":{"type":"LineString","coordinates":[[-5.11957,33.53795],[-5.12045,33.53864]]}},{"type":"Feature","properties":{},"geometry":{"type":"LineString","coordinates":[[-5.11805,33.53855],[-5.11785,33.53844]]}},{"type":"Feature","properties":{},"geometry":{"type":"LineString","coordinates":[[-5.02657,33.2732],[-5.02712,33.27383],[-5.02669,33.27408]]}},{"type":"Feature","properties":{},"geometry":{"type":"LineString","coordinates":[[-5.01534,33.26797],[-5.01655,33.26958],[-5.01699,33.2705],[-5.01739,33.27077],[-5.01857,33.27106],[-5.01919,33.27162],[-5.02009,33.27138],[-5.02264,33.27114],[-5.02298,33.27131],[-5.02436,33.27287],[-5.02471,33.27289],[-5.0254,33.27255],[-5.0264,33.27331],[-5.02726,33.27268]]}},{"type":"Feature","properties":{},"geometry":{"type":"LineString","coordinates":[[-5.37807,33.68653],[-5.37868,33.68608],[-5.3794,33.68607]]}},{"type":"Feature","properties":{},"geometry":{"type":"LineString","coordinates":[[-5.00926,33.27212],[-5.00993,33.27275],[-5.01019,33.27332],[-5.0108,33.27642],[-5.01085,33.27908],[-5.0115,33.28113]]}},{"type":"Feature","properties":{},"geometry":{"type":"LineString","coordinates":[[-5.00922,33.27215],[-5.00906,33.27119],[-5.00974,33.27055],[-5.01006,33.26923],[-5.01388,33.26561],[-5.01412,33.26486],[-5.01484,33.26442],[-5.01529,33.2635],[-5.01489,33.26251],[-5.01379,33.26128],[-5.01167,33.25978]]}},{"type":"Feature","properties":{},"geometry":{"type":"LineString","coordinates":[[-5.60468,33.60833],[-5.60493,33.60943],[-5.60451,33.60998],[-5.60466,33.61027],[-5.60451,33.61074],[-5.60466,33.61114],[-5.60458,33.61155],[-5.60487,33.61176],[-5.60501,33.61224],[-5.60522,33.6124],[-5.60565,33.61356],[-5.60658,33.61411],[-5.60699,33.61558],[-5.60737,33.615],[-5.60725,33.61433],[-5.60767,33.61314],[-5.6077,33.61248]]}},{"type":"Feature","properties":{},"geometry":{"type":"LineString","coordinates":[[-5.62042,33.62292],[-5.6214,33.62242],[-5.62296,33.62262],[-5.62339,33.62232],[-5.62396,33.62254],[-5.62419,33.62295],[-5.62424,33.62315],[-5.62348,33.625],[-5.62331,33.62597],[-5.62162,33.62901],[-5.62189,33.62938],[-5.62261,33.6295]]}},{"type":"Feature","properties":{},"geometry":{"type":"LineString","coordinates":[[-5.60565,33.61356],[-5.60548,33.61426],[-5.60554,33.61566],[-5.6057,33.61591],[-5.60559,33.61665],[-5.60478,33.61804],[-5.60367,33.61908]]}},{"type":"Feature","properties":{},"geometry":{"type":"LineString","coordinates":[[-5.60123,33.6074],[-5.60126,33.60791],[-5.60084,33.6085],[-5.60073,33.60895],[-5.60115,33.61005],[-5.60139,33.61209],[-5.60095,33.61268],[-5.60134,33.61296],[-5.60153,33.61354],[-5.60057,33.6144]]}},{"type":"Feature","properties":{},"geometry":{"type":"LineString","coordinates":[[-5.11865,33.22913],[-5.11921,33.2286],[-5.12018,33.22717],[-5.12162,33.22681],[-5.12255,33.22665],[-5.1247,33.22704],[-5.127,33.2272],[-5.12819,33.22677],[-5.12939,33.22661],[-5.13082,33.22553],[-5.13323,33.22427],[-5.13431,33.22401],[-5.1347,33.22406],[-5.13572,33.22468],[-5.13589,33.22516],[-5.1364,33.22517]]}},{"type":"Feature","properties":{},"geometry":{"type":"LineString","coordinates":[[-5.12176,33.23231],[-5.1234,33.23191],[-5.12585,33.23173]]}},{"type":"Feature","properties":{},"geometry":{"type":"LineString","coordinates":[[-5.60513,33.63339],[-5.60394,33.63277],[-5.60274,33.63309],[-5.60252,33.63295]]}},{"type":"Feature","properties":{},"geometry":{"type":"LineString","coordinates":[[-5.60533,33.63515],[-5.60518,33.63303],[-5.60466,33.63078],[-5.60465,33.63017],[-5.60304,33.62929],[-5.6019,33.62929]]}},{"type":"Feature","properties":{},"geometry":{"type":"LineString","coordinates":[[-5.61197,33.63143],[-5.60973,33.63002]]}},{"type":"Feature","properties":{},"geometry":{"type":"LineString","coordinates":[[-5.61296,33.63028],[-5.61176,33.62887],[-5.61129,33.62933],[-5.61005,33.62915]]}},{"type":"Feature","properties":{},"geometry":{"type":"LineString","coordinates":[[-5.61539,33.63267],[-5.61626,33.63318]]}},{"type":"Feature","properties":{},"geometry":{"type":"LineString","coordinates":[[-5.61191,33.63251],[-5.61295,33.63301],[-5.61339,33.63306],[-5.61447,33.63253],[-5.61539,33.63267],[-5.61629,33.6325],[-5.61822,33.63365],[-5.61859,33.63495]]}},{"type":"Feature","properties":{},"geometry":{"type":"LineString","coordinates":[[-5.61225,33.63398],[-5.61381,33.63396],[-5.6147,33.63378]]}},{"type":"Feature","properties":{},"geometry":{"type":"LineString","coordinates":[[-5.52482,33.48347],[-5.52411,33.48319],[-5.52383,33.48252],[-5.52269,33.48174]]}},{"type":"Feature","properties":{},"geometry":{"type":"LineString","coordinates":[[-5.50941,33.49981],[-5.5092,33.50046],[-5.50921,33.50102],[-5.50754,33.50256],[-5.50679,33.50354]]}},{"type":"Feature","properties":{},"geometry":{"type":"LineString","coordinates":[[-5.49212,33.49543],[-5.49486,33.49578],[-5.49914,33.4966],[-5.50896,33.49964],[-5.51036,33.50047],[-5.51105,33.50163]]}},{"type":"Feature","properties":{},"geometry":{"type":"LineString","coordinates":[[-5.49197,33.49538],[-5.49212,33.49543]]}},{"type":"Feature","properties":{},"geometry":{"type":"LineString","coordinates":[[-5.47999,33.49377],[-5.48278,33.49399],[-5.48835,33.49507],[-5.49197,33.49538]]}},{"type":"Feature","properties":{},"geometry":{"type":"LineString","coordinates":[[-5.42304,33.52879],[-5.42243,33.52976],[-5.42042,33.53222],[-5.41857,33.53521],[-5.41538,33.53882],[-5.41413,33.5407]]}},{"type":"Feature","properties":{},"geometry":{"type":"LineString","coordinates":[[-5.67269,33.45408],[-5.67247,33.45359],[-5.67099,33.45305],[-5.67111,33.45214]]}},{"type":"Feature","properties":{},"geometry":{"type":"LineString","coordinates":[[-5.67216,33.45766],[-5.67205,33.45762],[-5.67212,33.45736],[-5.67178,33.45697],[-5.6727,33.45489],[-5.67269,33.45408]]}},{"type":"Feature","properties":{},"geometry":{"type":"LineString","coordinates":[[-5.69957,33.46618],[-5.702,33.46631]]}},{"type":"Feature","properties":{},"geometry":{"type":"LineString","coordinates":[[-5.70393,33.46605],[-5.70368,33.46642],[-5.70326,33.46667]]}},{"type":"Feature","properties":{},"geometry":{"type":"LineString","coordinates":[[-5.702,33.46631],[-5.7028,33.46613],[-5.70327,33.46662],[-5.70279,33.46721],[-5.70207,33.46756]]}},{"type":"Feature","properties":{},"geometry":{"type":"LineString","coordinates":[[-5.70215,33.46496],[-5.70222,33.46541],[-5.70203,33.46625],[-5.70152,33.46728]]}},{"type":"Feature","properties":{},"geometry":{"type":"LineString","coordinates":[[-5.72787,33.47413],[-5.72843,33.47451],[-5.72914,33.47467],[-5.72971,33.47472],[-5.73042,33.47452],[-5.73084,33.47465]]}},{"type":"Feature","properties":{},"geometry":{"type":"LineString","coordinates":[[-5.72292,33.4742],[-5.72423,33.4745],[-5.72544,33.47389],[-5.7266,33.47415],[-5.72787,33.47413]]}},{"type":"Feature","properties":{},"geometry":{"type":"LineString","coordinates":[[-5.70178,33.47207],[-5.70274,33.47265],[-5.70323,33.4719],[-5.70431,33.47121]]}},{"type":"Feature","properties":{},"geometry":{"type":"LineString","coordinates":[[-5.73084,33.47465],[-5.73116,33.47455],[-5.73123,33.4742],[-5.73234,33.47312],[-5.73276,33.47292]]}},{"type":"Feature","properties":{},"geometry":{"type":"LineString","coordinates":[[-5.70542,33.47588],[-5.70192,33.47853],[-5.70114,33.47951]]}},{"type":"Feature","properties":{},"geometry":{"type":"LineString","coordinates":[[-5.70114,33.47951],[-5.69983,33.47928],[-5.699,33.47938],[-5.69809,33.48049],[-5.69816,33.48142]]}},{"type":"Feature","properties":{},"geometry":{"type":"LineString","coordinates":[[-5.6852,33.46197],[-5.68341,33.46232],[-5.68223,33.4631]]}},{"type":"Feature","properties":{},"geometry":{"type":"LineString","coordinates":[[-4.95724,33.29036],[-4.95752,33.29045],[-4.95752,33.29067],[-4.95826,33.29101],[-4.95921,33.29216],[-4.95981,33.2925]]}},{"type":"Feature","properties":{},"geometry":{"type":"LineString","coordinates":[[-4.95796,33.28706],[-4.95744,33.28677],[-4.95665,33.28668],[-4.95566,33.28708]]}},{"type":"Feature","properties":{},"geometry":{"type":"LineString","coordinates":[[-4.966,33.2824],[-4.96769,33.28155]]}},{"type":"Feature","properties":{},"geometry":{"type":"LineString","coordinates":[[-4.96517,33.28343],[-4.96534,33.28276],[-4.966,33.2824]]}},{"type":"Feature","properties":{},"geometry":{"type":"LineString","coordinates":[[-4.96004,33.28487],[-4.95806,33.28472],[-4.95581,33.28418],[-4.95509,33.28381],[-4.95495,33.28364],[-4.95517,33.28271],[-4.9557,33.28129],[-4.95557,33.2809],[-4.95539,33.28081]]}},{"type":"Feature","properties":{},"geometry":{"type":"LineString","coordinates":[[-4.96122,33.28619],[-4.96086,33.28561],[-4.96004,33.28487]]}},{"type":"Feature","properties":{},"geometry":{"type":"LineString","coordinates":[[-4.96593,33.28346],[-4.96566,33.28332],[-4.96474,33.2835],[-4.96406,33.2832],[-4.96209,33.28397],[-4.96131,33.28451],[-4.96004,33.28487]]}},{"type":"Feature","properties":{},"geometry":{"type":"LineString","coordinates":[[-4.966,33.2824],[-4.96593,33.28346],[-4.96618,33.2839],[-4.96709,33.28463]]}},{"type":"Feature","properties":{},"geometry":{"type":"LineString","coordinates":[[-4.96688,33.29494],[-4.96682,33.29557],[-4.96732,33.29654],[-4.96689,33.29694]]}},{"type":"Feature","properties":{},"geometry":{"type":"LineString","coordinates":[[-4.95667,33.29408],[-4.95613,33.29396]]}},{"type":"Feature","properties":{},"geometry":{"type":"LineString","coordinates":[[-4.95547,33.2965],[-4.95465,33.29758],[-4.95345,33.29963],[-4.95142,33.30212],[-4.95173,33.30296],[-4.95223,33.30347]]}},{"type":"Feature","properties":{},"geometry":{"type":"LineString","coordinates":[[-5.01099,33.71401],[-5.01042,33.71415],[-5.01015,33.71457],[-5.01018,33.71522],[-5.00982,33.71632],[-5.01001,33.71696],[-5.00996,33.71851]]}},{"type":"Feature","properties":{},"geometry":{"type":"LineString","coordinates":[[-5.00996,33.71851],[-5.00983,33.72019]]}},{"type":"Feature","properties":{},"geometry":{"type":"LineString","coordinates":[[-5.00458,33.72303],[-5.00346,33.72239]]}},{"type":"Feature","properties":{},"geometry":{"type":"LineString","coordinates":[[-5.00557,33.72272],[-5.00472,33.72283]]}},{"type":"Feature","properties":{},"geometry":{"type":"LineString","coordinates":[[-5.00427,33.72181],[-5.00368,33.72158],[-5.00331,33.72111],[-5.00245,33.72136],[-5.00239,33.72166],[-5.00305,33.72224],[-5.00317,33.7226]]}},{"type":"Feature","properties":{},"geometry":{"type":"LineString","coordinates":[[-5.00158,33.72378],[-5.00052,33.72329],[-5.00107,33.7221],[-5.0003,33.72143],[-4.99988,33.72075]]}},{"type":"Feature","properties":{},"geometry":{"type":"LineString","coordinates":[[-5.00227,33.72583],[-5.00067,33.72503]]}},{"type":"Feature","properties":{},"geometry":{"type":"LineString","coordinates":[[-5.00208,33.72611],[-5.00048,33.7253]]}},{"type":"Feature","properties":{},"geometry":{"type":"LineString","coordinates":[[-5.0031,33.72596],[-5.00231,33.72716]]}},{"type":"Feature","properties":{},"geometry":{"type":"LineString","coordinates":[[-5.00403,33.71701],[-5.00445,33.71683],[-5.0047,33.71646],[-5.00439,33.71467],[-5.00477,33.71403]]}},{"type":"Feature","properties":{},"geometry":{"type":"LineString","coordinates":[[-5.00936,33.71845],[-5.00937,33.71822],[-5.00893,33.71778],[-5.00779,33.71693],[-5.00666,33.71685],[-5.00598,33.71719],[-5.00445,33.71683]]}},{"type":"Feature","properties":{},"geometry":{"type":"LineString","coordinates":[[-5.00625,33.72471],[-5.00729,33.7246],[-5.00751,33.7247],[-5.00744,33.72537],[-5.00645,33.72531]]}},{"type":"Feature","properties":{},"geometry":{"type":"LineString","coordinates":[[-5.00698,33.71697],[-5.00713,33.7174],[-5.00698,33.71783]]}},{"type":"Feature","properties":{},"geometry":{"type":"LineString","coordinates":[[-5.00806,33.71719],[-5.00764,33.71803]]}},{"type":"Feature","properties":{},"geometry":{"type":"LineString","coordinates":[[-5.0059,33.71752],[-5.00598,33.71719]]}},{"type":"Feature","properties":{},"geometry":{"type":"LineString","coordinates":[[-4.72209,33.71522],[-4.72185,33.71653],[-4.72198,33.71722],[-4.72159,33.71738]]}},{"type":"Feature","properties":{},"geometry":{"type":"LineString","coordinates":[[-4.72409,33.71465],[-4.72199,33.71214],[-4.72176,33.71158],[-4.72106,33.71066],[-4.71975,33.7098],[-4.71953,33.71057],[-4.71899,33.71143],[-4.71838,33.71294],[-4.71923,33.71419],[-4.71938,33.71513],[-4.71989,33.71583]]}},{"type":"Feature","properties":{},"geometry":{"type":"LineString","coordinates":[[-4.72941,33.71759],[-4.72867,33.71745],[-4.72792,33.7164],[-4.7268,33.71548],[-4.72544,33.71467],[-4.72474,33.71457]]}},{"type":"Feature","properties":{},"geometry":{"type":"LineString","coordinates":[[-4.72439,33.72181],[-4.72547,33.7223],[-4.72786,33.724],[-4.72867,33.72333]]}},{"type":"Feature","properties":{},"geometry":{"type":"LineString","coordinates":[[-4.72495,33.72303],[-4.72413,33.72372],[-4.72359,33.72363],[-4.72183,33.7244],[-4.72158,33.72478]]}},{"type":"Feature","properties":{},"geometry":{"type":"LineString","coordinates":[[-4.71901,33.71831],[-4.7184,33.71839]]}},{"type":"Feature","properties":{},"geometry":{"type":"LineString","coordinates":[[-4.71944,33.71852],[-4.719,33.7183],[-4.71894,33.71776],[-4.71855,33.71747]]}},{"type":"Feature","properties":{},"geometry":{"type":"LineString","coordinates":[[-4.71703,33.71886],[-4.7179,33.71918],[-4.71796,33.71908],[-4.71781,33.71745],[-4.7171,33.71752]]}},{"type":"Feature","properties":{},"geometry":{"type":"LineString","coordinates":[[-4.72017,33.71839],[-4.71945,33.71851],[-4.71934,33.71899],[-4.71907,33.71904],[-4.71874,33.71901],[-4.71874,33.71871],[-4.71847,33.71841],[-4.71788,33.71847]]}},{"type":"Feature","properties":{},"geometry":{"type":"LineString","coordinates":[[-4.72061,33.71656],[-4.72028,33.71711],[-4.72009,33.71807],[-4.72053,33.71907]]}},{"type":"Feature","properties":{},"geometry":{"type":"LineString","coordinates":[[-4.72034,33.71699],[-4.71932,33.71641]]}},{"type":"Feature","properties":{},"geometry":{"type":"LineString","coordinates":[[-4.7198,33.71579],[-4.71884,33.71691],[-4.71854,33.71749],[-4.71787,33.71773]]}},{"type":"Feature","properties":{},"geometry":{"type":"LineString","coordinates":[[-4.71954,33.71544],[-4.71892,33.71554],[-4.71854,33.71542],[-4.71847,33.71496]]}},{"type":"Feature","properties":{},"geometry":{"type":"LineString","coordinates":[[-4.71937,33.71494],[-4.71796,33.71504]]}},{"type":"Feature","properties":{},"geometry":{"type":"LineString","coordinates":[[-5.00505,33.71707],[-5.00499,33.71724]]}},{"type":"Feature","properties":{},"geometry":{"type":"LineString","coordinates":[[-4.95303,33.29021],[-4.95264,33.29034],[-4.95234,33.28998],[-4.95154,33.28977],[-4.95133,33.28931]]}},{"type":"Feature","properties":{},"geometry":{"type":"LineString","coordinates":[[-5.22153,33.43882],[-5.2208,33.43889],[-5.22043,33.43821],[-5.21963,33.43775]]}},{"type":"Feature","properties":{},"geometry":{"type":"LineString","coordinates":[[-5.67729,33.25537],[-5.67764,33.25593],[-5.67749,33.25653]]}},{"type":"Feature","properties":{},"geometry":{"type":"LineString","coordinates":[[-5.6775,33.25808],[-5.67763,33.25723],[-5.67739,33.2563],[-5.67633,33.25547],[-5.67612,33.25508]]}},{"type":"Feature","properties":{},"geometry":{"type":"LineString","coordinates":[[-5.67075,33.25926],[-5.67406,33.25881],[-5.67526,33.25842],[-5.67643,33.25835],[-5.67784,33.258]]}},{"type":"Feature","properties":{},"geometry":{"type":"LineString","coordinates":[[-5.63838,33.21535],[-5.63722,33.21493],[-5.63705,33.21471],[-5.6373,33.21443]]}},{"type":"Feature","properties":{},"geometry":{"type":"LineString","coordinates":[[-5.63244,33.21341],[-5.63286,33.21324],[-5.63548,33.214],[-5.6371,33.21496],[-5.63834,33.21539]]}},{"type":"Feature","properties":{},"geometry":{"type":"LineString","coordinates":[[-5.6378,33.23193],[-5.64107,33.23161],[-5.64545,33.23007],[-5.64947,33.22939],[-5.65072,33.22895],[-5.65342,33.22714],[-5.65481,33.22652],[-5.65968,33.22521],[-5.66389,33.225],[-5.67022,33.22411],[-5.67363,33.22334],[-5.67527,33.22332],[-5.67566,33.22341],[-5.67631,33.22439],[-5.67816,33.22525],[-5.67961,33.22616]]}},{"type":"Feature","properties":{},"geometry":{"type":"LineString","coordinates":[[-5.66035,33.25661],[-5.66073,33.25721],[-5.66123,33.25864],[-5.66199,33.25965]]}},{"type":"Feature","properties":{},"geometry":{"type":"LineString","coordinates":[[-5.65453,33.25871],[-5.65475,33.25961],[-5.65554,33.26023]]}},{"type":"Feature","properties":{},"geometry":{"type":"LineString","coordinates":[[-5.65611,33.25789],[-5.65604,33.25821],[-5.6563,33.25868],[-5.65638,33.25939],[-5.65708,33.25984]]}},{"type":"Feature","properties":{},"geometry":{"type":"LineString","coordinates":[[-5.66909,33.25881],[-5.6691,33.25946],[-5.66894,33.25969],[-5.66941,33.26004]]}},{"type":"Feature","properties":{},"geometry":{"type":"LineString","coordinates":[[-5.67571,33.2597],[-5.67598,33.26041],[-5.67544,33.26121]]}},{"type":"Feature","properties":{},"geometry":{"type":"LineString","coordinates":[[-5.65058,33.25993],[-5.65136,33.26103],[-5.65163,33.26215],[-5.65238,33.26357],[-5.65449,33.26459],[-5.65538,33.26531],[-5.65663,33.26593],[-5.65708,33.26633],[-5.6581,33.26608]]}},{"type":"Feature","properties":{},"geometry":{"type":"LineString","coordinates":[[-5.66308,33.21976],[-5.66855,33.21945],[-5.66939,33.21902],[-5.67039,33.2182],[-5.67118,33.21802],[-5.67172,33.21762]]}},{"type":"Feature","properties":{},"geometry":{"type":"LineString","coordinates":[[-5.63929,33.21458],[-5.63968,33.21502],[-5.64043,33.21536],[-5.64347,33.216],[-5.6441,33.21586],[-5.64487,33.21615],[-5.64627,33.21625],[-5.65379,33.21815],[-5.6556,33.21889],[-5.65924,33.21922],[-5.66089,33.21973],[-5.66276,33.21972],[-5.66533,33.22017],[-5.66794,33.22108],[-5.66947,33.22137],[-5.6718,33.22215],[-5.67381,33.22303],[-5.67415,33.22334]]}},{"type":"Feature","properties":{},"geometry":{"type":"LineString","coordinates":[[-5.64018,33.2217],[-5.64001,33.22227],[-5.63912,33.22182],[-5.63531,33.22246]]}},{"type":"Feature","properties":{},"geometry":{"type":"LineString","coordinates":[[-5.61419,33.23346],[-5.61328,33.23353],[-5.61249,33.23389],[-5.61191,33.23387],[-5.61146,33.23431]]}},{"type":"Feature","properties":{},"geometry":{"type":"LineString","coordinates":[[-4.93784,33.31373],[-4.93614,33.31175],[-4.93489,33.30983]]}},{"type":"Feature","properties":{},"geometry":{"type":"LineString","coordinates":[[-4.95142,33.30212],[-4.95092,33.30261],[-4.95065,33.30264],[-4.94932,33.30212],[-4.94794,33.30133],[-4.94489,33.30034],[-4.94252,33.30039]]}},{"type":"Feature","properties":{},"geometry":{"type":"LineString","coordinates":[[-5.61668,33.24058],[-5.61622,33.24033],[-5.61544,33.24042]]}},{"type":"Feature","properties":{},"geometry":{"type":"LineString","coordinates":[[-5.61382,33.23616],[-5.61181,33.23722],[-5.6114,33.23787],[-5.60953,33.23878],[-5.60903,33.23942]]}},{"type":"Feature","properties":{},"geometry":{"type":"LineString","coordinates":[[-5.6162,33.23934],[-5.61397,33.24022],[-5.61278,33.24099],[-5.61184,33.24112],[-5.61043,33.24187],[-5.60813,33.24432],[-5.60747,33.24514],[-5.60741,33.24542],[-5.60695,33.24565],[-5.60661,33.24618],[-5.60591,33.2467],[-5.60586,33.24693],[-5.60546,33.247],[-5.60492,33.24744],[-5.60385,33.24775]]}},{"type":"Feature","properties":{},"geometry":{"type":"LineString","coordinates":[[-5.61702,33.23411],[-5.61634,33.2344]]}},{"type":"Feature","properties":{},"geometry":{"type":"LineString","coordinates":[[-5.61634,33.2344],[-5.61606,33.23435],[-5.61596,33.2341]]}},{"type":"Feature","properties":{},"geometry":{"type":"LineString","coordinates":[[-5.61624,33.23365],[-5.61702,33.23411]]}},{"type":"Feature","properties":{},"geometry":{"type":"LineString","coordinates":[[-5.61591,33.23352],[-5.61633,33.23366],[-5.61752,33.23339],[-5.61861,33.23336],[-5.61972,33.23363],[-5.62031,33.2336],[-5.62278,33.23251],[-5.6265,33.23269],[-5.62665,33.23292],[-5.62814,33.23285]]}},{"type":"Feature","properties":{},"geometry":{"type":"LineString","coordinates":[[-5.61579,33.23317],[-5.61596,33.2341],[-5.61589,33.23444],[-5.61526,33.23514],[-5.61543,33.23562]]}},{"type":"Feature","properties":{},"geometry":{"type":"LineString","coordinates":[[-5.61724,33.23866],[-5.61763,33.23901]]}},{"type":"Feature","properties":{},"geometry":{"type":"LineString","coordinates":[[-5.61763,33.23901],[-5.61675,33.23969],[-5.61652,33.24007]]}},{"type":"Feature","properties":{},"geometry":{"type":"LineString","coordinates":[[-5.63817,33.23343],[-5.63517,33.23204],[-5.63451,33.23194],[-5.63018,33.2323],[-5.62829,33.23274],[-5.62117,33.2361],[-5.61904,33.23677],[-5.61817,33.23736],[-5.61696,33.23907],[-5.6162,33.23934]]}},{"type":"Feature","properties":{},"geometry":{"type":"LineString","coordinates":[[-5.49433,33.25702],[-5.49409,33.2575],[-5.49408,33.25826],[-5.49391,33.25865],[-5.49434,33.25985],[-5.49517,33.26055]]}},{"type":"Feature","properties":{},"geometry":{"type":"LineString","coordinates":[[-5.52256,33.25448],[-5.52147,33.2528],[-5.5209,33.25265]]}},{"type":"Feature","properties":{},"geometry":{"type":"LineString","coordinates":[[-5.49644,33.2566],[-5.49669,33.25759],[-5.49643,33.25853],[-5.49674,33.25926],[-5.4963,33.26013],[-5.49593,33.26039],[-5.49601,33.26093]]}},{"type":"Feature","properties":{},"geometry":{"type":"LineString","coordinates":[[-5.50504,33.2283],[-5.50614,33.22801],[-5.50765,33.2273],[-5.50903,33.22635],[-5.50934,33.22665],[-5.51066,33.22626],[-5.51225,33.22628],[-5.51298,33.22603],[-5.51373,33.226],[-5.51885,33.22356],[-5.51998,33.22366],[-5.52053,33.2235],[-5.52181,33.22349],[-5.52438,33.22373],[-5.52533,33.22411],[-5.52583,33.224],[-5.52614,33.22416],[-5.52685,33.22404],[-5.52906,33.22274],[-5.52971,33.22257],[-5.53155,33.22321]]}},{"type":"Feature","properties":{},"geometry":{"type":"LineString","coordinates":[[-4.95325,33.30466],[-4.95287,33.30496],[-4.95236,33.30579],[-4.95254,33.30616],[-4.95249,33.30642],[-4.95173,33.30718],[-4.95134,33.3079],[-4.95118,33.30871],[-4.95071,33.30932],[-4.94945,33.31057],[-4.94807,33.31136],[-4.94733,33.31305],[-4.94752,33.31369]]}},{"type":"Feature","properties":{},"geometry":{"type":"LineString","coordinates":[[-4.95308,33.3039],[-4.95331,33.30418],[-4.95326,33.30471],[-4.95424,33.30538],[-4.95434,33.30586],[-4.95371,33.30912],[-4.95281,33.31036],[-4.95255,33.31131],[-4.95174,33.31311]]}},{"type":"Feature","properties":{},"geometry":{"type":"LineString","coordinates":[[-5.6448,33.22911],[-5.64375,33.22796],[-5.64336,33.22785]]}},{"type":"Feature","properties":{},"geometry":{"type":"LineString","coordinates":[[-5.64527,33.22873],[-5.64476,33.22915],[-5.64356,33.23066]]}},{"type":"Feature","properties":{},"geometry":{"type":"LineString","coordinates":[[-5.62823,33.26042],[-5.62801,33.26074],[-5.62798,33.26155],[-5.62761,33.26235],[-5.6282,33.26326],[-5.62827,33.26386]]}},{"type":"Feature","properties":{},"geometry":{"type":"LineString","coordinates":[[-5.63114,33.26309],[-5.62852,33.26385],[-5.62523,33.26427],[-5.62454,33.2646]]}},{"type":"Feature","properties":{},"geometry":{"type":"LineString","coordinates":[[-5.6318,33.26266],[-5.6319,33.26231],[-5.63108,33.26211],[-5.6308,33.26156]]}},{"type":"Feature","properties":{},"geometry":{"type":"LineString","coordinates":[[-5.62442,33.2645],[-5.62415,33.26454],[-5.6239,33.26518],[-5.6233,33.26576]]}},{"type":"Feature","properties":{},"geometry":{"type":"LineString","coordinates":[[-5.62026,33.26094],[-5.62013,33.26077],[-5.62029,33.26009]]}},{"type":"Feature","properties":{},"geometry":{"type":"LineString","coordinates":[[-5.62422,33.24952],[-5.6244,33.25014],[-5.6243,33.25039],[-5.62465,33.25049],[-5.62469,33.25089],[-5.62395,33.25199],[-5.62257,33.25269],[-5.62152,33.25368],[-5.62061,33.25424],[-5.62049,33.25455],[-5.62012,33.25482],[-5.61946,33.25468],[-5.61879,33.25518]]}},{"type":"Feature","properties":{},"geometry":{"type":"LineString","coordinates":[[-4.95416,33.30531],[-4.95595,33.30554],[-4.95596,33.30605],[-4.95632,33.30651],[-4.95788,33.30727],[-4.95845,33.3078]]}},{"type":"Feature","properties":{},"geometry":{"type":"LineString","coordinates":[[-4.95402,33.30759],[-4.9551,33.30918],[-4.95566,33.30968],[-4.95583,33.31036],[-4.9566,33.3118],[-4.95706,33.31178],[-4.95754,33.31154],[-4.95789,33.31179],[-4.95829,33.31181],[-4.95889,33.31228],[-4.95948,33.31229]]}},{"type":"Feature","properties":{},"geometry":{"type":"LineString","coordinates":[[-5.62605,33.21095],[-5.62601,33.21125],[-5.62639,33.21178],[-5.62637,33.21224],[-5.62667,33.21246]]}},{"type":"Feature","properties":{},"geometry":{"type":"LineString","coordinates":[[-5.62667,33.21246],[-5.62637,33.21285],[-5.62528,33.21365],[-5.62521,33.21429],[-5.62543,33.21488]]}},{"type":"Feature","properties":{},"geometry":{"type":"LineString","coordinates":[[-5.63075,33.21228],[-5.6298,33.21317]]}},{"type":"Feature","properties":{},"geometry":{"type":"LineString","coordinates":[[-5.62973,33.21188],[-5.62913,33.21289]]}},{"type":"Feature","properties":{},"geometry":{"type":"LineString","coordinates":[[-5.62353,33.21179],[-5.6233,33.21156],[-5.62315,33.2109]]}},{"type":"Feature","properties":{},"geometry":{"type":"LineString","coordinates":[[-5.62164,33.21133],[-5.62226,33.2128],[-5.62229,33.21336]]}},{"type":"Feature","properties":{},"geometry":{"type":"LineString","coordinates":[[-5.62229,33.21336],[-5.62163,33.21384],[-5.62188,33.21432],[-5.62223,33.21449]]}},{"type":"Feature","properties":{},"geometry":{"type":"LineString","coordinates":[[-5.626,33.22566],[-5.62479,33.22565],[-5.62103,33.22474]]}},{"type":"Feature","properties":{},"geometry":{"type":"LineString","coordinates":[[-5.62898,33.22336],[-5.62759,33.22154],[-5.62697,33.22121],[-5.62634,33.22118]]}},{"type":"Feature","properties":{},"geometry":{"type":"LineString","coordinates":[[-5.63189,33.22115],[-5.63016,33.22015],[-5.62904,33.22016],[-5.62837,33.21986],[-5.62765,33.22007],[-5.62723,33.22003],[-5.62674,33.21972],[-5.62652,33.21893]]}},{"type":"Feature","properties":{},"geometry":{"type":"LineString","coordinates":[[-5.63739,33.22724],[-5.63673,33.22756]]}},{"type":"Feature","properties":{},"geometry":{"type":"LineString","coordinates":[[-5.63766,33.23136],[-5.6384,33.23114],[-5.639,33.23072]]}},{"type":"Feature","properties":{},"geometry":{"type":"LineString","coordinates":[[-5.639,33.23072],[-5.63849,33.22931],[-5.63739,33.22724]]}},{"type":"Feature","properties":{},"geometry":{"type":"LineString","coordinates":[[-5.67432,32.96094],[-5.67419,32.9603],[-5.67358,32.96018]]}},{"type":"Feature","properties":{},"geometry":{"type":"LineString","coordinates":[[-5.67477,32.96086],[-5.67437,32.96095],[-5.67338,32.96079]]}},{"type":"Feature","properties":{},"geometry":{"type":"LineString","coordinates":[[-5.67492,32.96148],[-5.67448,32.95978],[-5.67407,32.9589]]}},{"type":"Feature","properties":{},"geometry":{"type":"LineString","coordinates":[[-4.89633,33.34638],[-4.89811,33.34576],[-4.89878,33.34479],[-4.89974,33.34411],[-4.90362,33.34284],[-4.90424,33.34236],[-4.90486,33.34097],[-4.90572,33.34106],[-4.90678,33.34035]]}},{"type":"Feature","properties":{},"geometry":{"type":"LineString","coordinates":[[-4.89946,33.33345],[-4.89976,33.33429],[-4.90072,33.33421]]}},{"type":"Feature","properties":{},"geometry":{"type":"LineString","coordinates":[[-4.9031,33.34008],[-4.90217,33.34051],[-4.90117,33.34074],[-4.90055,33.34123]]}},{"type":"Feature","properties":{},"geometry":{"type":"LineString","coordinates":[[-5.67378,32.95964],[-5.67222,32.95948],[-5.67074,32.9587],[-5.67017,32.95876],[-5.6695,32.95804]]}},{"type":"Feature","properties":{},"geometry":{"type":"LineString","coordinates":[[-5.66565,33.23124],[-5.6658,33.23206],[-5.6655,33.23323],[-5.66519,33.23379],[-5.6646,33.23422]]}},{"type":"Feature","properties":{},"geometry":{"type":"LineString","coordinates":[[-5.65591,33.2262],[-5.65781,33.22727],[-5.66129,33.22845],[-5.66238,33.22929],[-5.66336,33.22963],[-5.66421,33.23041],[-5.66658,33.23181],[-5.66757,33.23277],[-5.6695,33.23595],[-5.66967,33.23716],[-5.67007,33.23774],[-5.6704,33.2391],[-5.6703,33.24026],[-5.66976,33.24126],[-5.66939,33.24155],[-5.66924,33.24231],[-5.66818,33.24397],[-5.66724,33.24485],[-5.66549,33.24581]]}},{"type":"Feature","properties":{},"geometry":{"type":"LineString","coordinates":[[-5.61436,33.21817],[-5.61412,33.2182],[-5.61394,33.21847]]}},{"type":"Feature","properties":{},"geometry":{"type":"LineString","coordinates":[[-5.61394,33.21847],[-5.61246,33.21743]]}},{"type":"Feature","properties":{},"geometry":{"type":"LineString","coordinates":[[-5.61591,33.22052],[-5.61379,33.21954],[-5.61394,33.21847]]}},{"type":"Feature","properties":{},"geometry":{"type":"LineString","coordinates":[[-5.52649,33.23019],[-5.52613,33.22999],[-5.52474,33.22977],[-5.52317,33.23011],[-5.52225,33.22976],[-5.52045,33.22954],[-5.51907,33.22975],[-5.51846,33.23143],[-5.51668,33.23082]]}},{"type":"Feature","properties":{},"geometry":{"type":"LineString","coordinates":[[-5.55349,33.25697],[-5.55271,33.25715],[-5.55083,33.25724],[-5.54906,33.25698],[-5.54732,33.25629],[-5.547,33.256],[-5.54656,33.25589],[-5.54616,33.25547],[-5.54281,33.25486]]}},{"type":"Feature","properties":{},"geometry":{"type":"LineString","coordinates":[[-5.52897,33.2451],[-5.52811,33.24541],[-5.5273,33.2454],[-5.52679,33.24563],[-5.52505,33.24487],[-5.52362,33.24449],[-5.52286,33.24455],[-5.52102,33.24418]]}},{"type":"Feature","properties":{},"geometry":{"type":"LineString","coordinates":[[-5.5154,33.23581],[-5.51629,33.23619],[-5.51687,33.23625],[-5.51759,33.23694],[-5.51814,33.23719],[-5.51951,33.23681],[-5.52148,33.2356],[-5.52307,33.23401],[-5.52353,33.23281],[-5.525,33.23107],[-5.52624,33.23031],[-5.52766,33.22969],[-5.53034,33.22608],[-5.53065,33.22511],[-5.53104,33.2248],[-5.53141,33.22316]]}},{"type":"Feature","properties":{},"geometry":{"type":"LineString","coordinates":[[-5.53431,33.23038],[-5.53687,33.23016],[-5.53844,33.22902],[-5.54174,33.22706],[-5.54516,33.2261],[-5.54688,33.22525],[-5.5488,33.22514],[-5.54967,33.22536],[-5.55031,33.22576]]}},{"type":"Feature","properties":{},"geometry":{"type":"LineString","coordinates":[[-5.53112,33.23642],[-5.53348,33.23818]]}},{"type":"Feature","properties":{},"geometry":{"type":"LineString","coordinates":[[-5.53692,33.23795],[-5.536,33.23818],[-5.5352,33.2381],[-5.53494,33.23791],[-5.53482,33.23749],[-5.53388,33.23688]]}},{"type":"Feature","properties":{},"geometry":{"type":"LineString","coordinates":[[-5.65674,33.23974],[-5.65817,33.23907]]}},{"type":"Feature","properties":{},"geometry":{"type":"LineString","coordinates":[[-5.65119,33.2318],[-5.65222,33.23189],[-5.65335,33.23262],[-5.65392,33.23276],[-5.65619,33.23251]]}},{"type":"Feature","properties":{},"geometry":{"type":"LineString","coordinates":[[-5.64838,33.22955],[-5.65028,33.23094],[-5.65156,33.23217],[-5.65197,33.23276],[-5.65396,33.2344],[-5.65626,33.23691],[-5.65649,33.23929],[-5.65674,33.23974]]}},{"type":"Feature","properties":{},"geometry":{"type":"LineString","coordinates":[[-5.54329,33.20579],[-5.54345,33.20606],[-5.54381,33.20615],[-5.54387,33.2064],[-5.54456,33.20715],[-5.54509,33.20739],[-5.5475,33.20763],[-5.5477,33.20789],[-5.54785,33.20856],[-5.54778,33.20952],[-5.5481,33.21096],[-5.54835,33.21169],[-5.54908,33.21291],[-5.54914,33.21376],[-5.54897,33.21485],[-5.54875,33.21508],[-5.54807,33.21489],[-5.5471,33.21494],[-5.5465,33.21548]]}},{"type":"Feature","properties":{},"geometry":{"type":"LineString","coordinates":[[-5.66809,32.95256],[-5.66702,32.95234]]}},{"type":"Feature","properties":{},"geometry":{"type":"LineString","coordinates":[[-5.66744,32.95218],[-5.66833,32.95238],[-5.66782,32.95268],[-5.66756,32.95267]]}},{"type":"Feature","properties":{},"geometry":{"type":"LineString","coordinates":[[-5.66656,32.95271],[-5.66739,32.95287]]}},{"type":"Feature","properties":{},"geometry":{"type":"LineString","coordinates":[[-5.66675,32.95298],[-5.66692,32.95256],[-5.66756,32.95267]]}},{"type":"Feature","properties":{},"geometry":{"type":"LineString","coordinates":[[-5.66634,32.95314],[-5.6664,32.95293],[-5.66716,32.95304]]}},{"type":"Feature","properties":{},"geometry":{"type":"LineString","coordinates":[[-5.6678,32.9557],[-5.66735,32.9556],[-5.66709,32.95573]]}},{"type":"Feature","properties":{},"geometry":{"type":"LineString","coordinates":[[-5.66561,32.95727],[-5.66561,32.95778],[-5.66579,32.95807],[-5.66591,32.95728]]}},{"type":"Feature","properties":{},"geometry":{"type":"LineString","coordinates":[[-4.91046,33.34736],[-4.91063,33.34761],[-4.91062,33.34834],[-4.91018,33.3489],[-4.91052,33.35093],[-4.91032,33.3521],[-4.91001,33.35277],[-4.91027,33.35329]]}},{"type":"Feature","properties":{},"geometry":{"type":"LineString","coordinates":[[-4.9532,33.30374],[-4.95308,33.3039]]}},{"type":"Feature","properties":{},"geometry":{"type":"LineString","coordinates":[[-4.95325,33.30289],[-4.9532,33.30374]]}},{"type":"Feature","properties":{},"geometry":{"type":"LineString","coordinates":[[-4.96316,33.31616],[-4.96435,33.31626],[-4.96577,33.31729],[-4.96628,33.31818],[-4.96654,33.31937],[-4.96747,33.32156],[-4.96875,33.3234],[-4.96983,33.3253],[-4.972,33.32741],[-4.97259,33.32826],[-4.97349,33.33009],[-4.97455,33.33156],[-4.97704,33.33376],[-4.97935,33.33549],[-4.98515,33.34108],[-4.98659,33.34295],[-4.99023,33.34953],[-4.99125,33.35082],[-4.99221,33.35242],[-4.99234,33.35317]]}},{"type":"Feature","properties":{},"geometry":{"type":"LineString","coordinates":[[-4.9628,33.31616],[-4.96316,33.31616]]}},{"type":"Feature","properties":{},"geometry":{"type":"LineString","coordinates":[[-4.88847,33.34974],[-4.88902,33.34964],[-4.88976,33.349],[-4.8917,33.34854],[-4.89259,33.34902],[-4.89309,33.34902],[-4.89523,33.35041],[-4.89832,33.35142],[-4.90254,33.35185],[-4.90429,33.3522],[-4.90626,33.3523],[-4.90759,33.35253],[-4.90826,33.35284],[-4.90836,33.3532],[-4.90854,33.35329],[-4.90906,33.35339],[-4.90954,33.35315],[-4.91034,33.3533]]}},{"type":"Feature","properties":{},"geometry":{"type":"LineString","coordinates":[[-4.90173,33.34351],[-4.90255,33.34446],[-4.9028,33.34446]]}},{"type":"Feature","properties":{},"geometry":{"type":"LineString","coordinates":[[-4.90148,33.34358],[-4.90162,33.34402],[-4.9014,33.34426],[-4.90152,33.34454],[-4.90139,33.34494]]}},{"type":"Feature","properties":{},"geometry":{"type":"LineString","coordinates":[[-5.36862,33.57502],[-5.36915,33.57359],[-5.36919,33.57306],[-5.36902,33.57277],[-5.36969,33.57184],[-5.36904,33.57107]]}},{"type":"Feature","properties":{},"geometry":{"type":"LineString","coordinates":[[-5.3904,33.57872],[-5.39052,33.57856]]}},{"type":"Feature","properties":{},"geometry":{"type":"LineString","coordinates":[[-5.39033,33.57862],[-5.39052,33.57856]]}},{"type":"Feature","properties":{},"geometry":{"type":"LineString","coordinates":[[-5.39052,33.57856],[-5.39125,33.57704],[-5.39199,33.57658]]}},{"type":"Feature","properties":{},"geometry":{"type":"LineString","coordinates":[[-5.39052,33.57856],[-5.39225,33.57841],[-5.39208,33.57677],[-5.39102,33.57541],[-5.39082,33.57462],[-5.39019,33.57421],[-5.38934,33.57334],[-5.38796,33.5726],[-5.38729,33.57233],[-5.38652,33.57257],[-5.38545,33.57235],[-5.3854,33.57174],[-5.38556,33.57131],[-5.38489,33.57087],[-5.38495,33.57059]]}},{"type":"Feature","properties":{},"geometry":{"type":"LineString","coordinates":[[-5.3702,33.58063],[-5.37023,33.58023],[-5.37075,33.5791]]}},{"type":"Feature","properties":{},"geometry":{"type":"LineString","coordinates":[[-5.35809,33.57751],[-5.36024,33.57626]]}},{"type":"Feature","properties":{},"geometry":{"type":"LineString","coordinates":[[-5.3628,33.57915],[-5.3653,33.57759],[-5.36666,33.5758],[-5.36862,33.57502]]}},{"type":"Feature","properties":{},"geometry":{"type":"LineString","coordinates":[[-5.37181,33.5266],[-5.37368,33.52683],[-5.3727,33.53123],[-5.37224,33.53204]]}},{"type":"Feature","properties":{},"geometry":{"type":"LineString","coordinates":[[-4.99452,33.32639],[-4.99161,33.32697],[-4.98909,33.32532]]}},{"type":"Feature","properties":{},"geometry":{"type":"LineString","coordinates":[[-4.98349,33.31482],[-4.984,33.31466],[-4.98501,33.31469],[-4.98537,33.31482],[-4.98583,33.31532],[-4.98791,33.31515],[-4.98836,33.31475]]}},{"type":"Feature","properties":{},"geometry":{"type":"LineString","coordinates":[[-5.00989,33.31042],[-5.0111,33.3111],[-5.01333,33.3132],[-5.01474,33.31407],[-5.01574,33.31436],[-5.01691,33.31518],[-5.0173,33.3157],[-5.01816,33.31624],[-5.01977,33.31786],[-5.02183,33.31939],[-5.02322,33.3207],[-5.0237,33.32176],[-5.0252,33.32284],[-5.02556,33.32354],[-5.02963,33.32757],[-5.03068,33.32887],[-5.03202,33.33006],[-5.03275,33.33098]]}},{"type":"Feature","properties":{},"geometry":{"type":"LineString","coordinates":[[-4.86689,33.60335],[-4.86746,33.60327],[-4.86906,33.60206],[-4.87017,33.60362],[-4.87152,33.60482],[-4.87195,33.60488],[-4.87282,33.60426],[-4.87325,33.60419]]}},{"type":"Feature","properties":{},"geometry":{"type":"LineString","coordinates":[[-4.88266,33.62024],[-4.88281,33.61904],[-4.88422,33.61921],[-4.88478,33.61849]]}},{"type":"Feature","properties":{},"geometry":{"type":"LineString","coordinates":[[-4.8666,33.60852],[-4.86581,33.60852],[-4.86408,33.60814],[-4.86083,33.60862],[-4.85539,33.60885],[-4.85484,33.60898],[-4.85431,33.60933]]}},{"type":"Feature","properties":{},"geometry":{"type":"LineString","coordinates":[[-4.85771,33.61578],[-4.85785,33.61542],[-4.85763,33.61453],[-4.85652,33.61299],[-4.85527,33.61059],[-4.85448,33.60983],[-4.85433,33.60932]]}},{"type":"Feature","properties":{},"geometry":{"type":"LineString","coordinates":[[-4.84375,33.61048],[-4.84305,33.60943],[-4.84142,33.60788],[-4.84044,33.60657],[-4.84025,33.60596],[-4.84037,33.60533],[-4.84014,33.60486]]}},{"type":"Feature","properties":{},"geometry":{"type":"LineString","coordinates":[[-4.85362,33.60831],[-4.85355,33.60785],[-4.85267,33.60618],[-4.85167,33.60476],[-4.85134,33.60449],[-4.85067,33.60457]]}},{"type":"Feature","properties":{},"geometry":{"type":"LineString","coordinates":[[-4.85431,33.60933],[-4.85382,33.60847],[-4.85323,33.60803],[-4.85217,33.60776],[-4.85104,33.60722]]}},{"type":"Feature","properties":{},"geometry":{"type":"LineString","coordinates":[[-4.86083,33.60862],[-4.86076,33.60815],[-4.86036,33.60744],[-4.85946,33.60628]]}},{"type":"Feature","properties":{},"geometry":{"type":"LineString","coordinates":[[-4.86627,33.61426],[-4.86491,33.61437],[-4.86451,33.61468]]}},{"type":"Feature","properties":{},"geometry":{"type":"LineString","coordinates":[[-4.8318,33.59997],[-4.83201,33.59972],[-4.83282,33.59967],[-4.8331,33.59908]]}},{"type":"Feature","properties":{},"geometry":{"type":"LineString","coordinates":[[-4.85785,33.61542],[-4.85906,33.61404],[-4.85961,33.61366]]}},{"type":"Feature","properties":{},"geometry":{"type":"LineString","coordinates":[[-4.85431,33.60933],[-4.85161,33.61015],[-4.84741,33.61098],[-4.8467,33.61136],[-4.8461,33.61143],[-4.84426,33.6109]]}},{"type":"Feature","properties":{},"geometry":{"type":"LineString","coordinates":[[-4.88281,33.61904],[-4.88267,33.61836],[-4.88279,33.61813]]}},{"type":"Feature","properties":{},"geometry":{"type":"LineString","coordinates":[[-4.87082,33.57339],[-4.87145,33.57318],[-4.87189,33.57248],[-4.8725,33.57193],[-4.87343,33.57186],[-4.8743,33.57236]]}},{"type":"Feature","properties":{},"geometry":{"type":"LineString","coordinates":[[-5.01032,33.74235],[-5.01063,33.74228],[-5.01075,33.74209],[-5.01078,33.74091],[-5.01136,33.74014],[-5.01108,33.73963]]}},{"type":"Feature","properties":{},"geometry":{"type":"LineString","coordinates":[[-5.00839,33.73801],[-5.00888,33.73803]]}},{"type":"Feature","properties":{},"geometry":{"type":"LineString","coordinates":[[-5.01018,33.73423],[-5.00984,33.7346],[-5.00923,33.7348]]}},{"type":"Feature","properties":{},"geometry":{"type":"LineString","coordinates":[[-5.01055,33.73911],[-5.01027,33.73977]]}},{"type":"Feature","properties":{},"geometry":{"type":"LineString","coordinates":[[-5.32649,33.54882],[-5.32704,33.54851],[-5.32795,33.54831],[-5.32847,33.54785],[-5.32993,33.54792],[-5.33148,33.54759],[-5.33456,33.54831],[-5.33508,33.5482],[-5.3356,33.54773],[-5.33681,33.54724],[-5.33866,33.54686],[-5.33927,33.54654],[-5.33968,33.54655],[-5.34066,33.54616],[-5.34312,33.5475],[-5.34352,33.54821],[-5.34449,33.54824]]}},{"type":"Feature","properties":{},"geometry":{"type":"LineString","coordinates":[[-5.30971,33.53456],[-5.31062,33.53443],[-5.31091,33.53399],[-5.31183,33.53331],[-5.31317,33.5331],[-5.31368,33.53193],[-5.31353,33.53084],[-5.314,33.53045],[-5.31479,33.53053],[-5.31507,33.5304]]}},{"type":"Feature","properties":{},"geometry":{"type":"LineString","coordinates":[[-5.01065,33.73614],[-5.01073,33.73575]]}},{"type":"Feature","properties":{},"geometry":{"type":"LineString","coordinates":[[-5.01485,33.74099],[-5.01391,33.73963],[-5.01386,33.73878]]}},{"type":"Feature","properties":{},"geometry":{"type":"LineString","coordinates":[[-5.01581,33.73582],[-5.01484,33.73546],[-5.01474,33.73528]]}},{"type":"Feature","properties":{},"geometry":{"type":"LineString","coordinates":[[-4.73534,33.59761],[-4.73456,33.59922],[-4.73474,33.59989],[-4.73461,33.60117],[-4.73433,33.60188],[-4.73475,33.60462],[-4.73444,33.6066],[-4.73506,33.60914],[-4.73438,33.61077],[-4.73381,33.61302],[-4.73401,33.6136],[-4.73328,33.61549]]}},{"type":"Feature","properties":{},"geometry":{"type":"LineString","coordinates":[[-4.70296,33.61324],[-4.70317,33.61123]]}},{"type":"Feature","properties":{},"geometry":{"type":"LineString","coordinates":[[-5.30685,33.53264],[-5.30632,33.53241],[-5.3055,33.53261],[-5.30225,33.53286],[-5.30298,33.5351],[-5.30236,33.53568],[-5.29879,33.53601],[-5.29749,33.53863],[-5.29687,33.53932],[-5.29444,33.53938],[-5.29104,33.53988],[-5.28579,33.54012],[-5.28154,33.54074],[-5.28099,33.54195],[-5.2789,33.54457],[-5.27834,33.54648],[-5.27847,33.54777],[-5.27927,33.55062],[-5.28056,33.55239],[-5.28031,33.55387],[-5.28063,33.55639],[-5.28022,33.55684],[-5.28035,33.55734],[-5.28086,33.55811],[-5.28046,33.55844],[-5.28053,33.55889],[-5.28012,33.55923],[-5.27907,33.55946],[-5.2787,33.55979],[-5.27739,33.55963],[-5.27689,33.55991],[-5.27629,33.5609],[-5.27573,33.56094],[-5.27544,33.56171],[-5.27498,33.56231],[-5.27469,33.56366],[-5.27561,33.5646],[-5.27571,33.56495],[-5.2754,33.56503],[-5.27477,33.56477],[-5.27422,33.56565],[-5.27457,33.56643],[-5.27427,33.56674],[-5.27495,33.56669],[-5.27742,33.56797],[-5.27836,33.56921],[-5.27843,33.56971],[-5.27825,33.57046],[-5.2776,33.57129],[-5.27647,33.57194],[-5.27567,33.57213],[-5.27438,33.57207],[-5.27231,33.57303],[-5.2701,33.57369],[-5.26288,33.57666],[-5.25846,33.5794],[-5.25557,33.58093],[-5.25563,33.58128],[-5.25533,33.58159],[-5.25515,33.58218],[-5.25461,33.58225],[-5.25446,33.58254],[-5.25399,33.58274],[-5.25353,33.58414],[-5.25366,33.58465],[-5.25329,33.5851]]}},{"type":"Feature","properties":{},"geometry":{"type":"LineString","coordinates":[[-4.66325,33.56027],[-4.66194,33.55966],[-4.66164,33.55933],[-4.66106,33.55918]]}},{"type":"Feature","properties":{},"geometry":{"type":"LineString","coordinates":[[-4.66094,33.56615],[-4.65887,33.56417]]}},{"type":"Feature","properties":{},"geometry":{"type":"LineString","coordinates":[[-4.67115,33.56442],[-4.67016,33.56373],[-4.66731,33.56304],[-4.66607,33.56349],[-4.66399,33.56394],[-4.65833,33.5642]]}},{"type":"Feature","properties":{},"geometry":{"type":"LineString","coordinates":[[-4.68885,33.57675],[-4.68885,33.57736]]}},{"type":"Feature","properties":{},"geometry":{"type":"LineString","coordinates":[[-4.69145,33.57763],[-4.69071,33.57746],[-4.68996,33.57695],[-4.68874,33.57671],[-4.68864,33.57652],[-4.68879,33.5759]]}},{"type":"Feature","properties":{},"geometry":{"type":"LineString","coordinates":[[-4.68586,33.58495],[-4.68445,33.58621],[-4.68135,33.58746],[-4.68008,33.58874],[-4.67811,33.59006],[-4.67605,33.59064],[-4.67505,33.59079],[-4.67297,33.5903],[-4.67162,33.58907],[-4.67028,33.58854],[-4.66891,33.58827],[-4.6672,33.58832]]}},{"type":"Feature","properties":{},"geometry":{"type":"LineString","coordinates":[[-4.66544,33.5906],[-4.66429,33.59112],[-4.66322,33.59137],[-4.66169,33.59141],[-4.65992,33.59117],[-4.65325,33.58951],[-4.65217,33.58893],[-4.65104,33.58778]]}},{"type":"Feature","properties":{},"geometry":{"type":"LineString","coordinates":[[-4.65993,33.57],[-4.65935,33.56963],[-4.6586,33.56978],[-4.65768,33.56961]]}},{"type":"Feature","properties":{},"geometry":{"type":"LineString","coordinates":[[-4.66377,33.56493],[-4.66282,33.56503],[-4.6619,33.56394]]}},{"type":"Feature","properties":{},"geometry":{"type":"LineString","coordinates":[[-4.65807,33.56963],[-4.65898,33.57077],[-4.65973,33.57126],[-4.66068,33.57233],[-4.66294,33.57407],[-4.66374,33.57437]]}},{"type":"Feature","properties":{},"geometry":{"type":"LineString","coordinates":[[-4.67746,33.61092],[-4.67687,33.61035],[-4.67621,33.61013],[-4.67546,33.61034],[-4.6754,33.61085]]}},{"type":"Feature","properties":{},"geometry":{"type":"LineString","coordinates":[[-4.67898,33.61268],[-4.67801,33.61152],[-4.67755,33.61136]]}},{"type":"Feature","properties":{},"geometry":{"type":"LineString","coordinates":[[-4.81321,33.69506],[-4.81341,33.69482],[-4.81255,33.69396],[-4.8117,33.69353],[-4.81153,33.69319]]}},{"type":"Feature","properties":{},"geometry":{"type":"LineString","coordinates":[[-4.81997,33.69354],[-4.81918,33.69243]]}},{"type":"Feature","properties":{},"geometry":{"type":"LineString","coordinates":[[-4.82081,33.69439],[-4.81978,33.69423],[-4.81882,33.69328],[-4.8192,33.69251],[-4.81874,33.69064]]}},{"type":"Feature","properties":{},"geometry":{"type":"LineString","coordinates":[[-4.81603,33.71925],[-4.81566,33.7179]]}},{"type":"Feature","properties":{},"geometry":{"type":"LineString","coordinates":[[-4.81517,33.71709],[-4.81372,33.71734],[-4.8131,33.71819],[-4.81229,33.71829],[-4.8121,33.7181]]}},{"type":"Feature","properties":{},"geometry":{"type":"LineString","coordinates":[[-4.81929,33.71962],[-4.81903,33.71941],[-4.81916,33.71899],[-4.81564,33.71788],[-4.81517,33.71709],[-4.81502,33.71496]]}},{"type":"Feature","properties":{},"geometry":{"type":"LineString","coordinates":[[-4.81419,33.58511],[-4.81396,33.58568],[-4.81353,33.58599],[-4.81333,33.58641],[-4.81217,33.58729],[-4.8117,33.58712],[-4.81084,33.58713],[-4.81057,33.58755],[-4.80923,33.58775],[-4.80858,33.58835],[-4.80789,33.58755],[-4.80459,33.58686],[-4.80318,33.58852]]}},{"type":"Feature","properties":{},"geometry":{"type":"LineString","coordinates":[[-4.77744,33.60798],[-4.77572,33.60815]]}},{"type":"Feature","properties":{},"geometry":{"type":"LineString","coordinates":[[-4.77987,33.6205],[-4.77897,33.61762],[-4.7781,33.61388],[-4.77625,33.60969],[-4.77572,33.60815],[-4.77556,33.60702],[-4.77601,33.60363],[-4.77557,33.60343]]}},{"type":"Feature","properties":{},"geometry":{"type":"LineString","coordinates":[[-4.80534,33.58702],[-4.80419,33.58572]]}},{"type":"Feature","properties":{},"geometry":{"type":"LineString","coordinates":[[-4.8032,33.69664],[-4.80283,33.69684],[-4.80197,33.69662],[-4.8019,33.69586],[-4.80158,33.695],[-4.8006,33.69374],[-4.79987,33.69229],[-4.79929,33.69065],[-4.79778,33.68866],[-4.79756,33.68772],[-4.79676,33.68669]]}},{"type":"Feature","properties":{},"geometry":{"type":"LineString","coordinates":[[-4.79841,33.7029],[-4.79777,33.70204]]}},{"type":"Feature","properties":{},"geometry":{"type":"LineString","coordinates":[[-4.78714,33.70774],[-4.78765,33.70883],[-4.78823,33.70948],[-4.78819,33.70963]]}},{"type":"Feature","properties":{},"geometry":{"type":"LineString","coordinates":[[-4.79022,33.7116],[-4.7889,33.71082],[-4.78825,33.71024],[-4.787,33.7099],[-4.78678,33.70894],[-4.7863,33.70803]]}},{"type":"Feature","properties":{},"geometry":{"type":"LineString","coordinates":[[-4.76965,33.56686],[-4.76953,33.56648],[-4.76867,33.56632]]}},{"type":"Feature","properties":{},"geometry":{"type":"LineString","coordinates":[[-4.7599,33.60996],[-4.75906,33.60969],[-4.75883,33.60945],[-4.75424,33.60104]]}},{"type":"Feature","properties":{},"geometry":{"type":"LineString","coordinates":[[-4.77573,33.71921],[-4.77549,33.71892],[-4.77543,33.7185],[-4.77413,33.7179]]}},{"type":"Feature","properties":{},"geometry":{"type":"LineString","coordinates":[[-4.80444,33.61867],[-4.80388,33.61914],[-4.80354,33.62007],[-4.80312,33.62043],[-4.79936,33.62264],[-4.79818,33.62371],[-4.79747,33.62414],[-4.79453,33.62548]]}},{"type":"Feature","properties":{},"geometry":{"type":"LineString","coordinates":[[-4.80225,33.70204],[-4.80184,33.70187],[-4.80174,33.70162],[-4.80274,33.70043],[-4.80206,33.6993]]}},{"type":"Feature","properties":{},"geometry":{"type":"LineString","coordinates":[[-4.81018,33.69363],[-4.80987,33.69315]]}},{"type":"Feature","properties":{},"geometry":{"type":"LineString","coordinates":[[-4.81076,33.69344],[-4.81042,33.69273]]}},{"type":"Feature","properties":{},"geometry":{"type":"LineString","coordinates":[[-4.81261,33.69282],[-4.81205,33.69176]]}},{"type":"Feature","properties":{},"geometry":{"type":"LineString","coordinates":[[-4.81544,33.69179],[-4.81493,33.69131]]}},{"type":"Feature","properties":{},"geometry":{"type":"LineString","coordinates":[[-4.81629,33.68995],[-4.81585,33.68938],[-4.81487,33.68868]]}},{"type":"Feature","properties":{},"geometry":{"type":"LineString","coordinates":[[-4.81964,33.69301],[-4.81893,33.69339]]}},{"type":"Feature","properties":{},"geometry":{"type":"LineString","coordinates":[[-4.86682,33.65803],[-4.86619,33.65906],[-4.86372,33.66458]]}},{"type":"Feature","properties":{},"geometry":{"type":"LineString","coordinates":[[-4.86341,33.66809],[-4.86176,33.6685]]}},{"type":"Feature","properties":{},"geometry":{"type":"LineString","coordinates":[[-4.84883,33.6702],[-4.84777,33.66944],[-4.84762,33.66901],[-4.84704,33.66885]]}},{"type":"Feature","properties":{},"geometry":{"type":"LineString","coordinates":[[-4.84742,33.6705],[-4.84645,33.67098],[-4.84633,33.67119],[-4.84611,33.67172],[-4.84633,33.67227],[-4.84654,33.67239]]}},{"type":"Feature","properties":{},"geometry":{"type":"LineString","coordinates":[[-4.85873,33.67724],[-4.85779,33.6771],[-4.85759,33.67659],[-4.85709,33.67619],[-4.85703,33.67571],[-4.8566,33.67581],[-4.85468,33.67441],[-4.85306,33.6738],[-4.85261,33.67285],[-4.85169,33.67247],[-4.85014,33.67149],[-4.85016,33.67122],[-4.8505,33.67097]]}},{"type":"Feature","properties":{},"geometry":{"type":"LineString","coordinates":[[-4.86118,33.66648],[-4.85945,33.66708]]}},{"type":"Feature","properties":{},"geometry":{"type":"LineString","coordinates":[[-4.86393,33.66752],[-4.86175,33.6683]]}},{"type":"Feature","properties":{},"geometry":{"type":"LineString","coordinates":[[-4.893,33.62845],[-4.89035,33.62855],[-4.88959,33.62821],[-4.88892,33.62831],[-4.88711,33.6281],[-4.88669,33.62791],[-4.88632,33.6273],[-4.88603,33.62721],[-4.88542,33.62647],[-4.88488,33.62625],[-4.88294,33.62665],[-4.88236,33.6266],[-4.87707,33.62726],[-4.87695,33.62765],[-4.8766,33.62775],[-4.86956,33.62856],[-4.86771,33.62861]]}},{"type":"Feature","properties":{},"geometry":{"type":"LineString","coordinates":[[-4.87097,33.63077],[-4.86976,33.63056],[-4.86926,33.6303],[-4.86768,33.63035]]}},{"type":"Feature","properties":{},"geometry":{"type":"LineString","coordinates":[[-4.86766,33.63228],[-4.86459,33.63258]]}},{"type":"Feature","properties":{},"geometry":{"type":"LineString","coordinates":[[-4.86169,33.64048],[-4.86105,33.64326],[-4.86118,33.64377]]}},{"type":"Feature","properties":{},"geometry":{"type":"LineString","coordinates":[[-4.86625,33.64411],[-4.86496,33.64408],[-4.86432,33.6437],[-4.86243,33.64391],[-4.86118,33.64377]]}},{"type":"Feature","properties":{},"geometry":{"type":"LineString","coordinates":[[-4.86818,33.6519],[-4.8663,33.65224],[-4.8648,33.65279],[-4.8632,33.65278]]}},{"type":"Feature","properties":{},"geometry":{"type":"LineString","coordinates":[[-4.86957,33.65626],[-4.86735,33.65522]]}},{"type":"Feature","properties":{},"geometry":{"type":"LineString","coordinates":[[-4.8693,33.6571],[-4.86714,33.6562]]}},{"type":"Feature","properties":{},"geometry":{"type":"LineString","coordinates":[[-4.88145,33.65983],[-4.87879,33.66213],[-4.87815,33.66252],[-4.87671,33.66312],[-4.87495,33.66299],[-4.87439,33.66327],[-4.87453,33.66367]]}},{"type":"Feature","properties":{},"geometry":{"type":"LineString","coordinates":[[-4.85943,33.65837],[-4.85896,33.65972]]}},{"type":"Feature","properties":{},"geometry":{"type":"LineString","coordinates":[[-4.86188,33.6564],[-4.85995,33.65556],[-4.85857,33.65594],[-4.85762,33.65649]]}},{"type":"Feature","properties":{},"geometry":{"type":"LineString","coordinates":[[-4.81713,33.67654],[-4.81619,33.67656],[-4.81548,33.67693],[-4.8141,33.67722]]}},{"type":"Feature","properties":{},"geometry":{"type":"LineString","coordinates":[[-4.81548,33.68423],[-4.81443,33.68405],[-4.81414,33.68425]]}},{"type":"Feature","properties":{},"geometry":{"type":"LineString","coordinates":[[-4.81549,33.68385],[-4.81417,33.68348]]}},{"type":"Feature","properties":{},"geometry":{"type":"LineString","coordinates":[[-4.81983,33.68519],[-4.81822,33.68515],[-4.81732,33.68459],[-4.81584,33.68433],[-4.81525,33.684],[-4.81379,33.68366],[-4.81362,33.68332]]}},{"type":"Feature","properties":{},"geometry":{"type":"LineString","coordinates":[[-4.81614,33.67828],[-4.81551,33.67774],[-4.81504,33.67698]]}},{"type":"Feature","properties":{},"geometry":{"type":"LineString","coordinates":[[-4.8136,33.68335],[-4.81318,33.68245],[-4.81325,33.6822]]}},{"type":"Feature","properties":{},"geometry":{"type":"LineString","coordinates":[[-4.81938,33.67686],[-4.81889,33.67793]]}},{"type":"Feature","properties":{},"geometry":{"type":"LineString","coordinates":[[-4.82009,33.67807],[-4.81957,33.67828],[-4.81921,33.67783]]}},{"type":"Feature","properties":{},"geometry":{"type":"LineString","coordinates":[[-4.8183,33.67585],[-4.81873,33.67533],[-4.81845,33.67469],[-4.81864,33.67412],[-4.81756,33.67308],[-4.817,33.67275],[-4.8167,33.67286]]}},{"type":"Feature","properties":{},"geometry":{"type":"LineString","coordinates":[[-4.79714,33.70252],[-4.79608,33.70219]]}},{"type":"Feature","properties":{},"geometry":{"type":"LineString","coordinates":[[-4.80949,33.68293],[-4.80877,33.68245],[-4.8079,33.68143]]}},{"type":"Feature","properties":{},"geometry":{"type":"LineString","coordinates":[[-4.80742,33.68297],[-4.80654,33.68176]]}},{"type":"Feature","properties":{},"geometry":{"type":"LineString","coordinates":[[-4.80709,33.68464],[-4.80596,33.68439]]}},{"type":"Feature","properties":{},"geometry":{"type":"LineString","coordinates":[[-4.8071,33.68321],[-4.80591,33.68188]]}},{"type":"Feature","properties":{},"geometry":{"type":"LineString","coordinates":[[-4.78881,33.70744],[-4.78821,33.70645],[-4.78761,33.70425],[-4.78703,33.70329],[-4.78688,33.70271]]}},{"type":"Feature","properties":{},"geometry":{"type":"LineString","coordinates":[[-4.78321,33.69882],[-4.78286,33.69912],[-4.78223,33.69895],[-4.78173,33.699]]}},{"type":"Feature","properties":{},"geometry":{"type":"LineString","coordinates":[[-4.78474,33.70079],[-4.78412,33.70071],[-4.78353,33.70033],[-4.78279,33.70068]]}},{"type":"Feature","properties":{},"geometry":{"type":"LineString","coordinates":[[-4.78477,33.70467],[-4.78403,33.70509],[-4.7831,33.70523],[-4.78072,33.70452]]}},{"type":"Feature","properties":{},"geometry":{"type":"LineString","coordinates":[[-4.79322,33.70549],[-4.79168,33.70304],[-4.79067,33.7026],[-4.78992,33.70274],[-4.78735,33.70385],[-4.78704,33.70366],[-4.78668,33.70374],[-4.78498,33.70519]]}},{"type":"Feature","properties":{},"geometry":{"type":"LineString","coordinates":[[-4.73102,33.45899],[-4.73053,33.45626],[-4.72847,33.45574],[-4.72822,33.45537],[-4.7283,33.45492],[-4.72805,33.45437],[-4.72812,33.4541]]}},{"type":"Feature","properties":{},"geometry":{"type":"LineString","coordinates":[[-4.71057,33.45746],[-4.70967,33.45663],[-4.70942,33.45589],[-4.70965,33.45552],[-4.70963,33.45521],[-4.70931,33.45469],[-4.70759,33.45349],[-4.70703,33.45353],[-4.70659,33.45381]]}},{"type":"Feature","properties":{},"geometry":{"type":"LineString","coordinates":[[-4.74592,33.48244],[-4.74727,33.48273],[-4.74757,33.48342]]}},{"type":"Feature","properties":{},"geometry":{"type":"LineString","coordinates":[[-4.75509,33.4552],[-4.75491,33.45481]]}},{"type":"Feature","properties":{},"geometry":{"type":"LineString","coordinates":[[-4.75536,33.45561],[-4.75509,33.4552]]}},{"type":"Feature","properties":{},"geometry":{"type":"LineString","coordinates":[[-4.75491,33.45481],[-4.75395,33.45358],[-4.75357,33.4535],[-4.75187,33.45417],[-4.75072,33.45527],[-4.74808,33.45651],[-4.74691,33.45755]]}},{"type":"Feature","properties":{},"geometry":{"type":"LineString","coordinates":[[-4.74716,33.4615],[-4.74658,33.45966],[-4.74648,33.45885],[-4.74622,33.45854],[-4.74691,33.45755]]}},{"type":"Feature","properties":{},"geometry":{"type":"LineString","coordinates":[[-4.81146,33.67371],[-4.81048,33.67415],[-4.81037,33.67465]]}},{"type":"Feature","properties":{},"geometry":{"type":"LineString","coordinates":[[-5.16814,33.6298],[-5.16761,33.62978],[-5.16722,33.63016],[-5.16722,33.63059],[-5.16662,33.63056],[-5.16577,33.63089],[-5.1647,33.63069],[-5.16361,33.63026],[-5.16327,33.63031]]}},{"type":"Feature","properties":{},"geometry":{"type":"LineString","coordinates":[[-5.19949,33.66741],[-5.19938,33.6681],[-5.1991,33.66862],[-5.19759,33.66872],[-5.19719,33.66834],[-5.19582,33.6694],[-5.19374,33.6683],[-5.1921,33.66662],[-5.19146,33.66643],[-5.19032,33.66665],[-5.18948,33.66707],[-5.18858,33.66779],[-5.18655,33.66805],[-5.18608,33.66788],[-5.18561,33.66804],[-5.18551,33.6684],[-5.18599,33.66971],[-5.18684,33.67038],[-5.18699,33.67068]]}},{"type":"Feature","properties":{},"geometry":{"type":"LineString","coordinates":[[-4.66791,33.46362],[-4.66693,33.46386],[-4.66623,33.4638],[-4.66579,33.46344],[-4.66523,33.46252]]}},{"type":"Feature","properties":{},"geometry":{"type":"LineString","coordinates":[[-5.66689,33.52675],[-5.66718,33.52625],[-5.66761,33.52601],[-5.67038,33.52602],[-5.67153,33.52556],[-5.67184,33.52562],[-5.6727,33.52498],[-5.67288,33.52467],[-5.67365,33.52438],[-5.67401,33.52386],[-5.67443,33.52368],[-5.67493,33.52295],[-5.67589,33.52225],[-5.67672,33.5221]]}},{"type":"Feature","properties":{},"geometry":{"type":"LineString","coordinates":[[-5.66746,33.52722],[-5.66742,33.52834],[-5.66717,33.52877],[-5.66502,33.53043]]}},{"type":"Feature","properties":{},"geometry":{"type":"LineString","coordinates":[[-5.66538,33.52597],[-5.6666,33.52623],[-5.66699,33.52692],[-5.66746,33.52722],[-5.67027,33.52785],[-5.6705,33.52851],[-5.67029,33.52908],[-5.6707,33.52957],[-5.67139,33.5297],[-5.67317,33.5292],[-5.67338,33.52935],[-5.67422,33.52927],[-5.67585,33.52865]]}},{"type":"Feature","properties":{},"geometry":{"type":"LineString","coordinates":[[-5.66851,33.51085],[-5.66879,33.50962],[-5.67046,33.5061],[-5.6711,33.50525],[-5.6717,33.50504],[-5.67138,33.50423],[-5.67144,33.50323],[-5.67266,33.5018],[-5.67311,33.49995],[-5.67398,33.49907],[-5.67427,33.49789]]}},{"type":"Feature","properties":{},"geometry":{"type":"LineString","coordinates":[[-5.68439,33.48831],[-5.68439,33.48755],[-5.68462,33.48688]]}},{"type":"Feature","properties":{},"geometry":{"type":"LineString","coordinates":[[-5.68769,33.50485],[-5.69203,33.50005],[-5.6932,33.4982],[-5.6955,33.49526],[-5.69582,33.49413],[-5.69734,33.49194],[-5.69748,33.49114],[-5.69574,33.49036],[-5.69454,33.49065],[-5.69247,33.49086],[-5.69182,33.4903],[-5.68832,33.49033],[-5.68786,33.48967],[-5.68746,33.48854],[-5.68696,33.48803],[-5.68663,33.48796],[-5.68472,33.48898],[-5.68458,33.48894],[-5.68435,33.48832],[-5.68364,33.48906],[-5.68199,33.48976],[-5.68009,33.48976],[-5.67966,33.48948],[-5.67997,33.48898],[-5.6798,33.48862],[-5.67841,33.48793],[-5.67779,33.48743],[-5.67628,33.48705]]}},{"type":"Feature","properties":{},"geometry":{"type":"LineString","coordinates":[[-5.68923,33.52279],[-5.69002,33.52308],[-5.69133,33.52212],[-5.69285,33.52287]]}},{"type":"Feature","properties":{},"geometry":{"type":"LineString","coordinates":[[-5.68578,33.52644],[-5.68659,33.5263],[-5.68738,33.52497],[-5.68991,33.52217],[-5.69004,33.52155],[-5.68804,33.52136]]}},{"type":"Feature","properties":{},"geometry":{"type":"LineString","coordinates":[[-5.7021,33.49889],[-5.7017,33.50118],[-5.70203,33.50216],[-5.70143,33.50316],[-5.7013,33.50404]]}},{"type":"Feature","properties":{},"geometry":{"type":"LineString","coordinates":[[-5.70603,33.48656],[-5.70675,33.48636],[-5.70774,33.4853],[-5.70853,33.48479]]}},{"type":"Feature","properties":{},"geometry":{"type":"LineString","coordinates":[[-5.70711,33.48821],[-5.70633,33.48757],[-5.70584,33.48592],[-5.70513,33.4845],[-5.70434,33.48458]]}},{"type":"Feature","properties":{},"geometry":{"type":"LineString","coordinates":[[-5.68129,33.51081],[-5.68322,33.51034],[-5.68548,33.5103],[-5.68566,33.50989],[-5.68609,33.50959]]}},{"type":"Feature","properties":{},"geometry":{"type":"LineString","coordinates":[[-5.67171,33.50501],[-5.67349,33.50494],[-5.67425,33.50439],[-5.67728,33.50473],[-5.67832,33.50433],[-5.6842,33.50387],[-5.6894,33.50296],[-5.69003,33.50324]]}},{"type":"Feature","properties":{},"geometry":{"type":"LineString","coordinates":[[-5.71354,33.50738],[-5.71311,33.50826],[-5.71191,33.50929]]}},{"type":"Feature","properties":{},"geometry":{"type":"LineString","coordinates":[[-4.74649,33.74215],[-4.74736,33.74229],[-4.74778,33.74281],[-4.74979,33.74363],[-4.7504,33.74371],[-4.75067,33.74403]]}},{"type":"Feature","properties":{},"geometry":{"type":"LineString","coordinates":[[-4.73246,33.74692],[-4.73246,33.74692]]}},{"type":"Feature","properties":{},"geometry":{"type":"LineString","coordinates":[[-4.73312,33.74805],[-4.7327,33.74833],[-4.73286,33.74927],[-4.73276,33.75021],[-4.73209,33.7509],[-4.73122,33.7508],[-4.72992,33.75164],[-4.72959,33.75105],[-4.72878,33.75066],[-4.72739,33.7506],[-4.72648,33.75077]]}},{"type":"Feature","properties":{},"geometry":{"type":"LineString","coordinates":[[-4.75115,33.73927],[-4.7514,33.73978],[-4.75112,33.74001],[-4.75173,33.74078]]}},{"type":"Feature","properties":{},"geometry":{"type":"LineString","coordinates":[[-4.74912,33.74037],[-4.74843,33.73971],[-4.74808,33.73888],[-4.7475,33.73903]]}},{"type":"Feature","properties":{},"geometry":{"type":"LineString","coordinates":[[-4.75042,33.73969],[-4.74991,33.73882],[-4.75015,33.73831],[-4.7484,33.73648],[-4.74781,33.73562],[-4.74591,33.73547],[-4.74485,33.73455]]}},{"type":"Feature","properties":{},"geometry":{"type":"LineString","coordinates":[[-5.12942,33.73866],[-5.12766,33.7379],[-5.12551,33.73538],[-5.12454,33.73512],[-5.12423,33.73452]]}},{"type":"Feature","properties":{},"geometry":{"type":"LineString","coordinates":[[-5.09854,33.73692],[-5.09854,33.73571],[-5.09774,33.73382],[-5.09683,33.73325],[-5.09719,33.73221],[-5.09651,33.73082],[-5.0971,33.72986],[-5.09691,33.72895],[-5.09691,33.72773],[-5.09766,33.72731],[-5.09851,33.72735],[-5.0999,33.72707],[-5.1013,33.72633],[-5.10243,33.72607],[-5.10278,33.72564],[-5.10381,33.72516],[-5.10553,33.72404],[-5.10678,33.72273],[-5.10737,33.7214],[-5.1072,33.72109],[-5.10666,33.72076],[-5.10616,33.71958],[-5.10554,33.71946],[-5.10537,33.71928],[-5.10523,33.71843],[-5.10476,33.71776],[-5.10478,33.7174],[-5.1055,33.71681],[-5.10574,33.71613],[-5.10808,33.71457],[-5.11104,33.71405],[-5.11191,33.71373],[-5.11363,33.71201],[-5.11376,33.71111],[-5.11451,33.71048],[-5.11494,33.70988]]}},{"type":"Feature","properties":{},"geometry":{"type":"LineString","coordinates":[[-4.86635,33.55086],[-4.86837,33.55132],[-4.86995,33.55136],[-4.87097,33.55206],[-4.87333,33.55328],[-4.8777,33.55471],[-4.8786,33.55198],[-4.87944,33.5502],[-4.88027,33.54693]]}},{"type":"Feature","properties":{},"geometry":{"type":"LineString","coordinates":[[-4.86393,33.54387],[-4.86416,33.54377],[-4.86524,33.54418],[-4.86585,33.54404],[-4.86752,33.54414],[-4.86869,33.54485],[-4.87118,33.54476],[-4.87171,33.54456]]}},{"type":"Feature","properties":{},"geometry":{"type":"LineString","coordinates":[[-5.11372,33.68309],[-5.11234,33.68501],[-5.11118,33.68787],[-5.11092,33.6903]]}},{"type":"Feature","properties":{},"geometry":{"type":"LineString","coordinates":[[-5.10593,33.68661],[-5.10622,33.68635],[-5.10674,33.68535],[-5.10772,33.68459],[-5.10807,33.68453],[-5.10856,33.6854],[-5.11045,33.6839],[-5.11256,33.68433],[-5.11487,33.68578],[-5.11536,33.68577]]}},{"type":"Feature","properties":{},"geometry":{"type":"LineString","coordinates":[[-5.14097,33.72837],[-5.1419,33.72786],[-5.14159,33.72709],[-5.14177,33.72645],[-5.14058,33.72616]]}},{"type":"Feature","properties":{},"geometry":{"type":"LineString","coordinates":[[-5.13892,33.72853],[-5.14165,33.72839]]}},{"type":"Feature","properties":{},"geometry":{"type":"LineString","coordinates":[[-5.13247,33.73211],[-5.13285,33.7316],[-5.135,33.73102],[-5.13626,33.7305],[-5.13818,33.72928],[-5.13892,33.72853],[-5.13895,33.72813],[-5.13929,33.72757],[-5.14224,33.72401],[-5.14305,33.72331],[-5.14365,33.72226]]}},{"type":"Feature","properties":{},"geometry":{"type":"LineString","coordinates":[[-5.11566,33.7312],[-5.11648,33.73035],[-5.11757,33.72975],[-5.11914,33.72847],[-5.12041,33.72784],[-5.12118,33.72687],[-5.12279,33.72569],[-5.12351,33.72441],[-5.12445,33.72396],[-5.12448,33.72335],[-5.12365,33.72093]]}},{"type":"Feature","properties":{},"geometry":{"type":"LineString","coordinates":[[-4.85983,33.54306],[-4.85838,33.54342],[-4.85656,33.54339],[-4.85532,33.54383],[-4.85398,33.54376],[-4.85264,33.54402],[-4.85201,33.54378],[-4.8514,33.54402],[-4.85016,33.54415],[-4.84904,33.54408],[-4.84726,33.54319],[-4.84637,33.54291],[-4.84587,33.54288],[-4.84551,33.54307],[-4.84484,33.54301],[-4.84398,33.54196],[-4.84383,33.54134],[-4.84277,33.54015],[-4.84234,33.53936],[-4.84235,33.53906],[-4.84095,33.53812]]}},{"type":"Feature","properties":{},"geometry":{"type":"LineString","coordinates":[[-5.12193,33.71935],[-5.11846,33.72104],[-5.1164,33.7218],[-5.11416,33.7224],[-5.1102,33.72308]]}},{"type":"Feature","properties":{},"geometry":{"type":"LineString","coordinates":[[-4.69847,33.72819],[-4.69674,33.72777],[-4.69621,33.72709],[-4.69587,33.72697],[-4.69494,33.72699],[-4.69469,33.72721],[-4.69313,33.72768],[-4.69196,33.72765],[-4.69159,33.72729],[-4.69096,33.72744],[-4.69005,33.72733],[-4.6883,33.72753],[-4.68792,33.72744]]}},{"type":"Feature","properties":{},"geometry":{"type":"LineString","coordinates":[[-4.72556,33.72443],[-4.72822,33.72625],[-4.73049,33.72834]]}},{"type":"Feature","properties":{},"geometry":{"type":"LineString","coordinates":[[-4.73508,33.74586],[-4.73487,33.745],[-4.7343,33.74497],[-4.734,33.74512]]}},{"type":"Feature","properties":{},"geometry":{"type":"LineString","coordinates":[[-4.7268,33.72956],[-4.72582,33.72925],[-4.72546,33.72823],[-4.72496,33.72776],[-4.72599,33.7274],[-4.72633,33.72747]]}},{"type":"Feature","properties":{},"geometry":{"type":"LineString","coordinates":[[-4.7327,33.74833],[-4.732,33.74854],[-4.73122,33.74923]]}},{"type":"Feature","properties":{},"geometry":{"type":"LineString","coordinates":[[-4.73241,33.74726],[-4.73246,33.74692]]}},{"type":"Feature","properties":{},"geometry":{"type":"LineString","coordinates":[[-4.93891,33.56476],[-4.94024,33.56556]]}},{"type":"Feature","properties":{},"geometry":{"type":"LineString","coordinates":[[-4.9483,33.661],[-4.95158,33.6619],[-4.95246,33.66174],[-4.95739,33.6627],[-4.95811,33.66265],[-4.96036,33.66198],[-4.96104,33.66242],[-4.96135,33.66297],[-4.96437,33.66299],[-4.96875,33.66333],[-4.97135,33.66335],[-4.97274,33.66315],[-4.97541,33.6617],[-4.97813,33.6598],[-4.97742,33.65829],[-4.97653,33.65473],[-4.97577,33.65367]]}},{"type":"Feature","properties":{},"geometry":{"type":"LineString","coordinates":[[-4.96182,33.62742],[-4.95866,33.62725],[-4.95712,33.6274],[-4.95368,33.62813],[-4.95275,33.62872],[-4.95042,33.62909],[-4.94842,33.62986]]}},{"type":"Feature","properties":{},"geometry":{"type":"LineString","coordinates":[[-4.9036,33.62475],[-4.90371,33.62391],[-4.9033,33.62347],[-4.9026,33.62317]]}},{"type":"Feature","properties":{},"geometry":{"type":"LineString","coordinates":[[-4.89314,33.62692],[-4.8915,33.62701],[-4.88774,33.62631]]}},{"type":"Feature","properties":{},"geometry":{"type":"LineString","coordinates":[[-5.40175,33.52201],[-5.3994,33.52371]]}},{"type":"Feature","properties":{},"geometry":{"type":"LineString","coordinates":[[-4.84692,33.70397],[-4.84754,33.70259],[-4.84635,33.70086],[-4.84541,33.7]]}},{"type":"Feature","properties":{},"geometry":{"type":"LineString","coordinates":[[-4.87252,33.68448],[-4.87321,33.68363],[-4.87314,33.6829],[-4.8736,33.681]]}},{"type":"Feature","properties":{},"geometry":{"type":"LineString","coordinates":[[-4.87471,33.68638],[-4.87459,33.68597],[-4.87331,33.68458],[-4.8724,33.68439],[-4.87219,33.68367],[-4.87121,33.68372],[-4.87064,33.68355],[-4.87028,33.68367],[-4.86969,33.68295]]}},{"type":"Feature","properties":{},"geometry":{"type":"LineString","coordinates":[[-5.29889,33.41871],[-5.29675,33.41839],[-5.29541,33.4199],[-5.2946,33.42002],[-5.29429,33.41493]]}},{"type":"Feature","properties":{},"geometry":{"type":"LineString","coordinates":[[-5.30837,33.42257],[-5.30625,33.42177],[-5.30389,33.42041],[-5.30172,33.41957],[-5.301,33.41908],[-5.29894,33.41868]]}},{"type":"Feature","properties":{},"geometry":{"type":"LineString","coordinates":[[-5.29653,33.42308],[-5.29778,33.42267],[-5.29912,33.42285],[-5.29981,33.42247],[-5.30044,33.42265],[-5.30103,33.42305],[-5.30178,33.42373],[-5.30288,33.4251],[-5.30138,33.42483],[-5.2995,33.42552]]}},{"type":"Feature","properties":{},"geometry":{"type":"LineString","coordinates":[[-5.2995,33.42552],[-5.29885,33.42598],[-5.29943,33.42685],[-5.29844,33.42787],[-5.2979,33.42812]]}},{"type":"Feature","properties":{},"geometry":{"type":"LineString","coordinates":[[-5.31678,33.43751],[-5.31377,33.43535],[-5.31174,33.43351],[-5.30977,33.43233]]}},{"type":"Feature","properties":{},"geometry":{"type":"LineString","coordinates":[[-5.34236,33.45643],[-5.34461,33.45499],[-5.34555,33.45393],[-5.34605,33.4531],[-5.3464,33.45178],[-5.34635,33.44821]]}},{"type":"Feature","properties":{},"geometry":{"type":"LineString","coordinates":[[-5.32616,33.42359],[-5.32606,33.42325],[-5.32572,33.4232],[-5.32364,33.42403],[-5.32265,33.42329],[-5.32235,33.42282],[-5.32156,33.42275]]}},{"type":"Feature","properties":{},"geometry":{"type":"LineString","coordinates":[[-5.3189,33.42722],[-5.32034,33.42678],[-5.32373,33.42672],[-5.32397,33.42686],[-5.32428,33.42745]]}},{"type":"Feature","properties":{},"geometry":{"type":"LineString","coordinates":[[-5.29298,33.44687],[-5.29386,33.44879],[-5.29464,33.44976],[-5.29556,33.45145]]}},{"type":"Feature","properties":{},"geometry":{"type":"LineString","coordinates":[[-5.33752,33.44544],[-5.33556,33.44591],[-5.3331,33.44768],[-5.33054,33.45003],[-5.32708,33.45169],[-5.32516,33.45302],[-5.32479,33.45365],[-5.32232,33.45409],[-5.31769,33.45402],[-5.31744,33.45468],[-5.31711,33.45488],[-5.31685,33.45537]]}},{"type":"Feature","properties":{},"geometry":{"type":"LineString","coordinates":[[-4.86321,33.67508],[-4.8641,33.67439],[-4.86516,33.67446],[-4.86644,33.67422],[-4.86782,33.67465],[-4.86878,33.67449],[-4.87108,33.6753],[-4.87094,33.67647]]}},{"type":"Feature","properties":{},"geometry":{"type":"LineString","coordinates":[[-4.87084,33.68651],[-4.87067,33.68724]]}},{"type":"Feature","properties":{},"geometry":{"type":"LineString","coordinates":[[-4.87083,33.68575],[-4.87088,33.68647],[-4.87014,33.6873],[-4.86982,33.68802]]}},{"type":"Feature","properties":{},"geometry":{"type":"LineString","coordinates":[[-4.86977,33.68555],[-4.86924,33.68554]]}},{"type":"Feature","properties":{},"geometry":{"type":"LineString","coordinates":[[-4.87068,33.68515],[-4.8696,33.68572]]}},{"type":"Feature","properties":{},"geometry":{"type":"LineString","coordinates":[[-4.87102,33.68515],[-4.87081,33.68578],[-4.86954,33.68612],[-4.86932,33.68657],[-4.86893,33.68671]]}},{"type":"Feature","properties":{},"geometry":{"type":"LineString","coordinates":[[-4.87099,33.68512],[-4.8703,33.68515],[-4.87016,33.68464]]}},{"type":"Feature","properties":{},"geometry":{"type":"LineString","coordinates":[[-4.82372,33.67707],[-4.82369,33.6755],[-4.82307,33.67519],[-4.81896,33.67538],[-4.81837,33.67598]]}},{"type":"Feature","properties":{},"geometry":{"type":"LineString","coordinates":[[-4.82352,33.67721],[-4.82602,33.67911],[-4.82678,33.67943],[-4.82788,33.6804]]}},{"type":"Feature","properties":{},"geometry":{"type":"LineString","coordinates":[[-4.84278,33.70523],[-4.84141,33.70721],[-4.83958,33.70882],[-4.83777,33.71167],[-4.83667,33.71311],[-4.83605,33.71506],[-4.83633,33.71623],[-4.83561,33.71651]]}},{"type":"Feature","properties":{},"geometry":{"type":"LineString","coordinates":[[-4.82033,33.68852],[-4.82059,33.68852],[-4.82087,33.68885],[-4.82105,33.68868],[-4.82143,33.68866],[-4.8219,33.68938]]}},{"type":"Feature","properties":{},"geometry":{"type":"LineString","coordinates":[[-4.82512,33.63506],[-4.82462,33.63555],[-4.82645,33.63838]]}},{"type":"Feature","properties":{},"geometry":{"type":"LineString","coordinates":[[-4.85306,33.6738],[-4.85273,33.67411],[-4.85192,33.67411],[-4.85101,33.67433],[-4.85017,33.67418],[-4.84906,33.67351],[-4.8481,33.67329]]}},{"type":"Feature","properties":{},"geometry":{"type":"LineString","coordinates":[[-4.86802,33.64205],[-4.86797,33.64256],[-4.86621,33.64278]]}},{"type":"Feature","properties":{},"geometry":{"type":"LineString","coordinates":[[-4.84974,33.68693],[-4.8505,33.68751]]}},{"type":"Feature","properties":{},"geometry":{"type":"LineString","coordinates":[[-4.85407,33.68396],[-4.85625,33.68535]]}},{"type":"Feature","properties":{},"geometry":{"type":"LineString","coordinates":[[-4.85753,33.68004],[-4.85859,33.68047],[-4.85911,33.68052],[-4.8594,33.68009]]}},{"type":"Feature","properties":{},"geometry":{"type":"LineString","coordinates":[[-4.82228,33.71751],[-4.82128,33.71789],[-4.82076,33.71784],[-4.82057,33.7175],[-4.82021,33.71756]]}},{"type":"Feature","properties":{},"geometry":{"type":"LineString","coordinates":[[-4.82035,33.69405],[-4.81997,33.69354]]}},{"type":"Feature","properties":{},"geometry":{"type":"LineString","coordinates":[[-4.81997,33.69354],[-4.82058,33.6938],[-4.82095,33.69436],[-4.82081,33.69439]]}},{"type":"Feature","properties":{},"geometry":{"type":"LineString","coordinates":[[-4.82161,33.69364],[-4.82079,33.69405],[-4.8197,33.69415]]}},{"type":"Feature","properties":{},"geometry":{"type":"LineString","coordinates":[[-4.84163,33.69248],[-4.8417,33.69147],[-4.8415,33.69129],[-4.84152,33.6908],[-4.84037,33.68886],[-4.83905,33.6877],[-4.83866,33.68688],[-4.83797,33.68598],[-4.83707,33.6827],[-4.83642,33.68099],[-4.83591,33.68032],[-4.83551,33.67842]]}},{"type":"Feature","properties":{},"geometry":{"type":"LineString","coordinates":[[-5.31908,33.50564],[-5.32065,33.50641],[-5.32309,33.50873],[-5.32522,33.50963],[-5.32421,33.51003],[-5.32452,33.51057],[-5.32524,33.51068],[-5.32647,33.5105],[-5.32667,33.51076],[-5.32767,33.51104],[-5.32924,33.512],[-5.33195,33.51323],[-5.3405,33.51443],[-5.33891,33.51653],[-5.33316,33.52313],[-5.33338,33.52376],[-5.33427,33.52411],[-5.33442,33.52472],[-5.33483,33.52513]]}},{"type":"Feature","properties":{},"geometry":{"type":"LineString","coordinates":[[-5.30911,33.50454],[-5.30826,33.50538],[-5.30751,33.50728],[-5.30698,33.50817],[-5.30634,33.5073],[-5.30607,33.50781],[-5.30616,33.50828],[-5.30532,33.50848]]}},{"type":"Feature","properties":{},"geometry":{"type":"LineString","coordinates":[[-5.28868,33.50171],[-5.28845,33.50128],[-5.28846,33.50065],[-5.28809,33.49983],[-5.28794,33.49852],[-5.28741,33.49777],[-5.28694,33.49745]]}},{"type":"Feature","properties":{},"geometry":{"type":"LineString","coordinates":[[-5.2862,33.5021],[-5.28636,33.50303],[-5.28692,33.50405],[-5.287,33.50482],[-5.28649,33.5059],[-5.28642,33.50668]]}},{"type":"Feature","properties":{},"geometry":{"type":"LineString","coordinates":[[-5.28361,33.50219],[-5.28383,33.50259],[-5.28378,33.50319],[-5.28451,33.50379],[-5.28459,33.5045]]}},{"type":"Feature","properties":{},"geometry":{"type":"LineString","coordinates":[[-4.94097,33.72623],[-4.9415,33.72664],[-4.94228,33.7269],[-4.94558,33.72678],[-4.94883,33.72734]]}},{"type":"Feature","properties":{},"geometry":{"type":"LineString","coordinates":[[-4.90916,33.73487],[-4.90897,33.73395],[-4.90952,33.73297],[-4.90943,33.73231],[-4.90876,33.73203],[-4.9079,33.73299],[-4.9077,33.73296],[-4.90754,33.73244],[-4.90698,33.7329],[-4.90639,33.73292],[-4.90737,33.73194],[-4.90763,33.73109],[-4.90819,33.73039],[-4.90833,33.72996],[-4.90887,33.73006],[-4.90915,33.72907]]}},{"type":"Feature","properties":{},"geometry":{"type":"LineString","coordinates":[[-4.93814,33.71522],[-4.93806,33.7156],[-4.93832,33.71674],[-4.93823,33.71937],[-4.93744,33.72083],[-4.93669,33.72136],[-4.93641,33.72178],[-4.93584,33.72333],[-4.93529,33.72412],[-4.93346,33.72556]]}},{"type":"Feature","properties":{},"geometry":{"type":"LineString","coordinates":[[-4.74758,33.25939],[-4.74787,33.25951],[-4.74831,33.26006],[-4.74817,33.26044],[-4.74874,33.26068],[-4.75006,33.26188]]}},{"type":"Feature","properties":{},"geometry":{"type":"LineString","coordinates":[[-4.74645,33.25676],[-4.74566,33.25685],[-4.74536,33.25728]]}},{"type":"Feature","properties":{},"geometry":{"type":"LineString","coordinates":[[-5.08965,33.62524],[-5.08904,33.62404],[-5.08773,33.62389],[-5.08725,33.62347],[-5.08553,33.62306],[-5.08517,33.62257],[-5.08498,33.62172],[-5.08452,33.62084],[-5.08175,33.61941]]}},{"type":"Feature","properties":{},"geometry":{"type":"LineString","coordinates":[[-5.07757,33.62796],[-5.07598,33.62736],[-5.07557,33.62679]]}},{"type":"Feature","properties":{},"geometry":{"type":"LineString","coordinates":[[-5.24936,33.59382],[-5.24924,33.59326]]}},{"type":"Feature","properties":{},"geometry":{"type":"LineString","coordinates":[[-4.9467,33.6182],[-4.94628,33.61819],[-4.94593,33.6186],[-4.94577,33.61971],[-4.94544,33.6202],[-4.94494,33.62061],[-4.94294,33.62156],[-4.94259,33.6219],[-4.94236,33.62232],[-4.94264,33.62284],[-4.94251,33.62371]]}},{"type":"Feature","properties":{},"geometry":{"type":"LineString","coordinates":[[-4.88961,33.62148],[-4.89017,33.62111],[-4.89027,33.61956],[-4.88999,33.61897]]}},{"type":"Feature","properties":{},"geometry":{"type":"LineString","coordinates":[[-4.94246,33.6154],[-4.943,33.61531],[-4.9449,33.61558],[-4.94644,33.61548],[-4.94714,33.61565],[-4.95064,33.61561],[-4.95414,33.61547],[-4.95563,33.61524],[-4.9567,33.61484],[-4.95699,33.61515]]}},{"type":"Feature","properties":{},"geometry":{"type":"LineString","coordinates":[[-5.2286,33.61346],[-5.22902,33.61246],[-5.22887,33.61039],[-5.22861,33.60986],[-5.22869,33.60867]]}},{"type":"Feature","properties":{},"geometry":{"type":"LineString","coordinates":[[-5.2267,33.61777],[-5.22559,33.61789],[-5.22424,33.61718],[-5.22307,33.61764],[-5.22184,33.6178],[-5.22037,33.61762],[-5.21945,33.61732],[-5.21843,33.6163],[-5.21725,33.61613],[-5.21651,33.61661],[-5.21638,33.61698]]}},{"type":"Feature","properties":{},"geometry":{"type":"LineString","coordinates":[[-5.08972,33.64664],[-5.08906,33.64882],[-5.08853,33.64985]]}},{"type":"Feature","properties":{},"geometry":{"type":"LineString","coordinates":[[-5.10945,33.62838],[-5.10859,33.62911],[-5.10796,33.63082],[-5.10695,33.63233],[-5.10521,33.63316],[-5.10471,33.63396],[-5.10436,33.63424],[-5.10463,33.63539],[-5.10523,33.63625],[-5.10626,33.63725],[-5.10696,33.63706],[-5.10725,33.63718],[-5.10815,33.63865],[-5.10871,33.63912],[-5.10916,33.64077],[-5.10987,33.64188],[-5.10973,33.64268],[-5.10992,33.64297],[-5.11013,33.64414],[-5.11082,33.64563],[-5.11054,33.64702],[-5.11099,33.64824],[-5.1098,33.64988],[-5.10963,33.65082],[-5.10918,33.6514],[-5.1078,33.65206],[-5.10706,33.65186],[-5.10502,33.65207],[-5.10403,33.65134],[-5.10254,33.65146],[-5.10056,33.65101],[-5.09987,33.6507],[-5.0979,33.65053],[-5.09698,33.64993],[-5.09621,33.6485],[-5.09471,33.64822],[-5.09418,33.64786],[-5.0938,33.64694],[-5.09251,33.64549],[-5.09152,33.64403],[-5.09094,33.64362],[-5.09052,33.64369],[-5.09021,33.64406],[-5.0902,33.64604],[-5.08967,33.64666],[-5.08688,33.64555],[-5.086,33.6454],[-5.08548,33.64509],[-5.08505,33.64511],[-5.08502,33.64465],[-5.08461,33.64405],[-5.08447,33.64335],[-5.08419,33.64288],[-5.08379,33.64247],[-5.08257,33.64176],[-5.08267,33.64028],[-5.08226,33.63932],[-5.08145,33.63888],[-5.08101,33.63743],[-5.0804,33.63673],[-5.07862,33.6365],[-5.07832,33.63608],[-5.07768,33.63562],[-5.07746,33.63522],[-5.07697,33.63505],[-5.0764,33.63409],[-5.07555,33.63366],[-5.07453,33.63387]]}},{"type":"Feature","properties":{},"geometry":{"type":"LineString","coordinates":[[-5.08866,33.60671],[-5.08967,33.60782],[-5.09086,33.60979],[-5.0924,33.61087],[-5.09367,33.6126],[-5.09417,33.61296],[-5.09544,33.61451],[-5.09657,33.61554],[-5.09721,33.61572],[-5.09774,33.6162],[-5.09876,33.61652],[-5.09924,33.61704],[-5.0993,33.6174],[-5.1001,33.61811],[-5.1005,33.61904],[-5.10208,33.6207],[-5.10392,33.62162],[-5.10424,33.62217],[-5.10428,33.62261],[-5.10493,33.62322],[-5.1077,33.62481],[-5.10852,33.62727],[-5.11069,33.63001],[-5.11401,33.63322],[-5.11673,33.63514],[-5.11839,33.6379],[-5.11932,33.63865],[-5.12182,33.64151],[-5.12289,33.64229],[-5.12345,33.64293],[-5.12417,33.64416]]}},{"type":"Feature","properties":{},"geometry":{"type":"LineString","coordinates":[[-5.22074,33.62807],[-5.22151,33.62884],[-5.2221,33.63005]]}},{"type":"Feature","properties":{},"geometry":{"type":"LineString","coordinates":[[-5.22219,33.63185],[-5.22077,33.63169],[-5.22027,33.63071],[-5.22083,33.62773],[-5.22079,33.62712],[-5.22051,33.6264],[-5.21968,33.62582],[-5.2188,33.62458]]}},{"type":"Feature","properties":{},"geometry":{"type":"LineString","coordinates":[[-5.2698,33.63181],[-5.26975,33.63104],[-5.27019,33.63012],[-5.27249,33.6277],[-5.2715,33.62668]]}},{"type":"Feature","properties":{},"geometry":{"type":"LineString","coordinates":[[-5.26412,33.62748],[-5.26414,33.62826],[-5.2646,33.62909],[-5.26687,33.63039],[-5.26764,33.63167],[-5.26812,33.63178],[-5.2687,33.63137],[-5.2698,33.63181]]}},{"type":"Feature","properties":{},"geometry":{"type":"LineString","coordinates":[[-4.93974,33.6153],[-4.93752,33.61556],[-4.93436,33.61424],[-4.93291,33.61314],[-4.93239,33.61237],[-4.93222,33.61136]]}},{"type":"Feature","properties":{},"geometry":{"type":"LineString","coordinates":[[-4.93981,33.61544],[-4.93958,33.61443],[-4.93975,33.61283]]}},{"type":"Feature","properties":{},"geometry":{"type":"LineString","coordinates":[[-4.92608,33.61272],[-4.92619,33.6126],[-4.92712,33.61262],[-4.92733,33.61005],[-4.92771,33.60928],[-4.92838,33.60902]]}},{"type":"Feature","properties":{},"geometry":{"type":"LineString","coordinates":[[-4.94629,33.61789],[-4.94619,33.61745],[-4.94582,33.61697],[-4.94578,33.6158],[-4.94592,33.61553]]}},{"type":"Feature","properties":{},"geometry":{"type":"LineString","coordinates":[[-5.27532,33.60454],[-5.27578,33.60418],[-5.2763,33.6043]]}},{"type":"Feature","properties":{},"geometry":{"type":"LineString","coordinates":[[-5.27498,33.60269],[-5.27466,33.60246],[-5.27378,33.60266],[-5.27318,33.60326]]}},{"type":"Feature","properties":{},"geometry":{"type":"LineString","coordinates":[[-5.27899,33.59797],[-5.27601,33.60019],[-5.27499,33.60261],[-5.275,33.60348],[-5.2755,33.60512],[-5.27758,33.6071]]}},{"type":"Feature","properties":{},"geometry":{"type":"LineString","coordinates":[[-4.87958,33.69557],[-4.87935,33.69598],[-4.87953,33.69624],[-4.87898,33.69685]]}},{"type":"Feature","properties":{},"geometry":{"type":"LineString","coordinates":[[-5.22396,33.6208],[-5.22701,33.62365],[-5.22893,33.62493],[-5.22892,33.62516]]}},{"type":"Feature","properties":{},"geometry":{"type":"LineString","coordinates":[[-5.11975,33.61247],[-5.11957,33.61319],[-5.12001,33.61351],[-5.12056,33.61479]]}},{"type":"Feature","properties":{},"geometry":{"type":"LineString","coordinates":[[-5.0896,33.62102],[-5.08929,33.62069],[-5.08876,33.6205],[-5.08767,33.62114],[-5.08686,33.62101],[-5.08519,33.62114],[-5.08452,33.62084]]}},{"type":"Feature","properties":{},"geometry":{"type":"LineString","coordinates":[[-5.0974,33.6113],[-5.09772,33.61161],[-5.09709,33.6129],[-5.09752,33.61379],[-5.09751,33.61422],[-5.09713,33.61509],[-5.09721,33.61572]]}},{"type":"Feature","properties":{},"geometry":{"type":"LineString","coordinates":[[-5.10766,33.61182],[-5.10747,33.61212],[-5.10747,33.61291],[-5.10661,33.6133],[-5.10597,33.61314]]}},{"type":"Feature","properties":{},"geometry":{"type":"LineString","coordinates":[[-5.10694,33.61157],[-5.10657,33.61226],[-5.10613,33.61268],[-5.10515,33.61288],[-5.10623,33.61444],[-5.10647,33.6145],[-5.10673,33.61427]]}},{"type":"Feature","properties":{},"geometry":{"type":"LineString","coordinates":[[-5.1035,33.61179],[-5.10263,33.61242],[-5.10263,33.61326],[-5.10314,33.61423],[-5.10358,33.61454]]}},{"type":"Feature","properties":{},"geometry":{"type":"LineString","coordinates":[[-5.12663,33.61883],[-5.12484,33.62075],[-5.12384,33.62126]]}},{"type":"Feature","properties":{},"geometry":{"type":"LineString","coordinates":[[-5.125,33.6158],[-5.12572,33.61679],[-5.12641,33.61862],[-5.12733,33.61949],[-5.12761,33.62033],[-5.12865,33.62132],[-5.12918,33.62297],[-5.12919,33.62413],[-5.12943,33.62542],[-5.12912,33.62699],[-5.12873,33.62762],[-5.12862,33.63082]]}},{"type":"Feature","properties":{},"geometry":{"type":"LineString","coordinates":[[-5.08408,33.61852],[-5.08494,33.61809],[-5.0859,33.61806]]}},{"type":"Feature","properties":{},"geometry":{"type":"LineString","coordinates":[[-5.08177,33.61824],[-5.08243,33.61812],[-5.08368,33.61849],[-5.08521,33.61866],[-5.08561,33.6189]]}},{"type":"Feature","properties":{},"geometry":{"type":"LineString","coordinates":[[-5.09922,33.61701],[-5.10061,33.61719],[-5.10125,33.61766],[-5.10178,33.61758],[-5.10253,33.61776],[-5.10338,33.61765],[-5.10402,33.61804],[-5.10589,33.61841],[-5.10672,33.61842],[-5.10782,33.61799],[-5.10866,33.61872]]}},{"type":"Feature","properties":{},"geometry":{"type":"LineString","coordinates":[[-5.12198,33.61311],[-5.12291,33.61217],[-5.12339,33.61189],[-5.12406,33.61082],[-5.12488,33.61054],[-5.12535,33.60985]]}},{"type":"Feature","properties":{},"geometry":{"type":"LineString","coordinates":[[-5.12135,33.61466],[-5.1224,33.61395],[-5.12218,33.61331],[-5.12178,33.613],[-5.1205,33.6125]]}},{"type":"Feature","properties":{},"geometry":{"type":"LineString","coordinates":[[-5.10023,33.61091],[-5.10035,33.61065],[-5.09979,33.60908],[-5.10031,33.60794]]}},{"type":"Feature","properties":{},"geometry":{"type":"LineString","coordinates":[[-5.10238,33.61129],[-5.10289,33.60995],[-5.10286,33.60962],[-5.1048,33.60686],[-5.10492,33.60603],[-5.10515,33.60557],[-5.10762,33.60406],[-5.10844,33.6025],[-5.10918,33.60185],[-5.11075,33.59956]]}},{"type":"Feature","properties":{},"geometry":{"type":"LineString","coordinates":[[-5.11074,33.59117],[-5.11079,33.59181],[-5.11029,33.59255],[-5.11045,33.59285],[-5.11009,33.59285]]}},{"type":"Feature","properties":{},"geometry":{"type":"LineString","coordinates":[[-5.09321,33.57788],[-5.09352,33.5783],[-5.09404,33.5803],[-5.09583,33.58332],[-5.09639,33.58378],[-5.0968,33.58373],[-5.09871,33.5844],[-5.09986,33.58454]]}},{"type":"Feature","properties":{},"geometry":{"type":"LineString","coordinates":[[-5.08967,33.58546],[-5.09025,33.58538],[-5.09114,33.58558],[-5.09181,33.58519],[-5.09319,33.58538],[-5.09357,33.58513],[-5.09494,33.58487],[-5.09519,33.58476],[-5.09534,33.58418],[-5.09499,33.58374]]}},{"type":"Feature","properties":{},"geometry":{"type":"LineString","coordinates":[[-5.09255,33.57858],[-5.09292,33.57926],[-5.09264,33.58041]]}},{"type":"Feature","properties":{},"geometry":{"type":"LineString","coordinates":[[-5.08736,33.59243],[-5.088,33.59243],[-5.08848,33.59175],[-5.08922,33.59182],[-5.0898,33.59134],[-5.09025,33.59136],[-5.09048,33.59092],[-5.09278,33.59006],[-5.09345,33.58995],[-5.09483,33.58904],[-5.09541,33.58903],[-5.09611,33.58868],[-5.09746,33.58841],[-5.09879,33.58845],[-5.10014,33.58796],[-5.10048,33.58757],[-5.10126,33.58726],[-5.10186,33.58714],[-5.10284,33.58722],[-5.10441,33.58683],[-5.10512,33.58758],[-5.1063,33.58814],[-5.10737,33.58836],[-5.11044,33.59117],[-5.11074,33.59117]]}},{"type":"Feature","properties":{},"geometry":{"type":"LineString","coordinates":[[-5.09349,33.61234],[-5.09183,33.61331]]}},{"type":"Feature","properties":{},"geometry":{"type":"LineString","coordinates":[[-5.11466,33.61306],[-5.115,33.6123],[-5.11488,33.61104],[-5.11502,33.60921],[-5.11563,33.60725],[-5.11965,33.60682]]}},{"type":"Feature","properties":{},"geometry":{"type":"LineString","coordinates":[[-5.11075,33.59956],[-5.11185,33.60025],[-5.11287,33.60001],[-5.11336,33.60018],[-5.11356,33.6007],[-5.1129,33.60166],[-5.11377,33.60211],[-5.11496,33.60306],[-5.11613,33.60351],[-5.11685,33.60404],[-5.11782,33.60447],[-5.11894,33.60546],[-5.11972,33.60567],[-5.11962,33.60618],[-5.11996,33.60654],[-5.11965,33.60682]]}},{"type":"Feature","properties":{},"geometry":{"type":"LineString","coordinates":[[-5.11074,33.59117],[-5.11082,33.59005],[-5.11129,33.58919],[-5.11113,33.58804],[-5.11072,33.58728],[-5.10995,33.58491],[-5.1097,33.58451],[-5.10926,33.58449],[-5.10903,33.58414],[-5.10919,33.58269],[-5.10843,33.58154],[-5.10784,33.5812],[-5.10715,33.58034],[-5.10694,33.57873],[-5.10671,33.57832],[-5.10636,33.57819],[-5.106,33.57778],[-5.10594,33.57722],[-5.10531,33.57625],[-5.10532,33.57584],[-5.10487,33.57465],[-5.1042,33.57431],[-5.10339,33.57425],[-5.10284,33.57426],[-5.1021,33.57452],[-5.10098,33.57427],[-5.10022,33.57453],[-5.09869,33.57437],[-5.09761,33.57448],[-5.09659,33.57426],[-5.09618,33.57395],[-5.09527,33.57362]]}},{"type":"Feature","properties":{},"geometry":{"type":"LineString","coordinates":[[-5.11075,33.59956],[-5.11196,33.59742],[-5.11165,33.5958],[-5.1131,33.59604],[-5.11331,33.59626],[-5.11432,33.59581],[-5.1146,33.59524]]}},{"type":"Feature","properties":{},"geometry":{"type":"LineString","coordinates":[[-5.11965,33.60682],[-5.12199,33.60738],[-5.12265,33.60768],[-5.1257,33.60822],[-5.12608,33.60866],[-5.12567,33.60912],[-5.12535,33.60985]]}},{"type":"Feature","properties":{},"geometry":{"type":"LineString","coordinates":[[-5.71374,33.545],[-5.71491,33.54573],[-5.71495,33.54615],[-5.71578,33.54625]]}},{"type":"Feature","properties":{},"geometry":{"type":"LineString","coordinates":[[-5.70413,33.59191],[-5.70492,33.59166],[-5.70571,33.59104],[-5.70632,33.59098]]}},{"type":"Feature","properties":{},"geometry":{"type":"LineString","coordinates":[[-5.70928,33.54092],[-5.7107,33.53969],[-5.7111,33.53963],[-5.71152,33.5388],[-5.71199,33.53852],[-5.71283,33.5374],[-5.71356,33.53676]]}},{"type":"Feature","properties":{},"geometry":{"type":"LineString","coordinates":[[-5.65589,33.60082],[-5.65428,33.59974],[-5.65379,33.59968],[-5.65087,33.60006],[-5.6503,33.60042],[-5.64804,33.6012],[-5.64793,33.60163],[-5.64635,33.60337],[-5.64569,33.60307],[-5.64342,33.60295],[-5.64181,33.60351],[-5.64132,33.6028],[-5.63895,33.60154]]}},{"type":"Feature","properties":{},"geometry":{"type":"LineString","coordinates":[[-5.69839,33.55503],[-5.69838,33.55452],[-5.69862,33.55409],[-5.69892,33.55396],[-5.69877,33.55361],[-5.69951,33.55232],[-5.70002,33.55198],[-5.70073,33.55072],[-5.7014,33.55033],[-5.70121,33.54948]]}},{"type":"Feature","properties":{},"geometry":{"type":"LineString","coordinates":[[-5.69839,33.55503],[-5.6971,33.5551]]}},{"type":"Feature","properties":{},"geometry":{"type":"LineString","coordinates":[[-5.68338,33.55862],[-5.68334,33.55903],[-5.68381,33.55934],[-5.68357,33.55975],[-5.68374,33.55986],[-5.68504,33.55963],[-5.68594,33.55928],[-5.68631,33.55949],[-5.68753,33.55848],[-5.68813,33.55765],[-5.68915,33.55694],[-5.68965,33.55779],[-5.68955,33.55839],[-5.69084,33.55789]]}},{"type":"Feature","properties":{},"geometry":{"type":"LineString","coordinates":[[-5.69742,33.58499],[-5.69764,33.58438],[-5.6982,33.58371],[-5.69844,33.583],[-5.69896,33.58254],[-5.69963,33.58226],[-5.69949,33.58199],[-5.70004,33.58148],[-5.70088,33.58108],[-5.70121,33.5803],[-5.70175,33.57969],[-5.70255,33.57948],[-5.70273,33.57855],[-5.70323,33.57793],[-5.70319,33.57724],[-5.70294,33.57694],[-5.70124,33.5764],[-5.70045,33.57632],[-5.70121,33.57572]]}},{"type":"Feature","properties":{},"geometry":{"type":"LineString","coordinates":[[-5.65395,33.57426],[-5.65611,33.57385],[-5.6567,33.57344],[-5.65881,33.57281],[-5.65974,33.57219],[-5.66085,33.57273],[-5.66198,33.57269],[-5.66374,33.57314],[-5.66455,33.57268],[-5.66518,33.57148],[-5.66575,33.57121],[-5.66628,33.57064]]}},{"type":"Feature","properties":{},"geometry":{"type":"LineString","coordinates":[[-5.68507,33.55678],[-5.68477,33.55647]]}},{"type":"Feature","properties":{},"geometry":{"type":"LineString","coordinates":[[-5.68556,33.55647],[-5.6846,33.55645],[-5.68404,33.55617],[-5.68293,33.55595],[-5.68229,33.55611]]}},{"type":"Feature","properties":{},"geometry":{"type":"LineString","coordinates":[[-5.71887,33.54002],[-5.71947,33.53904],[-5.71892,33.53843],[-5.72034,33.53618]]}},{"type":"Feature","properties":{},"geometry":{"type":"LineString","coordinates":[[-4.69127,33.7565],[-4.69045,33.75557],[-4.68877,33.75426],[-4.68899,33.75346],[-4.68829,33.75198],[-4.6883,33.75063],[-4.68789,33.74938],[-4.68758,33.74905],[-4.68762,33.74864],[-4.6879,33.74833],[-4.68782,33.74769],[-4.68733,33.74651],[-4.6869,33.74628],[-4.68554,33.74805],[-4.6856,33.74922],[-4.68626,33.74972],[-4.68626,33.75013],[-4.68548,33.75066],[-4.68518,33.75133],[-4.68454,33.75163],[-4.68393,33.75261],[-4.68416,33.75373],[-4.68403,33.75419],[-4.68417,33.75484],[-4.68364,33.75579],[-4.68386,33.75617],[-4.68341,33.75694],[-4.68324,33.75769],[-4.68291,33.75809]]}},{"type":"Feature","properties":{},"geometry":{"type":"LineString","coordinates":[[-5.46157,33.47396],[-5.45954,33.47292],[-5.4585,33.47212],[-5.45802,33.47193],[-5.45678,33.47069],[-5.4568,33.47043],[-5.45732,33.47013]]}},{"type":"Feature","properties":{},"geometry":{"type":"LineString","coordinates":[[-5.44398,33.40708],[-5.44684,33.40733],[-5.44659,33.40832],[-5.44591,33.40932],[-5.44549,33.41033],[-5.44662,33.41225],[-5.44662,33.41298],[-5.44775,33.41386],[-5.44785,33.41504],[-5.44818,33.41568],[-5.44835,33.4165],[-5.44855,33.41671],[-5.4498,33.41707],[-5.45154,33.41716],[-5.45304,33.41772],[-5.45564,33.41783],[-5.45612,33.41772],[-5.4565,33.41812],[-5.45733,33.41835],[-5.45963,33.41958],[-5.46216,33.41953],[-5.46318,33.41983],[-5.46305,33.42064],[-5.46328,33.42132],[-5.46216,33.42231],[-5.46086,33.42246],[-5.46053,33.42296],[-5.45987,33.42351],[-5.45873,33.42411],[-5.45842,33.42493],[-5.4577,33.42575],[-5.4565,33.42645],[-5.45582,33.42733],[-5.45595,33.42789],[-5.45575,33.42821],[-5.45452,33.42859],[-5.45427,33.42881],[-5.45459,33.42893]]}},{"type":"Feature","properties":{},"geometry":{"type":"LineString","coordinates":[[-5.43896,33.42003],[-5.43926,33.4201],[-5.43951,33.42044],[-5.43973,33.4211],[-5.44032,33.42192],[-5.44171,33.42298],[-5.44191,33.42326],[-5.44192,33.42371],[-5.44233,33.42383],[-5.44317,33.4254],[-5.4441,33.42546],[-5.44515,33.42595],[-5.44631,33.42619],[-5.44614,33.42683],[-5.44621,33.42773],[-5.44663,33.42858],[-5.44782,33.42823],[-5.44821,33.42729],[-5.44862,33.42724],[-5.44828,33.42854],[-5.44791,33.42886],[-5.44775,33.42947],[-5.44705,33.43047],[-5.4471,33.43146],[-5.44801,33.43347],[-5.44793,33.43396],[-5.44824,33.43447],[-5.44816,33.43475],[-5.44949,33.43689],[-5.4513,33.43751],[-5.4519,33.43729]]}},{"type":"Feature","properties":{},"geometry":{"type":"LineString","coordinates":[[-5.44798,33.4334],[-5.44686,33.43427],[-5.44578,33.43735],[-5.44501,33.43838],[-5.44135,33.44049],[-5.43832,33.44252],[-5.43781,33.44299],[-5.43767,33.44334],[-5.4381,33.44401],[-5.4384,33.44509],[-5.43893,33.44579],[-5.44067,33.44746],[-5.44188,33.44824],[-5.44384,33.44998],[-5.44404,33.45097],[-5.4447,33.45163],[-5.44551,33.45156],[-5.44464,33.45288],[-5.44457,33.45391],[-5.44467,33.45574],[-5.44553,33.45911],[-5.44524,33.45977]]}},{"type":"Feature","properties":{},"geometry":{"type":"LineString","coordinates":[[-5.0766,33.63457],[-5.07825,33.63449],[-5.07928,33.6347]]}},{"type":"Feature","properties":{},"geometry":{"type":"LineString","coordinates":[[-5.11671,33.74454],[-5.11585,33.7444],[-5.11528,33.74469],[-5.11498,33.74417],[-5.11391,33.74394]]}},{"type":"Feature","properties":{},"geometry":{"type":"LineString","coordinates":[[-5.11907,33.74546],[-5.11824,33.74602],[-5.11627,33.74665],[-5.11479,33.74637]]}},{"type":"Feature","properties":{},"geometry":{"type":"LineString","coordinates":[[-5.11501,33.74587],[-5.11464,33.74574],[-5.11413,33.7458]]}},{"type":"Feature","properties":{},"geometry":{"type":"LineString","coordinates":[[-5.11515,33.7476],[-5.11442,33.74716],[-5.11494,33.74596],[-5.11687,33.74448],[-5.1172,33.74398]]}},{"type":"Feature","properties":{},"geometry":{"type":"LineString","coordinates":[[-5.1196,33.74675],[-5.1197,33.74709],[-5.11903,33.74735],[-5.11609,33.74799]]}},{"type":"Feature","properties":{},"geometry":{"type":"LineString","coordinates":[[-5.43443,33.42126],[-5.43544,33.42179],[-5.43431,33.42299],[-5.43429,33.42328],[-5.43355,33.42422],[-5.43288,33.42437],[-5.43207,33.42546],[-5.43093,33.42586],[-5.43114,33.42687],[-5.43142,33.42718],[-5.43141,33.42739]]}},{"type":"Feature","properties":{},"geometry":{"type":"LineString","coordinates":[[-5.13086,33.74975],[-5.13065,33.74842],[-5.13075,33.74823],[-5.13104,33.74816],[-5.13094,33.74711],[-5.13132,33.74633],[-5.13161,33.74498],[-5.13142,33.74459],[-5.13072,33.74427],[-5.13064,33.74364]]}},{"type":"Feature","properties":{},"geometry":{"type":"LineString","coordinates":[[-5.13317,33.74252],[-5.12992,33.74386],[-5.12761,33.74408]]}},{"type":"Feature","properties":{},"geometry":{"type":"LineString","coordinates":[[-5.11959,33.74868],[-5.12015,33.74831],[-5.12018,33.74779],[-5.12007,33.74754],[-5.11953,33.74759],[-5.11931,33.74723]]}},{"type":"Feature","properties":{},"geometry":{"type":"LineString","coordinates":[[-5.12343,33.74844],[-5.12166,33.74909],[-5.12078,33.74893],[-5.12067,33.74858],[-5.11969,33.74864],[-5.11947,33.74897],[-5.1183,33.74949]]}},{"type":"Feature","properties":{},"geometry":{"type":"LineString","coordinates":[[-5.1431,33.75231],[-5.14201,33.75339],[-5.14168,33.75315],[-5.14041,33.75275],[-5.13914,33.75274],[-5.137,33.75191],[-5.13558,33.75171],[-5.13456,33.75117],[-5.13371,33.75016],[-5.13333,33.74997],[-5.13253,33.75002],[-5.12929,33.7496],[-5.12756,33.75003],[-5.12513,33.7502],[-5.12414,33.74999],[-5.12327,33.74945]]}},{"type":"Feature","properties":{},"geometry":{"type":"LineString","coordinates":[[-5.02828,33.67808],[-5.02757,33.6781],[-5.02728,33.67785],[-5.02625,33.67794],[-5.02514,33.67698],[-5.02282,33.67612],[-5.02194,33.67642],[-5.01809,33.67648],[-5.01736,33.67636]]}},{"type":"Feature","properties":{},"geometry":{"type":"LineString","coordinates":[[-5.01967,33.67234],[-5.01891,33.67322],[-5.01816,33.67347],[-5.01849,33.67454],[-5.01856,33.67543],[-5.01845,33.67577],[-5.01808,33.6757],[-5.01736,33.67636]]}},{"type":"Feature","properties":{},"geometry":{"type":"LineString","coordinates":[[-5.01919,33.67147],[-5.01896,33.67176]]}},{"type":"Feature","properties":{},"geometry":{"type":"LineString","coordinates":[[-5.02878,33.6794],[-5.02824,33.67909],[-5.02832,33.67828],[-5.02819,33.67767],[-5.02775,33.67718],[-5.02656,33.67654],[-5.02422,33.67598],[-5.02374,33.67573],[-5.02349,33.67348],[-5.02284,33.67347],[-5.02218,33.67307],[-5.02032,33.67264],[-5.01958,33.67231],[-5.01896,33.67176]]}},{"type":"Feature","properties":{},"geometry":{"type":"LineString","coordinates":[[-5.44525,33.45982],[-5.4455,33.46019],[-5.4457,33.46117],[-5.44564,33.46162],[-5.44597,33.46228],[-5.44633,33.46255],[-5.44597,33.46342],[-5.44619,33.46408],[-5.44604,33.4647],[-5.44618,33.46516],[-5.44611,33.46565],[-5.44549,33.46739],[-5.44437,33.46861],[-5.44414,33.46956],[-5.44381,33.47013],[-5.44358,33.47155],[-5.44111,33.47592],[-5.44062,33.4765]]}},{"type":"Feature","properties":{},"geometry":{"type":"LineString","coordinates":[[-5.44524,33.45977],[-5.44525,33.45982]]}},{"type":"Feature","properties":{},"geometry":{"type":"LineString","coordinates":[[-5.45235,33.47537],[-5.45072,33.47511],[-5.44841,33.47526],[-5.44582,33.47512],[-5.44377,33.47559]]}},{"type":"Feature","properties":{},"geometry":{"type":"LineString","coordinates":[[-5.45242,33.47534],[-5.45235,33.47537]]}},{"type":"Feature","properties":{},"geometry":{"type":"LineString","coordinates":[[-5.42625,33.42902],[-5.42571,33.42985],[-5.42515,33.43003],[-5.42419,33.42998],[-5.42401,33.43024]]}},{"type":"Feature","properties":{},"geometry":{"type":"LineString","coordinates":[[-5.37385,33.29223],[-5.373,33.29186],[-5.37269,33.29143],[-5.37191,33.29097],[-5.36959,33.29012],[-5.3691,33.28972],[-5.36763,33.28934]]}},{"type":"Feature","properties":{},"geometry":{"type":"LineString","coordinates":[[-5.12081,33.75091],[-5.12071,33.75059],[-5.12089,33.75025],[-5.12255,33.74934],[-5.1232,33.74853]]}},{"type":"Feature","properties":{},"geometry":{"type":"LineString","coordinates":[[-5.11815,33.74193],[-5.11794,33.74158],[-5.11705,33.7409],[-5.11529,33.74062],[-5.11528,33.74026],[-5.11555,33.73988]]}},{"type":"Feature","properties":{},"geometry":{"type":"LineString","coordinates":[[-5.11842,33.74191],[-5.11727,33.74216],[-5.11627,33.74204],[-5.11479,33.74128],[-5.11475,33.74095],[-5.11459,33.74086],[-5.11391,33.74139]]}},{"type":"Feature","properties":{},"geometry":{"type":"LineString","coordinates":[[-5.12842,33.73829],[-5.12685,33.73917],[-5.12569,33.74033],[-5.12467,33.741],[-5.12439,33.74102]]}},{"type":"Feature","properties":{},"geometry":{"type":"LineString","coordinates":[[-5.13238,33.74091],[-5.13128,33.74102]]}},{"type":"Feature","properties":{},"geometry":{"type":"LineString","coordinates":[[-5.13394,33.74085],[-5.13333,33.74092],[-5.13277,33.74154]]}},{"type":"Feature","properties":{},"geometry":{"type":"LineString","coordinates":[[-5.13184,33.742],[-5.13056,33.74249],[-5.1306,33.74273]]}},{"type":"Feature","properties":{},"geometry":{"type":"LineString","coordinates":[[-5.13596,33.74157],[-5.1355,33.74152],[-5.13417,33.74305]]}},{"type":"Feature","properties":{},"geometry":{"type":"LineString","coordinates":[[-5.13867,33.74272],[-5.13851,33.7427],[-5.13838,33.74298],[-5.13753,33.74345],[-5.13693,33.74434]]}},{"type":"Feature","properties":{},"geometry":{"type":"LineString","coordinates":[[-5.13641,33.74718],[-5.13691,33.74519],[-5.13769,33.74465]]}},{"type":"Feature","properties":{},"geometry":{"type":"LineString","coordinates":[[-5.13264,33.74849],[-5.13248,33.7488],[-5.13102,33.74817]]}},{"type":"Feature","properties":{},"geometry":{"type":"LineString","coordinates":[[-5.10906,33.75385],[-5.10924,33.7536],[-5.10896,33.75273],[-5.10783,33.75196],[-5.1069,33.75093],[-5.10467,33.74991],[-5.1036,33.74899],[-5.10166,33.74773],[-5.10117,33.74715],[-5.1011,33.74601],[-5.10132,33.74465],[-5.10122,33.74268],[-5.09823,33.74328],[-5.09734,33.74218],[-5.09763,33.74171],[-5.09788,33.74069],[-5.09854,33.73692]]}},{"type":"Feature","properties":{},"geometry":{"type":"LineString","coordinates":[[-5.36897,33.27992],[-5.36834,33.27912],[-5.36877,33.27814],[-5.36834,33.27707],[-5.36803,33.27672]]}},{"type":"Feature","properties":{},"geometry":{"type":"LineString","coordinates":[[-5.37123,33.28314],[-5.37085,33.28316],[-5.37061,33.28286],[-5.36985,33.28022],[-5.36928,33.28014],[-5.36811,33.27963],[-5.36781,33.28003],[-5.36751,33.28008],[-5.36683,33.27954]]}},{"type":"Feature","properties":{},"geometry":{"type":"LineString","coordinates":[[-5.36526,33.26483],[-5.36607,33.26476],[-5.36733,33.26415],[-5.36746,33.26369]]}},{"type":"Feature","properties":{},"geometry":{"type":"LineString","coordinates":[[-5.36556,33.26479],[-5.36548,33.2644],[-5.36581,33.26411],[-5.36746,33.26369],[-5.36872,33.26313],[-5.36909,33.26315]]}},{"type":"Feature","properties":{},"geometry":{"type":"LineString","coordinates":[[-5.09897,33.73956],[-5.09947,33.7377],[-5.09925,33.73716]]}},{"type":"Feature","properties":{},"geometry":{"type":"LineString","coordinates":[[-5.07815,33.74023],[-5.07867,33.74042],[-5.08001,33.74153],[-5.08052,33.74238],[-5.08084,33.74339],[-5.08298,33.74655],[-5.08321,33.747],[-5.08327,33.74796],[-5.0831,33.7496],[-5.08358,33.74994],[-5.08406,33.75057],[-5.08397,33.75187],[-5.08442,33.75247]]}},{"type":"Feature","properties":{},"geometry":{"type":"LineString","coordinates":[[-5.43767,33.44339],[-5.43727,33.44311]]}},{"type":"Feature","properties":{},"geometry":{"type":"LineString","coordinates":[[-5.43781,33.44299],[-5.43727,33.44311],[-5.43585,33.44416],[-5.43557,33.44466],[-5.43456,33.44527],[-5.43287,33.44677],[-5.43186,33.44729],[-5.4316,33.44732],[-5.43181,33.44679],[-5.43242,33.44617],[-5.43247,33.44567],[-5.433,33.44496]]}},{"type":"Feature","properties":{},"geometry":{"type":"LineString","coordinates":[[-5.44267,33.40636],[-5.44246,33.40655]]}},{"type":"Feature","properties":{},"geometry":{"type":"LineString","coordinates":[[-5.12802,33.73813],[-5.12731,33.73815],[-5.12665,33.73846],[-5.12643,33.73817]]}},{"type":"Feature","properties":{},"geometry":{"type":"LineString","coordinates":[[-5.12388,33.73705],[-5.12205,33.73771],[-5.12159,33.73733],[-5.12154,33.73702],[-5.12123,33.73695]]}},{"type":"Feature","properties":{},"geometry":{"type":"LineString","coordinates":[[-5.10247,33.73689],[-5.10205,33.73727],[-5.10197,33.73861]]}},{"type":"Feature","properties":{},"geometry":{"type":"LineString","coordinates":[[-5.0205,33.64685],[-5.02026,33.6457],[-5.02099,33.64311],[-5.02093,33.64182],[-5.02056,33.64145],[-5.02061,33.64003],[-5.02026,33.6395],[-5.02006,33.63801],[-5.01951,33.63663],[-5.01829,33.63438]]}},{"type":"Feature","properties":{},"geometry":{"type":"LineString","coordinates":[[-5.06935,33.67849],[-5.06949,33.67867],[-5.0695,33.67935],[-5.07123,33.68157],[-5.07141,33.68192],[-5.07141,33.68243]]}},{"type":"Feature","properties":{"grade":"grade2"},"geometry":{"type":"LineString","coordinates":[[-5.0392,33.65074],[-5.03821,33.64981],[-5.03706,33.64914],[-5.03657,33.6485],[-5.03659,33.64714],[-5.03702,33.64642],[-5.03678,33.64611],[-5.03666,33.64551],[-5.03687,33.64498]]}},{"type":"Feature","properties":{"grade":"grade2"},"geometry":{"type":"LineString","coordinates":[[-5.03863,33.63791],[-5.03795,33.63826],[-5.03775,33.63862],[-5.03685,33.63934],[-5.03673,33.63965],[-5.03687,33.6402],[-5.03671,33.64159],[-5.03684,33.64288],[-5.03744,33.64353],[-5.03687,33.64498]]}},{"type":"Feature","properties":{},"geometry":{"type":"LineString","coordinates":[[-5.01851,33.63381],[-5.01577,33.6308],[-5.01515,33.62853],[-5.01488,33.62822]]}},{"type":"Feature","properties":{},"geometry":{"type":"LineString","coordinates":[[-5.02798,33.67352],[-5.02779,33.67316],[-5.02819,33.67238],[-5.02713,33.67149]]}},{"type":"Feature","properties":{},"geometry":{"type":"LineString","coordinates":[[-5.02824,33.67909],[-5.02801,33.67967],[-5.02717,33.67979],[-5.02536,33.67905]]}},{"type":"Feature","properties":{},"geometry":{"type":"LineString","coordinates":[[-5.01716,33.67635],[-5.01744,33.67724],[-5.01801,33.67755],[-5.01847,33.67831]]}},{"type":"Feature","properties":{},"geometry":{"type":"LineString","coordinates":[[-5.01736,33.67636],[-5.01712,33.67633],[-5.01647,33.67568],[-5.01585,33.67601],[-5.0151,33.67572],[-5.01352,33.67545],[-5.01279,33.67572]]}},{"type":"Feature","properties":{},"geometry":{"type":"LineString","coordinates":[[-5.04648,33.62881],[-5.04674,33.62836],[-5.0474,33.62818],[-5.04893,33.62711],[-5.04956,33.62691],[-5.04984,33.62646]]}},{"type":"Feature","properties":{},"geometry":{"type":"LineString","coordinates":[[-5.35346,33.30483],[-5.35565,33.30324],[-5.3562,33.30255],[-5.357,33.30228],[-5.35745,33.30189],[-5.35872,33.30131],[-5.3597,33.30013],[-5.36032,33.2999],[-5.36083,33.29881],[-5.36143,33.29841],[-5.36293,33.29797],[-5.36398,33.29698],[-5.36474,33.29594]]}},{"type":"Feature","properties":{},"geometry":{"type":"LineString","coordinates":[[-5.36619,33.29023],[-5.36644,33.29022],[-5.36677,33.29061],[-5.36741,33.29238],[-5.36778,33.29292],[-5.36794,33.29339],[-5.36778,33.29399]]}},{"type":"Feature","properties":{},"geometry":{"type":"LineString","coordinates":[[-5.36262,33.28847],[-5.36086,33.28732],[-5.3608,33.28671],[-5.36044,33.28639]]}},{"type":"Feature","properties":{},"geometry":{"type":"LineString","coordinates":[[-5.3714,33.28299],[-5.3721,33.28286],[-5.3734,33.28317],[-5.3741,33.28411],[-5.375,33.28454],[-5.37586,33.28451],[-5.37694,33.28417]]}},{"type":"Feature","properties":{},"geometry":{"type":"LineString","coordinates":[[-5.36191,33.28473],[-5.36191,33.28459],[-5.36289,33.28423],[-5.36383,33.28396],[-5.36478,33.28396],[-5.36504,33.28375]]}},{"type":"Feature","properties":{},"geometry":{"type":"LineString","coordinates":[[-5.36499,33.28767],[-5.3641,33.28664],[-5.36223,33.28492],[-5.36029,33.28405],[-5.35869,33.28277],[-5.35711,33.28102],[-5.35557,33.28018],[-5.35433,33.27901],[-5.35382,33.27903],[-5.35343,33.27878]]}},{"type":"Feature","properties":{},"geometry":{"type":"LineString","coordinates":[[-5.75002,33.69128],[-5.74802,33.69116],[-5.74737,33.69171],[-5.74454,33.69086],[-5.74261,33.69105],[-5.74245,33.69038],[-5.74247,33.68871],[-5.74164,33.68858]]}},{"type":"Feature","properties":{},"geometry":{"type":"LineString","coordinates":[[-5.74314,33.67646],[-5.74283,33.67731],[-5.74193,33.67877],[-5.74169,33.68027],[-5.74213,33.68458],[-5.74199,33.68505],[-5.74129,33.68585],[-5.74123,33.68612],[-5.74134,33.68787],[-5.74164,33.68861],[-5.74012,33.69064]]}},{"type":"Feature","properties":{},"geometry":{"type":"LineString","coordinates":[[-5.7268,33.70321],[-5.72672,33.70282],[-5.72704,33.7024],[-5.72865,33.70093],[-5.73006,33.70033],[-5.73078,33.69924],[-5.73183,33.69837],[-5.73201,33.69838],[-5.73322,33.69949],[-5.73404,33.69963]]}},{"type":"Feature","properties":{},"geometry":{"type":"LineString","coordinates":[[-5.41152,33.27265],[-5.41233,33.27313],[-5.41258,33.27356],[-5.41192,33.27591],[-5.41114,33.27663]]}},{"type":"Feature","properties":{},"geometry":{"type":"LineString","coordinates":[[-5.3691,33.28972],[-5.36971,33.28997],[-5.37086,33.29012],[-5.3723,33.2901],[-5.37366,33.28956],[-5.376,33.28965],[-5.37749,33.28908],[-5.37868,33.28953],[-5.37966,33.29022],[-5.38299,33.29154],[-5.38546,33.29321],[-5.3871,33.29344],[-5.3906,33.29346],[-5.39202,33.29305],[-5.39315,33.29372]]}},{"type":"Feature","properties":{},"geometry":{"type":"LineString","coordinates":[[-5.70095,33.69268],[-5.70298,33.70002]]}},{"type":"Feature","properties":{},"geometry":{"type":"LineString","coordinates":[[-5.6747,33.69894],[-5.67539,33.69653],[-5.67628,33.6951],[-5.67644,33.6939],[-5.67699,33.69323],[-5.6772,33.69241],[-5.67793,33.69101]]}},{"type":"Feature","properties":{},"geometry":{"type":"LineString","coordinates":[[-5.67481,33.6991],[-5.67304,33.69625],[-5.67263,33.696]]}},{"type":"Feature","properties":{},"geometry":{"type":"LineString","coordinates":[[-5.75225,33.6951],[-5.75206,33.69474],[-5.74975,33.69402]]}},{"type":"Feature","properties":{},"geometry":{"type":"LineString","coordinates":[[-5.74489,33.70587],[-5.74516,33.70547],[-5.74509,33.70534],[-5.74329,33.70578],[-5.74243,33.70576],[-5.74413,33.7041],[-5.74377,33.70277],[-5.74379,33.70196],[-5.74405,33.70092],[-5.74489,33.70066],[-5.7462,33.69976],[-5.74827,33.69635],[-5.7485,33.69557],[-5.74972,33.69413],[-5.74989,33.69358],[-5.75104,33.69236],[-5.75049,33.6917],[-5.74748,33.69171]]}},{"type":"Feature","properties":{},"geometry":{"type":"LineString","coordinates":[[-5.69494,33.6625],[-5.69296,33.66253]]}},{"type":"Feature","properties":{},"geometry":{"type":"LineString","coordinates":[[-5.69873,33.66422],[-5.69822,33.66273],[-5.69771,33.6628],[-5.69744,33.66302],[-5.69522,33.66328],[-5.69503,33.66319],[-5.69494,33.66186],[-5.69508,33.661]]}},{"type":"Feature","properties":{},"geometry":{"type":"LineString","coordinates":[[-5.69518,33.66806],[-5.69508,33.66775],[-5.69529,33.66712],[-5.69529,33.66643],[-5.69473,33.66547],[-5.69466,33.66501],[-5.69443,33.66466],[-5.69249,33.66374]]}},{"type":"Feature","properties":{},"geometry":{"type":"LineString","coordinates":[[-5.72094,33.65897],[-5.72115,33.65916],[-5.72144,33.6605],[-5.72241,33.66103]]}},{"type":"Feature","properties":{},"geometry":{"type":"LineString","coordinates":[[-5.72082,33.65905],[-5.72188,33.65787],[-5.72238,33.65659],[-5.72232,33.65641],[-5.72298,33.65531],[-5.72304,33.65458],[-5.72328,33.65415],[-5.72466,33.65259],[-5.72537,33.65216],[-5.72594,33.65074],[-5.72759,33.64848],[-5.72966,33.64691],[-5.73065,33.64658]]}},{"type":"Feature","properties":{},"geometry":{"type":"LineString","coordinates":[[-5.74306,33.67641],[-5.74313,33.67439],[-5.7435,33.67359],[-5.74377,33.67237]]}},{"type":"Feature","properties":{},"geometry":{"type":"LineString","coordinates":[[-5.66597,33.69604],[-5.66708,33.69833],[-5.66435,33.69927],[-5.66421,33.69944]]}},{"type":"Feature","properties":{},"geometry":{"type":"LineString","coordinates":[[-5.66564,33.69418],[-5.66522,33.69419],[-5.6647,33.69361],[-5.6631,33.69253]]}},{"type":"Feature","properties":{},"geometry":{"type":"LineString","coordinates":[[-5.66304,33.69693],[-5.66597,33.69604],[-5.66547,33.6945],[-5.66564,33.69418],[-5.66619,33.69412]]}},{"type":"Feature","properties":{},"geometry":{"type":"LineString","coordinates":[[-5.68588,33.6637],[-5.68532,33.66528],[-5.68486,33.66566],[-5.68445,33.66642],[-5.68455,33.66717],[-5.68436,33.66756],[-5.68422,33.67072],[-5.68399,33.67169],[-5.68419,33.67225],[-5.68407,33.67344],[-5.68338,33.6777],[-5.68257,33.68004],[-5.68258,33.68129],[-5.68285,33.68282],[-5.68269,33.68351],[-5.68321,33.68408]]}},{"type":"Feature","properties":{},"geometry":{"type":"LineString","coordinates":[[-5.68851,33.65442],[-5.68847,33.65358],[-5.68782,33.65245]]}},{"type":"Feature","properties":{},"geometry":{"type":"LineString","coordinates":[[-5.68688,33.65934],[-5.68609,33.66],[-5.68529,33.66013],[-5.68461,33.66097]]}},{"type":"Feature","properties":{},"geometry":{"type":"LineString","coordinates":[[-5.68708,33.65988],[-5.68692,33.65938],[-5.68611,33.65861],[-5.68576,33.6576],[-5.68579,33.65721]]}},{"type":"Feature","properties":{},"geometry":{"type":"LineString","coordinates":[[-5.70409,33.66754],[-5.70355,33.66843],[-5.70289,33.66895],[-5.70237,33.66962],[-5.70208,33.66972],[-5.70177,33.67024]]}},{"type":"Feature","properties":{},"geometry":{"type":"LineString","coordinates":[[-5.70491,33.68622],[-5.7046,33.68687],[-5.70369,33.68736],[-5.70135,33.68772],[-5.70032,33.68921],[-5.69993,33.69014]]}},{"type":"Feature","properties":{},"geometry":{"type":"LineString","coordinates":[[-5.67952,33.6648],[-5.67933,33.66397],[-5.6801,33.66402],[-5.68091,33.66339],[-5.68257,33.66256],[-5.68279,33.66282],[-5.68365,33.66317],[-5.68415,33.66357],[-5.6852,33.66536]]}},{"type":"Feature","properties":{},"geometry":{"type":"LineString","coordinates":[[-5.69604,33.68199],[-5.69579,33.6825],[-5.69533,33.68286],[-5.69507,33.68415],[-5.69515,33.68454],[-5.69364,33.6855],[-5.69276,33.68644],[-5.69294,33.68822]]}},{"type":"Feature","properties":{},"geometry":{"type":"LineString","coordinates":[[-5.69857,33.6803],[-5.69676,33.68141],[-5.69439,33.68317],[-5.69378,33.68127]]}},{"type":"Feature","properties":{},"geometry":{"type":"LineString","coordinates":[[-5.67657,33.65643],[-5.67742,33.65632],[-5.67907,33.65539],[-5.68126,33.65524],[-5.68258,33.65453],[-5.68276,33.65462],[-5.68261,33.65527]]}},{"type":"Feature","properties":{},"geometry":{"type":"LineString","coordinates":[[-5.67584,33.65624],[-5.67944,33.65735],[-5.68099,33.6582],[-5.6814,33.65858]]}},{"type":"Feature","properties":{},"geometry":{"type":"LineString","coordinates":[[-5.70806,33.6749],[-5.70962,33.67378]]}},{"type":"Feature","properties":{},"geometry":{"type":"LineString","coordinates":[[-5.7065,33.67718],[-5.70697,33.67682],[-5.70806,33.6749],[-5.70842,33.67323],[-5.70832,33.67229],[-5.70907,33.67205]]}},{"type":"Feature","properties":{},"geometry":{"type":"LineString","coordinates":[[-5.71385,33.6708],[-5.71309,33.67074],[-5.71223,33.67023],[-5.71136,33.67019],[-5.71097,33.67059],[-5.71071,33.67151],[-5.71003,33.67225]]}},{"type":"Feature","properties":{},"geometry":{"type":"LineString","coordinates":[[-5.70635,33.6682],[-5.70762,33.6682],[-5.70859,33.66745],[-5.70941,33.66761],[-5.7106,33.66755],[-5.71209,33.66805],[-5.71346,33.66983],[-5.71661,33.67626],[-5.71797,33.67711],[-5.71903,33.67802],[-5.72095,33.68025]]}},{"type":"Feature","properties":{},"geometry":{"type":"LineString","coordinates":[[-5.72418,33.66809],[-5.72246,33.67001]]}},{"type":"Feature","properties":{},"geometry":{"type":"LineString","coordinates":[[-5.67283,33.64816],[-5.67304,33.64872],[-5.67378,33.64849],[-5.6766,33.64877]]}},{"type":"Feature","properties":{},"geometry":{"type":"LineString","coordinates":[[-5.15845,33.59107],[-5.15806,33.59204],[-5.15735,33.59273],[-5.15751,33.59323],[-5.15723,33.5939]]}},{"type":"Feature","properties":{},"geometry":{"type":"LineString","coordinates":[[-5.18871,33.62721],[-5.18895,33.62608],[-5.18882,33.62583],[-5.19092,33.62408],[-5.19174,33.62303]]}},{"type":"Feature","properties":{},"geometry":{"type":"LineString","coordinates":[[-5.20199,33.63122],[-5.20167,33.62919]]}},{"type":"Feature","properties":{},"geometry":{"type":"LineString","coordinates":[[-5.20356,33.62899],[-5.20151,33.62642],[-5.20056,33.62559],[-5.20275,33.62453],[-5.20291,33.62395]]}},{"type":"Feature","properties":{},"geometry":{"type":"LineString","coordinates":[[-5.20774,33.62876],[-5.20589,33.62807],[-5.20534,33.62891]]}},{"type":"Feature","properties":{},"geometry":{"type":"LineString","coordinates":[[-5.17182,33.6033],[-5.17024,33.60419],[-5.16986,33.60397],[-5.16937,33.60432]]}},{"type":"Feature","properties":{},"geometry":{"type":"LineString","coordinates":[[-5.16849,33.60733],[-5.1681,33.60747],[-5.16719,33.60694],[-5.16552,33.6063],[-5.16522,33.60588],[-5.16491,33.60573],[-5.16341,33.60632]]}},{"type":"Feature","properties":{},"geometry":{"type":"LineString","coordinates":[[-5.16505,33.62091],[-5.16488,33.62146],[-5.16437,33.62174],[-5.16388,33.62243],[-5.16303,33.62283]]}},{"type":"Feature","properties":{},"geometry":{"type":"LineString","coordinates":[[-5.68647,33.69406],[-5.68585,33.69422],[-5.68448,33.69425],[-5.68306,33.69485],[-5.68096,33.69518]]}},{"type":"Feature","properties":{},"geometry":{"type":"LineString","coordinates":[[-5.68313,33.67861],[-5.68183,33.67708],[-5.68037,33.67657],[-5.67985,33.67648],[-5.67937,33.67661],[-5.67872,33.67636],[-5.67773,33.67639],[-5.67632,33.67618],[-5.67595,33.67631],[-5.67469,33.67631],[-5.67248,33.67585],[-5.67191,33.67557]]}},{"type":"Feature","properties":{},"geometry":{"type":"LineString","coordinates":[[-4.99591,33.54905],[-4.99621,33.54871],[-4.9964,33.54782],[-4.99733,33.5454],[-4.99811,33.54443],[-4.99859,33.54355],[-4.9986,33.5431]]}},{"type":"Feature","properties":{},"geometry":{"type":"LineString","coordinates":[[-4.99392,33.54757],[-4.99388,33.54804],[-4.99434,33.54866],[-4.99415,33.54945],[-4.99456,33.55007],[-4.99508,33.55019],[-4.99499,33.55042]]}},{"type":"Feature","properties":{},"geometry":{"type":"LineString","coordinates":[[-5.00229,33.52645],[-5.00186,33.52804],[-5.00197,33.52937],[-5.00143,33.53147],[-5.00196,33.53196]]}},{"type":"Feature","properties":{},"geometry":{"type":"LineString","coordinates":[[-5.00328,33.52426],[-5.00359,33.52413],[-5.00405,33.52424],[-5.0051,33.5238],[-5.00776,33.52491],[-5.01007,33.52562],[-5.01086,33.52621],[-5.0109,33.52667]]}},{"type":"Feature","properties":{},"geometry":{"type":"LineString","coordinates":[[-4.97334,33.56941],[-4.97297,33.56931],[-4.97192,33.57048],[-4.97132,33.57028]]}},{"type":"Feature","properties":{},"geometry":{"type":"LineString","coordinates":[[-4.97673,33.54041],[-4.97569,33.54096],[-4.97431,33.54142]]}},{"type":"Feature","properties":{},"geometry":{"type":"LineString","coordinates":[[-4.97482,33.53781],[-4.97494,33.53816],[-4.97405,33.53962]]}},{"type":"Feature","properties":{},"geometry":{"type":"LineString","coordinates":[[-4.97824,33.54201],[-4.97707,33.5405],[-4.97428,33.53958],[-4.97369,33.53976],[-4.97312,33.5395],[-4.97094,33.53915],[-4.97043,33.53921],[-4.9699,33.53953],[-4.97006,33.54048]]}},{"type":"Feature","properties":{},"geometry":{"type":"LineString","coordinates":[[-4.9783,33.53501],[-4.97836,33.53541],[-4.97897,33.53553],[-4.97957,33.53602],[-4.98,33.53615]]}},{"type":"Feature","properties":{},"geometry":{"type":"LineString","coordinates":[[-4.96175,33.54649],[-4.9583,33.5478]]}},{"type":"Feature","properties":{},"geometry":{"type":"LineString","coordinates":[[-4.97149,33.57162],[-4.96984,33.57079],[-4.9686,33.57079],[-4.96694,33.57121],[-4.96629,33.57047],[-4.96541,33.56984],[-4.96227,33.56895],[-4.9604,33.56947],[-4.96022,33.56979],[-4.96032,33.57015]]}},{"type":"Feature","properties":{},"geometry":{"type":"LineString","coordinates":[[-4.96413,33.56581],[-4.96452,33.56626],[-4.9641,33.56711],[-4.96485,33.56911],[-4.9649,33.56967]]}},{"type":"Feature","properties":{},"geometry":{"type":"LineString","coordinates":[[-4.9562,33.55616],[-4.95563,33.55812],[-4.95576,33.5587],[-4.95776,33.55944]]}},{"type":"Feature","properties":{},"geometry":{"type":"LineString","coordinates":[[-4.98131,33.54055],[-4.98046,33.54043],[-4.97988,33.54074],[-4.97888,33.54058]]}},{"type":"Feature","properties":{},"geometry":{"type":"LineString","coordinates":[[-4.98527,33.5322],[-4.98662,33.53231],[-4.98737,33.53265]]}},{"type":"Feature","properties":{},"geometry":{"type":"LineString","coordinates":[[-5.00049,33.5347],[-5.00132,33.53493],[-5.00154,33.53544],[-5.00128,33.53686],[-5.00152,33.53818],[-5.00076,33.54043]]}},{"type":"Feature","properties":{},"geometry":{"type":"LineString","coordinates":[[-5.00612,33.54416],[-5.00656,33.54426],[-5.00764,33.54508],[-5.00787,33.54501]]}},{"type":"Feature","properties":{},"geometry":{"type":"LineString","coordinates":[[-5.16653,33.61812],[-5.16657,33.61533]]}},{"type":"Feature","properties":{},"geometry":{"type":"LineString","coordinates":[[-5.16395,33.61526],[-5.1648,33.61519],[-5.16507,33.61537],[-5.16602,33.6155],[-5.16696,33.61513]]}},{"type":"Feature","properties":{},"geometry":{"type":"LineString","coordinates":[[-5.16432,33.61897],[-5.16558,33.6189],[-5.1666,33.61812],[-5.16684,33.61839],[-5.16691,33.61879],[-5.168,33.61887],[-5.16831,33.61931],[-5.16928,33.61977],[-5.16985,33.6198],[-5.17088,33.62054],[-5.17153,33.6208],[-5.17151,33.62125],[-5.17294,33.62151],[-5.175,33.62225],[-5.17586,33.62293],[-5.17639,33.62374],[-5.17803,33.62458],[-5.17902,33.62563],[-5.18019,33.62615],[-5.1803,33.62655],[-5.17961,33.62716],[-5.17957,33.6274]]}},{"type":"Feature","properties":{},"geometry":{"type":"LineString","coordinates":[[-5.206,33.63098],[-5.20533,33.63076],[-5.20374,33.62899]]}},{"type":"Feature","properties":{},"geometry":{"type":"LineString","coordinates":[[-5.18237,33.62679],[-5.18286,33.62712],[-5.18308,33.62756],[-5.18311,33.6286],[-5.18343,33.62904]]}},{"type":"Feature","properties":{},"geometry":{"type":"LineString","coordinates":[[-5.16282,33.59313],[-5.16279,33.59341],[-5.16302,33.59379],[-5.16297,33.59426],[-5.16407,33.5942],[-5.16439,33.59441],[-5.16441,33.59459]]}},{"type":"Feature","properties":{},"geometry":{"type":"LineString","coordinates":[[-5.15911,33.59358],[-5.159,33.59409],[-5.15809,33.59471]]}},{"type":"Feature","properties":{},"geometry":{"type":"LineString","coordinates":[[-4.97988,33.54798],[-4.98028,33.54807],[-4.98083,33.54856]]}},{"type":"Feature","properties":{},"geometry":{"type":"LineString","coordinates":[[-4.98675,33.54385],[-4.98657,33.54354],[-4.98614,33.54338],[-4.98505,33.54139],[-4.98517,33.54129]]}},{"type":"Feature","properties":{},"geometry":{"type":"LineString","coordinates":[[-4.98548,33.56672],[-4.98449,33.56763]]}},{"type":"Feature","properties":{},"geometry":{"type":"LineString","coordinates":[[-4.97957,33.55106],[-4.98092,33.55243],[-4.98175,33.55253],[-4.98232,33.55288]]}},{"type":"Feature","properties":{},"geometry":{"type":"LineString","coordinates":[[-4.96906,33.55487],[-4.96962,33.55585],[-4.9705,33.5563]]}},{"type":"Feature","properties":{},"geometry":{"type":"LineString","coordinates":[[-4.9773,33.5552],[-4.97531,33.55517],[-4.97385,33.55534],[-4.97369,33.55507]]}},{"type":"Feature","properties":{},"geometry":{"type":"LineString","coordinates":[[-5.1916,33.60182],[-5.18794,33.59937],[-5.18731,33.59931],[-5.18524,33.59866],[-5.1835,33.59864],[-5.18295,33.59828],[-5.18276,33.59755],[-5.18225,33.59682],[-5.18183,33.5947],[-5.17981,33.59148]]}},{"type":"Feature","properties":{},"geometry":{"type":"LineString","coordinates":[[-5.18319,33.62662],[-5.18376,33.62498],[-5.18308,33.6244],[-5.18227,33.62448],[-5.18079,33.62411]]}},{"type":"Feature","properties":{},"geometry":{"type":"LineString","coordinates":[[-5.18613,33.60926],[-5.18881,33.6095],[-5.19294,33.60951],[-5.19421,33.60972],[-5.19503,33.60963],[-5.19544,33.60947],[-5.19581,33.60885],[-5.19585,33.60769],[-5.19613,33.60746],[-5.19691,33.60731],[-5.19758,33.6069],[-5.19889,33.60679]]}},{"type":"Feature","properties":{},"geometry":{"type":"LineString","coordinates":[[-5.15812,33.59497],[-5.15744,33.59537],[-5.15673,33.5955],[-5.15417,33.59502],[-5.15044,33.59514],[-5.14931,33.59499],[-5.14909,33.5953],[-5.14616,33.59569],[-5.14465,33.59625],[-5.14445,33.59669],[-5.14356,33.59717],[-5.14342,33.59767],[-5.14297,33.59757],[-5.14244,33.59777],[-5.14079,33.59898],[-5.13934,33.59961],[-5.1391,33.59987],[-5.14003,33.60145],[-5.14062,33.60179]]}},{"type":"Feature","properties":{},"geometry":{"type":"LineString","coordinates":[[-5.10116,33.74713],[-5.10107,33.7473],[-5.1013,33.74811],[-5.10052,33.74841],[-5.10011,33.74952]]}},{"type":"Feature","properties":{},"geometry":{"type":"LineString","coordinates":[[-5.10466,33.7499],[-5.10227,33.74989],[-5.10051,33.75047],[-5.09967,33.75051]]}},{"type":"Feature","properties":{},"geometry":{"type":"LineString","coordinates":[[-5.13216,33.74587],[-5.13223,33.74637],[-5.13132,33.74625]]}},{"type":"Feature","properties":{},"geometry":{"type":"LineString","coordinates":[[-5.11869,33.74135],[-5.11834,33.7415],[-5.11894,33.74177]]}},{"type":"Feature","properties":{},"geometry":{"type":"LineString","coordinates":[[-5.65995,33.72114],[-5.65874,33.72174],[-5.65812,33.72231],[-5.6573,33.72235]]}},{"type":"Feature","properties":{},"geometry":{"type":"LineString","coordinates":[[-5.66859,33.72055],[-5.6683,33.72034],[-5.66511,33.72181],[-5.66154,33.72282],[-5.66009,33.72363]]}},{"type":"Feature","properties":{},"geometry":{"type":"LineString","coordinates":[[-5.66247,33.72514],[-5.66147,33.72286],[-5.65681,33.71797],[-5.65583,33.71644],[-5.65517,33.71493]]}},{"type":"Feature","properties":{},"geometry":{"type":"LineString","coordinates":[[-5.67044,33.71421],[-5.66851,33.71573]]}},{"type":"Feature","properties":{},"geometry":{"type":"LineString","coordinates":[[-5.6628,33.72807],[-5.66143,33.72881],[-5.65786,33.72922],[-5.65605,33.72986]]}},{"type":"Feature","properties":{},"geometry":{"type":"LineString","coordinates":[[-5.6663,33.72569],[-5.66533,33.72622],[-5.66272,33.72822],[-5.66269,33.72872],[-5.66383,33.73154]]}},{"type":"Feature","properties":{},"geometry":{"type":"LineString","coordinates":[[-5.66517,33.73314],[-5.66339,33.73308]]}},{"type":"Feature","properties":{},"geometry":{"type":"LineString","coordinates":[[-5.68608,33.73074],[-5.68488,33.7309],[-5.68491,33.73122],[-5.68535,33.73168]]}},{"type":"Feature","properties":{},"geometry":{"type":"LineString","coordinates":[[-5.68607,33.7317],[-5.68621,33.73125],[-5.68608,33.73074],[-5.68683,33.73052]]}},{"type":"Feature","properties":{},"geometry":{"type":"LineString","coordinates":[[-5.68858,33.74159],[-5.68906,33.74206],[-5.68939,33.74205]]}},{"type":"Feature","properties":{},"geometry":{"type":"LineString","coordinates":[[-5.68769,33.74246],[-5.68847,33.74229],[-5.68853,33.74133]]}},{"type":"Feature","properties":{},"geometry":{"type":"LineString","coordinates":[[-5.68733,33.74326],[-5.68684,33.74169],[-5.68744,33.74153]]}},{"type":"Feature","properties":{},"geometry":{"type":"LineString","coordinates":[[-5.68654,33.73849],[-5.68446,33.73298],[-5.68523,33.73247],[-5.68535,33.73168],[-5.68735,33.73172]]}},{"type":"Feature","properties":{},"geometry":{"type":"LineString","coordinates":[[-5.69208,33.74062],[-5.68744,33.74153],[-5.68654,33.73849],[-5.68997,33.73738]]}},{"type":"Feature","properties":{},"geometry":{"type":"LineString","coordinates":[[-5.68376,33.70471],[-5.6836,33.704],[-5.68397,33.70237],[-5.68501,33.70231]]}},{"type":"Feature","properties":{},"geometry":{"type":"LineString","coordinates":[[-5.66726,33.7042],[-5.66605,33.70474]]}},{"type":"Feature","properties":{},"geometry":{"type":"LineString","coordinates":[[-5.67267,33.71588],[-5.67048,33.71733]]}},{"type":"Feature","properties":{},"geometry":{"type":"LineString","coordinates":[[-5.67075,33.71367],[-5.67147,33.71434]]}},{"type":"Feature","properties":{},"geometry":{"type":"LineString","coordinates":[[-5.67377,33.71196],[-5.67016,33.71403]]}},{"type":"Feature","properties":{},"geometry":{"type":"LineString","coordinates":[[-5.67314,33.71121],[-5.67202,33.71204],[-5.66933,33.71353]]}},{"type":"Feature","properties":{},"geometry":{"type":"LineString","coordinates":[[-5.66287,33.73894],[-5.66104,33.73919],[-5.66036,33.74014],[-5.65961,33.74084]]}},{"type":"Feature","properties":{},"geometry":{"type":"LineString","coordinates":[[-5.66248,33.74745],[-5.65979,33.74726]]}},{"type":"Feature","properties":{},"geometry":{"type":"LineString","coordinates":[[-5.72155,33.7148],[-5.72189,33.71521],[-5.72357,33.71615],[-5.72358,33.71722],[-5.72453,33.71762],[-5.7243,33.71851],[-5.72342,33.71889],[-5.72265,33.72027],[-5.72229,33.72044],[-5.72185,33.72013],[-5.72042,33.71872],[-5.72017,33.71828],[-5.71694,33.71954]]}},{"type":"Feature","properties":{},"geometry":{"type":"LineString","coordinates":[[-5.7214,33.71358],[-5.72046,33.71292],[-5.71984,33.71214],[-5.72084,33.70932],[-5.72037,33.70894]]}},{"type":"Feature","properties":{},"geometry":{"type":"LineString","coordinates":[[-5.73516,33.71659],[-5.73339,33.71514],[-5.731,33.7144],[-5.72996,33.71389],[-5.72812,33.71345],[-5.72601,33.71353],[-5.72508,33.71312],[-5.72365,33.71336],[-5.72203,33.71313],[-5.72139,33.7136],[-5.72155,33.7148],[-5.71936,33.71575],[-5.71905,33.71567],[-5.71871,33.71505],[-5.7177,33.71548]]}},{"type":"Feature","properties":{},"geometry":{"type":"LineString","coordinates":[[-5.68267,33.72379],[-5.68108,33.72468],[-5.67878,33.72532],[-5.67783,33.72577]]}},{"type":"Feature","properties":{},"geometry":{"type":"LineString","coordinates":[[-5.66705,33.7197],[-5.66626,33.71969]]}},{"type":"Feature","properties":{},"geometry":{"type":"LineString","coordinates":[[-5.66715,33.71935],[-5.66693,33.72041],[-5.66634,33.72049]]}},{"type":"Feature","properties":{},"geometry":{"type":"LineString","coordinates":[[-5.66598,33.71753],[-5.66738,33.7168],[-5.66827,33.71801],[-5.66737,33.71991],[-5.6673,33.72089]]}},{"type":"Feature","properties":{},"geometry":{"type":"LineString","coordinates":[[-5.67007,33.75088],[-5.66956,33.74945]]}},{"type":"Feature","properties":{},"geometry":{"type":"LineString","coordinates":[[-5.67131,33.74993],[-5.67137,33.75041],[-5.67114,33.75064],[-5.66926,33.75109]]}},{"type":"Feature","properties":{},"geometry":{"type":"LineString","coordinates":[[-5.67255,33.7496],[-5.67131,33.74993],[-5.67096,33.7491]]}},{"type":"Feature","properties":{},"geometry":{"type":"LineString","coordinates":[[-5.67102,33.70869],[-5.66935,33.70977],[-5.66755,33.71069]]}},{"type":"Feature","properties":{},"geometry":{"type":"LineString","coordinates":[[-5.6663,33.70306],[-5.66273,33.70462],[-5.66329,33.70666],[-5.66356,33.70684],[-5.66418,33.70657],[-5.66438,33.70662],[-5.66647,33.70905],[-5.66754,33.71068]]}},{"type":"Feature","properties":{},"geometry":{"type":"LineString","coordinates":[[-5.66203,33.71746],[-5.66177,33.7179],[-5.66065,33.71843]]}},{"type":"Feature","properties":{},"geometry":{"type":"LineString","coordinates":[[-5.66632,33.72029],[-5.66595,33.7203]]}},{"type":"Feature","properties":{},"geometry":{"type":"LineString","coordinates":[[-5.66585,33.71888],[-5.66599,33.7214]]}},{"type":"Feature","properties":{},"geometry":{"type":"LineString","coordinates":[[-5.66458,33.73245],[-5.66603,33.73265]]}},{"type":"Feature","properties":{},"geometry":{"type":"LineString","coordinates":[[-5.66431,33.732],[-5.66645,33.73238]]}},{"type":"Feature","properties":{},"geometry":{"type":"LineString","coordinates":[[-5.66412,33.73163],[-5.66529,33.73187]]}},{"type":"Feature","properties":{},"geometry":{"type":"LineString","coordinates":[[-5.66398,33.73132],[-5.66525,33.73159]]}},{"type":"Feature","properties":{},"geometry":{"type":"LineString","coordinates":[[-5.6641,33.731],[-5.66574,33.73141]]}},{"type":"Feature","properties":{},"geometry":{"type":"LineString","coordinates":[[-5.66951,33.72292],[-5.66755,33.72268]]}},{"type":"Feature","properties":{},"geometry":{"type":"LineString","coordinates":[[-5.66626,33.71277],[-5.66569,33.712],[-5.66524,33.71223]]}},{"type":"Feature","properties":{},"geometry":{"type":"LineString","coordinates":[[-5.66609,33.71296],[-5.66548,33.71209]]}},{"type":"Feature","properties":{},"geometry":{"type":"LineString","coordinates":[[-5.66584,33.71316],[-5.66524,33.71223]]}},{"type":"Feature","properties":{},"geometry":{"type":"LineString","coordinates":[[-5.6653,33.71867],[-5.66472,33.71909]]}},{"type":"Feature","properties":{},"geometry":{"type":"LineString","coordinates":[[-5.67206,33.74848],[-5.67699,33.75027],[-5.67723,33.75074]]}},{"type":"Feature","properties":{},"geometry":{"type":"LineString","coordinates":[[-5.66321,33.74358],[-5.66676,33.74363],[-5.66688,33.74275],[-5.66807,33.74269]]}},{"type":"Feature","properties":{},"geometry":{"type":"LineString","coordinates":[[-5.66831,33.7399],[-5.66285,33.73985]]}},{"type":"Feature","properties":{},"geometry":{"type":"LineString","coordinates":[[-5.69217,33.74781],[-5.69301,33.74995],[-5.6954,33.74932]]}},{"type":"Feature","properties":{},"geometry":{"type":"LineString","coordinates":[[-5.69253,33.74706],[-5.69195,33.74721],[-5.69217,33.74781]]}},{"type":"Feature","properties":{},"geometry":{"type":"LineString","coordinates":[[-5.69495,33.74778],[-5.6934,33.74818],[-5.69253,33.74706],[-5.69456,33.74651]]}},{"type":"Feature","properties":{},"geometry":{"type":"LineString","coordinates":[[-5.69475,33.74715],[-5.69217,33.74781]]}},{"type":"Feature","properties":{},"geometry":{"type":"LineString","coordinates":[[-5.67224,33.71015],[-5.66846,33.71252]]}},{"type":"Feature","properties":{},"geometry":{"type":"LineString","coordinates":[[-5.6684,33.71519],[-5.66811,33.7154]]}},{"type":"Feature","properties":{},"geometry":{"type":"LineString","coordinates":[[-5.66876,33.71547],[-5.66806,33.71488],[-5.66877,33.7144]]}},{"type":"Feature","properties":{},"geometry":{"type":"LineString","coordinates":[[-5.66734,33.71611],[-5.66775,33.7166]]}},{"type":"Feature","properties":{},"geometry":{"type":"LineString","coordinates":[[-5.66593,33.71673],[-5.66734,33.71611],[-5.66709,33.71574],[-5.66593,33.71624]]}},{"type":"Feature","properties":{},"geometry":{"type":"LineString","coordinates":[[-5.66596,33.71717],[-5.66701,33.71668],[-5.66738,33.7168],[-5.66828,33.71628],[-5.66902,33.71606]]}},{"type":"Feature","properties":{},"geometry":{"type":"LineString","coordinates":[[-4.98904,33.61805],[-4.99033,33.61757],[-4.99128,33.61694],[-4.99193,33.6172],[-4.99277,33.61695],[-4.9931,33.61705],[-4.99413,33.61639]]}},{"type":"Feature","properties":{},"geometry":{"type":"LineString","coordinates":[[-5.01319,33.61773],[-5.01281,33.61813],[-5.01232,33.6198],[-5.01151,33.62156],[-5.01115,33.62333],[-5.01102,33.62587],[-5.00999,33.63062]]}},{"type":"Feature","properties":{},"geometry":{"type":"LineString","coordinates":[[-4.96384,33.62303],[-4.96644,33.62336]]}},{"type":"Feature","properties":{},"geometry":{"type":"LineString","coordinates":[[-4.97412,33.59244],[-4.97409,33.5935],[-4.97455,33.59453],[-4.97451,33.59496],[-4.97521,33.59492],[-4.97566,33.5953],[-4.97575,33.59563],[-4.97551,33.59604]]}},{"type":"Feature","properties":{},"geometry":{"type":"LineString","coordinates":[[-4.97534,33.58805],[-4.97512,33.58748],[-4.97404,33.58703]]}},{"type":"Feature","properties":{},"geometry":{"type":"LineString","coordinates":[[-4.97299,33.58959],[-4.97413,33.58976],[-4.97401,33.59028]]}},{"type":"Feature","properties":{},"geometry":{"type":"LineString","coordinates":[[-5.67241,33.71035],[-5.67357,33.7096]]}},{"type":"Feature","properties":{},"geometry":{"type":"LineString","coordinates":[[-5.67364,33.71559],[-5.67308,33.71618]]}},{"type":"Feature","properties":{},"geometry":{"type":"LineString","coordinates":[[-5.68995,33.72712],[-5.68943,33.72632],[-5.69007,33.72591],[-5.69018,33.72557]]}},{"type":"Feature","properties":{},"geometry":{"type":"LineString","coordinates":[[-5.68613,33.72894],[-5.6911,33.72657]]}},{"type":"Feature","properties":{},"geometry":{"type":"LineString","coordinates":[[-5.66458,33.71352],[-5.66421,33.71318],[-5.66401,33.71259],[-5.66006,33.70787],[-5.65807,33.70676],[-5.65748,33.70504],[-5.66167,33.7032],[-5.6615,33.70268],[-5.66217,33.70168],[-5.66228,33.70037]]}},{"type":"Feature","properties":{},"geometry":{"type":"LineString","coordinates":[[-5.69398,33.74922],[-5.69419,33.74967]]}},{"type":"Feature","properties":{},"geometry":{"type":"LineString","coordinates":[[-5.69527,33.74887],[-5.69289,33.74948]]}},{"type":"Feature","properties":{},"geometry":{"type":"LineString","coordinates":[[-5.6934,33.74818],[-5.69241,33.74849]]}},{"type":"Feature","properties":{},"geometry":{"type":"LineString","coordinates":[[-5.7165,33.73746],[-5.7163,33.73729],[-5.71584,33.73519],[-5.71523,33.73391],[-5.71316,33.73069],[-5.71208,33.72968],[-5.71118,33.7285],[-5.71196,33.72788],[-5.71284,33.72681],[-5.71558,33.72504],[-5.71724,33.72438],[-5.72019,33.72397]]}},{"type":"Feature","properties":{},"geometry":{"type":"LineString","coordinates":[[-5.66286,33.71124],[-5.66086,33.71263]]}},{"type":"Feature","properties":{},"geometry":{"type":"LineString","coordinates":[[-5.66261,33.712],[-5.66299,33.71237]]}},{"type":"Feature","properties":{},"geometry":{"type":"LineString","coordinates":[[-5.66318,33.71159],[-5.6613,33.7129]]}},{"type":"Feature","properties":{},"geometry":{"type":"LineString","coordinates":[[-5.66355,33.71203],[-5.66284,33.71243],[-5.66201,33.71321]]}},{"type":"Feature","properties":{},"geometry":{"type":"LineString","coordinates":[[-5.66378,33.71284],[-5.66392,33.71303],[-5.66341,33.71349]]}},{"type":"Feature","properties":{},"geometry":{"type":"LineString","coordinates":[[-5.66408,33.71271],[-5.66307,33.71347]]}},{"type":"Feature","properties":{},"geometry":{"type":"LineString","coordinates":[[-5.6637,33.71221],[-5.66242,33.71333]]}},{"type":"Feature","properties":{},"geometry":{"type":"LineString","coordinates":[[-4.98181,33.5959],[-4.98185,33.59481],[-4.9821,33.59392],[-4.98175,33.59201],[-4.98141,33.59164],[-4.98135,33.5911],[-4.98143,33.59065],[-4.98183,33.59004],[-4.98214,33.58823],[-4.98191,33.58733],[-4.9822,33.58611],[-4.98188,33.58563],[-4.98208,33.58533],[-4.98217,33.58371],[-4.98246,33.58273],[-4.98271,33.58086],[-4.98312,33.58026],[-4.9834,33.57915],[-4.98324,33.57852],[-4.98329,33.57793],[-4.9837,33.5761],[-4.98411,33.57554],[-4.98416,33.57404],[-4.98447,33.57322],[-4.98435,33.57272],[-4.98449,33.5718],[-4.98422,33.57096],[-4.98419,33.56988],[-4.98461,33.56807],[-4.98453,33.56765]]}},{"type":"Feature","properties":{},"geometry":{"type":"LineString","coordinates":[[-4.96569,33.59861],[-4.96594,33.59899],[-4.96654,33.60137],[-4.96649,33.60175],[-4.96623,33.6021],[-4.96639,33.60292],[-4.96621,33.60435],[-4.96601,33.60481],[-4.96607,33.60543],[-4.96659,33.60702],[-4.96668,33.60804],[-4.96693,33.60877],[-4.96692,33.60949],[-4.96715,33.60983]]}},{"type":"Feature","properties":{},"geometry":{"type":"LineString","coordinates":[[-4.99279,33.5702],[-4.99203,33.57312],[-4.9921,33.57878],[-4.99184,33.58105],[-4.99141,33.58247],[-4.99161,33.58395],[-4.99111,33.58527],[-4.99106,33.58621],[-4.99154,33.58757],[-4.99142,33.58819],[-4.99158,33.58906],[-4.99075,33.59031],[-4.99061,33.59102],[-4.9897,33.59296],[-4.98913,33.59532],[-4.98872,33.59598]]}},{"type":"Feature","properties":{},"geometry":{"type":"LineString","coordinates":[[-4.99361,33.59572],[-4.99498,33.59686]]}},{"type":"Feature","properties":{},"geometry":{"type":"LineString","coordinates":[[-4.99226,33.5957],[-4.99297,33.59595]]}},{"type":"Feature","properties":{},"geometry":{"type":"LineString","coordinates":[[-4.98858,33.59597],[-4.99187,33.59578],[-4.99291,33.59556],[-4.99487,33.59605],[-4.99907,33.59609]]}},{"type":"Feature","properties":{},"geometry":{"type":"LineString","coordinates":[[-5.67512,33.71498],[-5.67532,33.71516]]}},{"type":"Feature","properties":{},"geometry":{"type":"LineString","coordinates":[[-5.67478,33.71504],[-5.67498,33.7149],[-5.67512,33.71498],[-5.67586,33.71446]]}},{"type":"Feature","properties":{},"geometry":{"type":"LineString","coordinates":[[-5.67512,33.71531],[-5.67478,33.71504],[-5.67383,33.71577]]}},{"type":"Feature","properties":{},"geometry":{"type":"LineString","coordinates":[[-5.69402,33.74468],[-5.67624,33.7481],[-5.67161,33.74582],[-5.67086,33.74581]]}},{"type":"Feature","properties":{},"geometry":{"type":"LineString","coordinates":[[-5.68766,33.74237],[-5.68704,33.74247]]}},{"type":"Feature","properties":{},"geometry":{"type":"LineString","coordinates":[[-5.68744,33.74153],[-5.68787,33.74308],[-5.68733,33.74326]]}},{"type":"Feature","properties":{},"geometry":{"type":"LineString","coordinates":[[-5.68618,33.7317],[-5.68622,33.73294],[-5.68563,33.73287],[-5.68532,33.7323]]}},{"type":"Feature","properties":{},"geometry":{"type":"LineString","coordinates":[[-5.68488,33.7309],[-5.68459,33.73074],[-5.68452,33.7305],[-5.68673,33.73028]]}},{"type":"Feature","properties":{},"geometry":{"type":"LineString","coordinates":[[-5.66555,33.71451],[-5.66587,33.71555],[-5.66601,33.71848],[-5.66619,33.71902]]}},{"type":"Feature","properties":{},"geometry":{"type":"LineString","coordinates":[[-5.66555,33.71446],[-5.66555,33.71451]]}},{"type":"Feature","properties":{},"geometry":{"type":"LineString","coordinates":[[-5.00724,33.57673],[-5.00749,33.5775],[-5.00719,33.57764]]}},{"type":"Feature","properties":{},"geometry":{"type":"LineString","coordinates":[[-4.96506,33.61906],[-4.96729,33.61906],[-4.96767,33.61892],[-4.96896,33.61905],[-4.96912,33.621],[-4.96953,33.62197],[-4.97163,33.62354],[-4.97207,33.62409],[-4.97239,33.62413],[-4.97396,33.62319],[-4.9745,33.62245],[-4.97519,33.62278],[-4.97522,33.62364],[-4.97543,33.6235]]}},{"type":"Feature","properties":{},"geometry":{"type":"LineString","coordinates":[[-4.98677,33.60795],[-4.98752,33.60821]]}},{"type":"Feature","properties":{},"geometry":{"type":"LineString","coordinates":[[-5.66846,33.70781],[-5.6663,33.70887]]}},{"type":"Feature","properties":{},"geometry":{"type":"LineString","coordinates":[[-5.71984,33.71214],[-5.71421,33.71213],[-5.71349,33.71128]]}},{"type":"Feature","properties":{},"geometry":{"type":"LineString","coordinates":[[-4.75488,33.73788],[-4.75479,33.73856],[-4.75522,33.7399]]}},{"type":"Feature","properties":{},"geometry":{"type":"LineString","coordinates":[[-4.75923,33.73722],[-4.75862,33.73783],[-4.75886,33.73827],[-4.75873,33.7387],[-4.75901,33.73888]]}},{"type":"Feature","properties":{},"geometry":{"type":"LineString","coordinates":[[-4.75928,33.73873],[-4.76058,33.73953],[-4.76098,33.74024],[-4.76139,33.74016]]}},{"type":"Feature","properties":{},"geometry":{"type":"LineString","coordinates":[[-4.7595,33.73716],[-4.76002,33.73749],[-4.75961,33.73798],[-4.75928,33.73873],[-4.75893,33.73898],[-4.75862,33.74046]]}},{"type":"Feature","properties":{},"geometry":{"type":"LineString","coordinates":[[-4.76361,33.73481],[-4.76308,33.73469],[-4.76233,33.73493],[-4.7621,33.73388]]}},{"type":"Feature","properties":{},"geometry":{"type":"LineString","coordinates":[[-5.72415,33.57962],[-5.72537,33.5788],[-5.72569,33.57882],[-5.72618,33.57922],[-5.72712,33.57874],[-5.7273,33.57806],[-5.72806,33.5776],[-5.7281,33.57729],[-5.7287,33.57646],[-5.729,33.57631],[-5.72965,33.57646],[-5.73003,33.57632],[-5.73067,33.57565],[-5.73122,33.57558],[-5.73228,33.57594],[-5.73238,33.57741],[-5.73225,33.57856],[-5.73255,33.57883],[-5.73329,33.579],[-5.73266,33.5802],[-5.73379,33.58028],[-5.73438,33.58085],[-5.73478,33.5808],[-5.73505,33.58051]]}},{"type":"Feature","properties":{},"geometry":{"type":"LineString","coordinates":[[-5.74915,33.54123],[-5.74961,33.54015],[-5.75045,33.53952]]}},{"type":"Feature","properties":{},"geometry":{"type":"LineString","coordinates":[[-5.73309,33.54606],[-5.73409,33.54671],[-5.73475,33.54692],[-5.73518,33.54657],[-5.73567,33.54646],[-5.73561,33.54619]]}},{"type":"Feature","properties":{},"geometry":{"type":"LineString","coordinates":[[-4.6616,33.71602],[-4.6614,33.71506],[-4.66079,33.71431]]}},{"type":"Feature","properties":{},"geometry":{"type":"LineString","coordinates":[[-4.65535,33.68001],[-4.65501,33.68034],[-4.65422,33.67993],[-4.65328,33.6798]]}},{"type":"Feature","properties":{},"geometry":{"type":"LineString","coordinates":[[-4.65898,33.68018],[-4.66057,33.68042]]}},{"type":"Feature","properties":{},"geometry":{"type":"LineString","coordinates":[[-4.65848,33.68166],[-4.65883,33.68035],[-4.65951,33.67976],[-4.65997,33.67986],[-4.65982,33.67922],[-4.6602,33.67879],[-4.66075,33.67894],[-4.66083,33.67882]]}},{"type":"Feature","properties":{},"geometry":{"type":"LineString","coordinates":[[-4.68913,33.67295],[-4.68889,33.67266],[-4.68843,33.67254],[-4.6874,33.67251],[-4.68614,33.67284],[-4.68473,33.67233],[-4.68449,33.67203],[-4.68271,33.67185],[-4.68239,33.6716],[-4.6825,33.67117]]}},{"type":"Feature","properties":{},"geometry":{"type":"LineString","coordinates":[[-4.66262,33.68353],[-4.66257,33.68306],[-4.66277,33.68268],[-4.66334,33.68219],[-4.66384,33.68218],[-4.6647,33.68186],[-4.66647,33.68091],[-4.66714,33.68017],[-4.66859,33.67947],[-4.66974,33.67925],[-4.67136,33.67839],[-4.67241,33.67879],[-4.67293,33.67833],[-4.67409,33.67843],[-4.6748,33.67791],[-4.67623,33.67759],[-4.67749,33.67768],[-4.67871,33.67724],[-4.68003,33.67721],[-4.68016,33.67773],[-4.68034,33.67779],[-4.68062,33.67729],[-4.68095,33.67718],[-4.68122,33.67684],[-4.68175,33.67672],[-4.68303,33.67592],[-4.68387,33.67602],[-4.68625,33.67388],[-4.68721,33.67347],[-4.68892,33.67313],[-4.68989,33.67271],[-4.69089,33.673],[-4.69011,33.67324],[-4.69012,33.67365],[-4.6916,33.67468],[-4.69195,33.67509],[-4.6921,33.67562]]}},{"type":"Feature","properties":{},"geometry":{"type":"LineString","coordinates":[[-4.68597,33.71778],[-4.68505,33.71772],[-4.68469,33.718]]}},{"type":"Feature","properties":{},"geometry":{"type":"LineString","coordinates":[[-5.72948,33.74983],[-5.73391,33.75081],[-5.73547,33.7503]]}},{"type":"Feature","properties":{},"geometry":{"type":"LineString","coordinates":[[-5.73141,33.70668],[-5.73313,33.70574],[-5.73344,33.70539],[-5.73372,33.70467]]}},{"type":"Feature","properties":{},"geometry":{"type":"LineString","coordinates":[[-5.72788,33.70946],[-5.72863,33.71021]]}},{"type":"Feature","properties":{},"geometry":{"type":"LineString","coordinates":[[-5.72639,33.7135],[-5.72665,33.71208],[-5.72719,33.71079],[-5.72765,33.7098],[-5.72852,33.70853],[-5.72925,33.70782],[-5.73151,33.70676]]}},{"type":"Feature","properties":{},"geometry":{"type":"LineString","coordinates":[[-5.72624,33.71353],[-5.72632,33.71429],[-5.72574,33.71583],[-5.72453,33.71762]]}},{"type":"Feature","properties":{},"geometry":{"type":"LineString","coordinates":[[-5.73155,33.74571],[-5.73941,33.74669],[-5.74484,33.74236],[-5.75049,33.74391],[-5.75124,33.74318],[-5.75477,33.74258],[-5.75843,33.74166],[-5.76073,33.74206],[-5.76233,33.74191]]}},{"type":"Feature","properties":{},"geometry":{"type":"LineString","coordinates":[[-4.68525,33.67474],[-4.68587,33.67489],[-4.6863,33.67455],[-4.68656,33.67459]]}},{"type":"Feature","properties":{},"geometry":{"type":"LineString","coordinates":[[-4.69055,33.67403],[-4.6903,33.67455],[-4.69039,33.67538],[-4.69001,33.67614],[-4.68965,33.67648]]}},{"type":"Feature","properties":{},"geometry":{"type":"LineString","coordinates":[[-4.67283,33.68896],[-4.67177,33.68919],[-4.67127,33.68971],[-4.67079,33.68943],[-4.67023,33.68949],[-4.66966,33.68997],[-4.6687,33.69038],[-4.66791,33.6903],[-4.66686,33.69044],[-4.66654,33.69093],[-4.66507,33.69142],[-4.66504,33.69164],[-4.66445,33.69217],[-4.66307,33.69278],[-4.66046,33.69351],[-4.65906,33.69315],[-4.65871,33.69323],[-4.65822,33.69372],[-4.65834,33.69408],[-4.6588,33.6948],[-4.65969,33.69557],[-4.66027,33.69676]]}},{"type":"Feature","properties":{},"geometry":{"type":"LineString","coordinates":[[-5.73539,33.71565],[-5.73839,33.71525],[-5.73925,33.71572]]}},{"type":"Feature","properties":{},"geometry":{"type":"LineString","coordinates":[[-5.72604,33.72972],[-5.72635,33.72779],[-5.72691,33.72739],[-5.72753,33.72722]]}},{"type":"Feature","properties":{},"geometry":{"type":"LineString","coordinates":[[-5.72778,33.72614],[-5.72732,33.72629],[-5.72692,33.72671],[-5.72638,33.72676]]}},{"type":"Feature","properties":{},"geometry":{"type":"LineString","coordinates":[[-5.73036,33.73324],[-5.73114,33.73225]]}},{"type":"Feature","properties":{},"geometry":{"type":"LineString","coordinates":[[-5.73437,33.72461],[-5.73463,33.72473],[-5.73474,33.72523],[-5.73489,33.72644],[-5.7348,33.72709],[-5.73287,33.73051],[-5.73219,33.73029]]}},{"type":"Feature","properties":{},"geometry":{"type":"LineString","coordinates":[[-4.9161,33.73909],[-4.91629,33.73969],[-4.91662,33.73994],[-4.91679,33.74049],[-4.9171,33.74079],[-4.91756,33.7425],[-4.91736,33.74392],[-4.91674,33.74459],[-4.91651,33.74515],[-4.91666,33.74572],[-4.91579,33.74634],[-4.91523,33.74652],[-4.91499,33.74704],[-4.91408,33.74766],[-4.91393,33.74831],[-4.91355,33.74875],[-4.91359,33.74917],[-4.9125,33.74906],[-4.9121,33.74872],[-4.91078,33.7483]]}},{"type":"Feature","properties":{},"geometry":{"type":"LineString","coordinates":[[-4.9161,33.73909],[-4.91485,33.73878],[-4.91384,33.73928],[-4.91353,33.74036],[-4.9131,33.74107],[-4.91157,33.74213],[-4.91148,33.74252],[-4.91066,33.74313],[-4.91049,33.74344],[-4.90959,33.74362],[-4.90909,33.74389],[-4.90803,33.74498]]}},{"type":"Feature","properties":{},"geometry":{"type":"LineString","coordinates":[[-4.91078,33.7483],[-4.9115,33.74667],[-4.91198,33.74604],[-4.91251,33.74467],[-4.91296,33.74405],[-4.914,33.7432],[-4.91547,33.74158],[-4.91559,33.74056],[-4.91638,33.73976]]}},{"type":"Feature","properties":{},"geometry":{"type":"LineString","coordinates":[[-4.92848,33.74612],[-4.92762,33.74705],[-4.92676,33.74715],[-4.92562,33.74753],[-4.92449,33.74826],[-4.92212,33.74756],[-4.92093,33.7477],[-4.92043,33.74804]]}},{"type":"Feature","properties":{},"geometry":{"type":"LineString","coordinates":[[-5.7263,33.72683],[-5.72636,33.72778]]}},{"type":"Feature","properties":{},"geometry":{"type":"LineString","coordinates":[[-5.72638,33.72676],[-5.7263,33.72683]]}},{"type":"Feature","properties":{},"geometry":{"type":"LineString","coordinates":[[-5.7378,33.67576],[-5.73762,33.6759],[-5.73734,33.67687],[-5.73739,33.67746]]}},{"type":"Feature","properties":{},"geometry":{"type":"LineString","coordinates":[[-5.62016,33.68003],[-5.62214,33.68001],[-5.62277,33.67985],[-5.6237,33.67921],[-5.62385,33.67862]]}},{"type":"Feature","properties":{},"geometry":{"type":"LineString","coordinates":[[-5.62007,33.691],[-5.6204,33.69078],[-5.62183,33.69043],[-5.6222,33.69006],[-5.62461,33.68981],[-5.62559,33.68941]]}},{"type":"Feature","properties":{},"geometry":{"type":"LineString","coordinates":[[-5.62011,33.6919],[-5.62275,33.69116]]}},{"type":"Feature","properties":{},"geometry":{"type":"LineString","coordinates":[[-5.60964,33.6813],[-5.60978,33.68202]]}},{"type":"Feature","properties":{},"geometry":{"type":"LineString","coordinates":[[-5.60989,33.68126],[-5.60942,33.68134],[-5.60946,33.68179],[-5.60909,33.68189]]}},{"type":"Feature","properties":{},"geometry":{"type":"LineString","coordinates":[[-5.61065,33.68187],[-5.60917,33.68204]]}},{"type":"Feature","properties":{},"geometry":{"type":"LineString","coordinates":[[-5.61068,33.68161],[-5.61051,33.68232],[-5.61009,33.68262],[-5.6096,33.68267],[-5.60903,33.68182],[-5.60857,33.68155],[-5.60797,33.68149],[-5.60777,33.68096]]}},{"type":"Feature","properties":{},"geometry":{"type":"LineString","coordinates":[[-5.63321,33.66125],[-5.63059,33.66106],[-5.62825,33.66057],[-5.62815,33.65978],[-5.62843,33.65943],[-5.62923,33.65605]]}},{"type":"Feature","properties":{},"geometry":{"type":"LineString","coordinates":[[-5.61672,33.6461],[-5.62018,33.64693],[-5.62035,33.64898]]}},{"type":"Feature","properties":{},"geometry":{"type":"LineString","coordinates":[[-5.61636,33.65621],[-5.61733,33.65706],[-5.61898,33.65801],[-5.61973,33.65959],[-5.62043,33.66029],[-5.62097,33.66062],[-5.62238,33.66086],[-5.62345,33.66147]]}},{"type":"Feature","properties":{},"geometry":{"type":"LineString","coordinates":[[-5.64326,33.69178],[-5.64545,33.69116],[-5.64583,33.69133]]}},{"type":"Feature","properties":{},"geometry":{"type":"LineString","coordinates":[[-5.64403,33.69359],[-5.64642,33.69288],[-5.64583,33.69133]]}},{"type":"Feature","properties":{},"geometry":{"type":"LineString","coordinates":[[-5.65477,33.66427],[-5.65378,33.66415],[-5.65341,33.66472]]}},{"type":"Feature","properties":{},"geometry":{"type":"LineString","coordinates":[[-5.64299,33.69122],[-5.64532,33.69056],[-5.64568,33.69101],[-5.64562,33.69118]]}},{"type":"Feature","properties":{},"geometry":{"type":"LineString","coordinates":[[-5.65604,33.65149],[-5.65622,33.65185],[-5.65665,33.65208]]}},{"type":"Feature","properties":{},"geometry":{"type":"LineString","coordinates":[[-5.65581,33.64901],[-5.65563,33.64959],[-5.65626,33.64964]]}},{"type":"Feature","properties":{},"geometry":{"type":"LineString","coordinates":[[-5.65571,33.65196],[-5.65606,33.65141],[-5.65633,33.64905],[-5.65494,33.64893]]}},{"type":"Feature","properties":{},"geometry":{"type":"LineString","coordinates":[[-5.64689,33.65562],[-5.64698,33.65648]]}},{"type":"Feature","properties":{},"geometry":{"type":"LineString","coordinates":[[-5.6104,33.68009],[-5.60871,33.6801]]}},{"type":"Feature","properties":{},"geometry":{"type":"LineString","coordinates":[[-5.62461,33.68232],[-5.62374,33.68264],[-5.6206,33.68304]]}},{"type":"Feature","properties":{},"geometry":{"type":"LineString","coordinates":[[-5.59189,33.64284],[-5.59265,33.6442],[-5.59321,33.6443],[-5.59365,33.64606],[-5.59426,33.64675],[-5.5958,33.64824],[-5.59792,33.6491],[-5.59935,33.65041],[-5.60038,33.65286]]}},{"type":"Feature","properties":{},"geometry":{"type":"LineString","coordinates":[[-5.63321,33.66168],[-5.63318,33.65933],[-5.63361,33.65534]]}},{"type":"Feature","properties":{},"geometry":{"type":"LineString","coordinates":[[-4.85588,32.9603],[-4.85502,32.96033],[-4.85415,32.96065],[-4.8526,32.96173],[-4.8516,32.96283],[-4.85072,32.9628],[-4.85066,32.96319],[-4.85028,32.96363],[-4.84961,32.96347],[-4.84927,32.96372],[-4.84941,32.96426],[-4.84914,32.9644],[-4.84909,32.96461],[-4.84945,32.96583],[-4.84935,32.96643],[-4.84772,32.9683],[-4.84642,32.96909],[-4.84505,32.97026],[-4.84473,32.97129],[-4.84419,32.97194],[-4.8443,32.97239],[-4.8439,32.97445],[-4.84427,32.97562],[-4.84477,32.97609]]}},{"type":"Feature","properties":{},"geometry":{"type":"LineString","coordinates":[[-4.77396,33.1817],[-4.77263,33.17907],[-4.77201,33.17872],[-4.77164,33.17825],[-4.77129,33.17822]]}},{"type":"Feature","properties":{},"geometry":{"type":"LineString","coordinates":[[-5.485,33.33441],[-5.48615,33.33448],[-5.48912,33.33541],[-5.48957,33.33528],[-5.48995,33.33662],[-5.48985,33.33726],[-5.49035,33.33779],[-5.4908,33.33782],[-5.49123,33.33929],[-5.49154,33.33948],[-5.49142,33.34002]]}},{"type":"Feature","properties":{},"geometry":{"type":"LineString","coordinates":[[-5.5003,33.35124],[-5.50075,33.35121],[-5.50104,33.35101],[-5.50171,33.35127],[-5.50195,33.35103],[-5.50252,33.35125],[-5.50328,33.35228],[-5.50375,33.3539],[-5.50437,33.35524]]}},{"type":"Feature","properties":{},"geometry":{"type":"LineString","coordinates":[[-5.51187,33.35732],[-5.51223,33.35622],[-5.51219,33.35505],[-5.51187,33.35488],[-5.5106,33.35526],[-5.50968,33.35472],[-5.50971,33.35408],[-5.50934,33.35324],[-5.5092,33.35182],[-5.50947,33.35041],[-5.50991,33.34933],[-5.51005,33.34807],[-5.5106,33.34678],[-5.51072,33.3458],[-5.511,33.34506],[-5.51119,33.34316],[-5.51096,33.34213],[-5.51145,33.34171],[-5.51199,33.3408],[-5.51257,33.34059],[-5.51296,33.34025],[-5.51359,33.33904],[-5.51426,33.33884],[-5.51422,33.33843],[-5.51486,33.33793],[-5.51521,33.33665],[-5.51643,33.33629],[-5.51682,33.33602],[-5.51741,33.33595],[-5.51774,33.33518],[-5.51769,33.33488]]}},{"type":"Feature","properties":{},"geometry":{"type":"LineString","coordinates":[[-5.51457,33.36452],[-5.51249,33.3643],[-5.51224,33.36441],[-5.51199,33.3639],[-5.51091,33.36364],[-5.51037,33.36383],[-5.51027,33.3642]]}},{"type":"Feature","properties":{},"geometry":{"type":"LineString","coordinates":[[-5.48017,33.36968],[-5.47963,33.3695],[-5.47911,33.36908],[-5.47926,33.36819],[-5.47911,33.36771],[-5.47848,33.3672],[-5.47779,33.36702],[-5.47762,33.36616],[-5.47766,33.3654]]}},{"type":"Feature","properties":{},"geometry":{"type":"LineString","coordinates":[[-5.48294,33.36702],[-5.48381,33.36704],[-5.4844,33.36673],[-5.48572,33.36715],[-5.4883,33.36717],[-5.49052,33.36739],[-5.49189,33.367],[-5.49315,33.36695],[-5.49503,33.36636],[-5.49747,33.36592],[-5.49862,33.36552],[-5.49893,33.36518]]}},{"type":"Feature","properties":{},"geometry":{"type":"LineString","coordinates":[[-5.56602,33.15495],[-5.56596,33.15494]]}},{"type":"Feature","properties":{},"geometry":{"type":"LineString","coordinates":[[-5.51766,33.33475],[-5.51805,33.33315],[-5.51864,33.33291],[-5.51877,33.33251],[-5.51971,33.33206]]}},{"type":"Feature","properties":{},"geometry":{"type":"LineString","coordinates":[[-5.51769,33.33488],[-5.51766,33.33475]]}},{"type":"Feature","properties":{},"geometry":{"type":"LineString","coordinates":[[-5.51188,33.35726],[-5.51144,33.35725],[-5.511,33.35696],[-5.51083,33.35659],[-5.51099,33.35629],[-5.5106,33.35526]]}},{"type":"Feature","properties":{},"geometry":{"type":"LineString","coordinates":[[-5.51314,33.36859],[-5.51279,33.36877],[-5.51093,33.36851],[-5.5106,33.36767],[-5.50944,33.36762],[-5.50723,33.36832],[-5.50626,33.36833],[-5.50564,33.36873],[-5.50519,33.36867],[-5.50437,33.36904],[-5.50365,33.36893],[-5.50312,33.36914],[-5.50322,33.36933]]}},{"type":"Feature","properties":{},"geometry":{"type":"LineString","coordinates":[[-5.52765,33.36588],[-5.52853,33.36569],[-5.52861,33.36504]]}},{"type":"Feature","properties":{},"geometry":{"type":"LineString","coordinates":[[-5.52702,33.36539],[-5.52769,33.36593],[-5.52811,33.36734],[-5.52909,33.36862]]}},{"type":"Feature","properties":{},"geometry":{"type":"LineString","coordinates":[[-5.52683,33.36465],[-5.52767,33.36316],[-5.52778,33.36225]]}},{"type":"Feature","properties":{},"geometry":{"type":"LineString","coordinates":[[-5.53563,33.36733],[-5.5356,33.36649],[-5.5352,33.36551],[-5.53422,33.36464],[-5.53317,33.36309],[-5.53234,33.36246],[-5.53025,33.36156],[-5.52844,33.36108],[-5.52704,33.3613],[-5.52588,33.36118]]}},{"type":"Feature","properties":{},"geometry":{"type":"LineString","coordinates":[[-5.52859,33.36854],[-5.52891,33.36873],[-5.52942,33.36844],[-5.53017,33.3688],[-5.53067,33.36886],[-5.53218,33.36845],[-5.53311,33.36794],[-5.53432,33.36849],[-5.53477,33.36779],[-5.53539,33.36737],[-5.53563,33.36733],[-5.53599,33.36757],[-5.53685,33.36978],[-5.53698,33.37087],[-5.53745,33.37211],[-5.53753,33.37399],[-5.53726,33.37501],[-5.53734,33.37537]]}},{"type":"Feature","properties":{},"geometry":{"type":"LineString","coordinates":[[-5.54414,33.36912],[-5.54515,33.36872],[-5.54581,33.36774],[-5.54738,33.3661],[-5.54756,33.36544],[-5.54811,33.36449],[-5.54833,33.36368],[-5.54824,33.36332],[-5.5485,33.36295]]}},{"type":"Feature","properties":{},"geometry":{"type":"LineString","coordinates":[[-5.54087,33.37403],[-5.54195,33.3722],[-5.54406,33.36949],[-5.54414,33.36912],[-5.54353,33.36885]]}},{"type":"Feature","properties":{},"geometry":{"type":"LineString","coordinates":[[-5.5261,33.35602],[-5.52633,33.35521],[-5.52677,33.35474],[-5.52677,33.35444],[-5.52769,33.35382],[-5.52797,33.35291],[-5.52846,33.35265],[-5.52917,33.35289],[-5.53026,33.3516],[-5.53055,33.35095],[-5.53026,33.3501],[-5.53141,33.34852],[-5.53201,33.34686],[-5.53236,33.34645],[-5.53257,33.34551],[-5.53396,33.34501]]}},{"type":"Feature","properties":{},"geometry":{"type":"LineString","coordinates":[[-5.53064,33.33623],[-5.52991,33.33659],[-5.52957,33.33741],[-5.52921,33.33784],[-5.52823,33.33839],[-5.52773,33.33848]]}},{"type":"Feature","properties":{},"geometry":{"type":"LineString","coordinates":[[-5.53094,33.33597],[-5.53017,33.33677],[-5.52892,33.3411],[-5.52833,33.34225],[-5.52782,33.3427]]}},{"type":"Feature","properties":{},"geometry":{"type":"LineString","coordinates":[[-5.48029,33.36533],[-5.4803,33.36444],[-5.48002,33.36358],[-5.48023,33.36322],[-5.48018,33.36292]]}},{"type":"Feature","properties":{},"geometry":{"type":"LineString","coordinates":[[-5.48381,33.36704],[-5.48515,33.36526],[-5.48653,33.36305],[-5.48726,33.36278],[-5.48762,33.36243],[-5.48938,33.36002],[-5.48951,33.35947],[-5.48942,33.35731],[-5.48921,33.35704],[-5.48947,33.35643],[-5.48917,33.3555]]}},{"type":"Feature","properties":{},"geometry":{"type":"LineString","coordinates":[[-5.48303,33.36693],[-5.48276,33.36621],[-5.4828,33.36571],[-5.48236,33.36545],[-5.48221,33.36516],[-5.48325,33.36494],[-5.48546,33.36406]]}},{"type":"Feature","properties":{},"geometry":{"type":"LineString","coordinates":[[-5.49812,33.36566],[-5.49808,33.36514]]}},{"type":"Feature","properties":{},"geometry":{"type":"LineString","coordinates":[[-5.49468,33.36651],[-5.49547,33.36554]]}},{"type":"Feature","properties":{},"geometry":{"type":"LineString","coordinates":[[-5.51016,33.35842],[-5.5098,33.35964],[-5.50999,33.36012]]}},{"type":"Feature","properties":{},"geometry":{"type":"LineString","coordinates":[[-5.5092,33.35182],[-5.50629,33.35177],[-5.50461,33.3512],[-5.50354,33.35002],[-5.5009,33.34976]]}},{"type":"Feature","properties":{},"geometry":{"type":"LineString","coordinates":[[-5.50601,33.35801],[-5.50492,33.35793],[-5.50354,33.35759]]}},{"type":"Feature","properties":{},"geometry":{"type":"LineString","coordinates":[[-5.50599,33.35761],[-5.50599,33.35816],[-5.50537,33.35917],[-5.50505,33.36057],[-5.50474,33.36104],[-5.50451,33.3611],[-5.50447,33.36192],[-5.50388,33.36208],[-5.50383,33.3628],[-5.50361,33.36319],[-5.50265,33.36382],[-5.50127,33.36407],[-5.50104,33.36497],[-5.49993,33.36585],[-5.49884,33.36619],[-5.49747,33.36592]]}},{"type":"Feature","properties":{},"geometry":{"type":"LineString","coordinates":[[-5.5194,33.32041],[-5.51929,33.32055],[-5.51874,33.32054],[-5.51853,33.32166]]}},{"type":"Feature","properties":{},"geometry":{"type":"LineString","coordinates":[[-5.51842,33.3199],[-5.51825,33.32044],[-5.5176,33.32067]]}},{"type":"Feature","properties":{},"geometry":{"type":"LineString","coordinates":[[-5.51978,33.32011],[-5.51927,33.32042],[-5.51746,33.31945],[-5.51728,33.31986]]}},{"type":"Feature","properties":{},"geometry":{"type":"LineString","coordinates":[[-5.52063,33.32297],[-5.51986,33.32408]]}},{"type":"Feature","properties":{},"geometry":{"type":"LineString","coordinates":[[-5.52232,33.32829],[-5.52188,33.32879],[-5.52097,33.32911]]}},{"type":"Feature","properties":{},"geometry":{"type":"LineString","coordinates":[[-5.52066,33.32226],[-5.52063,33.32297],[-5.52157,33.32571],[-5.52245,33.3266],[-5.52232,33.32829],[-5.52249,33.32956],[-5.52284,33.33029],[-5.5237,33.3313],[-5.52452,33.33299],[-5.52503,33.33471],[-5.52537,33.33681],[-5.52555,33.33709]]}},{"type":"Feature","properties":{},"geometry":{"type":"LineString","coordinates":[[-5.53479,33.32058],[-5.53521,33.32019],[-5.53604,33.32038]]}},{"type":"Feature","properties":{},"geometry":{"type":"LineString","coordinates":[[-5.53491,33.32616],[-5.5361,33.32566],[-5.53725,33.32493],[-5.5379,33.32482],[-5.53928,33.3251],[-5.53964,33.3245]]}},{"type":"Feature","properties":{},"geometry":{"type":"LineString","coordinates":[[-5.51303,33.35531],[-5.51317,33.35514]]}},{"type":"Feature","properties":{},"geometry":{"type":"LineString","coordinates":[[-5.51223,33.35622],[-5.51303,33.35531]]}},{"type":"Feature","properties":{},"geometry":{"type":"LineString","coordinates":[[-5.51571,33.37107],[-5.51621,33.3702],[-5.51655,33.37005],[-5.51751,33.36846]]}},{"type":"Feature","properties":{},"geometry":{"type":"LineString","coordinates":[[-5.50925,33.35209],[-5.51074,33.35213],[-5.51153,33.351]]}},{"type":"Feature","properties":{},"geometry":{"type":"LineString","coordinates":[[-5.51317,33.35514],[-5.5133,33.3546],[-5.51323,33.35364],[-5.51363,33.35212],[-5.514,33.35183],[-5.51498,33.35168],[-5.51512,33.35189],[-5.51612,33.35224],[-5.51648,33.35216]]}},{"type":"Feature","properties":{},"geometry":{"type":"LineString","coordinates":[[-5.62347,33.6859],[-5.62001,33.68717]]}},{"type":"Feature","properties":{},"geometry":{"type":"LineString","coordinates":[[-5.65614,33.65052],[-5.65546,33.65029],[-5.65467,33.65033]]}},{"type":"Feature","properties":{},"geometry":{"type":"LineString","coordinates":[[-5.65857,33.7198],[-5.65751,33.72042]]}},{"type":"Feature","properties":{},"geometry":{"type":"LineString","coordinates":[[-5.65701,33.71561],[-5.65743,33.71493]]}},{"type":"Feature","properties":{},"geometry":{"type":"LineString","coordinates":[[-5.65786,33.71591],[-5.65825,33.71541]]}},{"type":"Feature","properties":{},"geometry":{"type":"LineString","coordinates":[[-5.65739,33.71575],[-5.65791,33.71504]]}},{"type":"Feature","properties":{},"geometry":{"type":"LineString","coordinates":[[-5.65935,33.71647],[-5.65817,33.71446],[-5.65815,33.71391],[-5.65983,33.71359],[-5.6604,33.71305],[-5.6613,33.7129]]}},{"type":"Feature","properties":{},"geometry":{"type":"LineString","coordinates":[[-5.65018,33.70538],[-5.65129,33.70607],[-5.6541,33.7087],[-5.6559,33.70991],[-5.65694,33.71042],[-5.65864,33.71202]]}},{"type":"Feature","properties":{},"geometry":{"type":"LineString","coordinates":[[-5.65933,33.70753],[-5.65915,33.70674]]}},{"type":"Feature","properties":{},"geometry":{"type":"LineString","coordinates":[[-5.64054,33.70189],[-5.63989,33.70222],[-5.63944,33.70223]]}},{"type":"Feature","properties":{},"geometry":{"type":"LineString","coordinates":[[-5.61876,33.70255],[-5.62233,33.70276],[-5.6245,33.70271],[-5.6249,33.7023],[-5.62622,33.70173],[-5.62803,33.70062],[-5.63058,33.70379],[-5.63081,33.70439]]}},{"type":"Feature","properties":{},"geometry":{"type":"LineString","coordinates":[[-5.6526,33.71081],[-5.65262,33.71129],[-5.65241,33.71134]]}},{"type":"Feature","properties":{},"geometry":{"type":"LineString","coordinates":[[-5.64943,33.7106],[-5.64902,33.70959]]}},{"type":"Feature","properties":{},"geometry":{"type":"LineString","coordinates":[[-5.64791,33.71046],[-5.64758,33.70949]]}},{"type":"Feature","properties":{},"geometry":{"type":"LineString","coordinates":[[-5.65278,33.71083],[-5.64872,33.71048],[-5.64613,33.71047]]}},{"type":"Feature","properties":{},"geometry":{"type":"LineString","coordinates":[[-5.64494,33.70863],[-5.64431,33.7089],[-5.6442,33.7093]]}},{"type":"Feature","properties":{},"geometry":{"type":"LineString","coordinates":[[-5.64486,33.71041],[-5.64396,33.70961],[-5.64338,33.70885]]}},{"type":"Feature","properties":{},"geometry":{"type":"LineString","coordinates":[[-5.64613,33.71047],[-5.64352,33.71052],[-5.64331,33.71167]]}},{"type":"Feature","properties":{},"geometry":{"type":"LineString","coordinates":[[-5.64738,33.70734],[-5.64502,33.70882]]}},{"type":"Feature","properties":{},"geometry":{"type":"LineString","coordinates":[[-5.64367,33.70274],[-5.64058,33.70386]]}},{"type":"Feature","properties":{},"geometry":{"type":"LineString","coordinates":[[-5.65463,33.72403],[-5.65455,33.72586]]}},{"type":"Feature","properties":{},"geometry":{"type":"LineString","coordinates":[[-5.34685,33.35787],[-5.34714,33.35806],[-5.34768,33.35997]]}},{"type":"Feature","properties":{},"geometry":{"type":"LineString","coordinates":[[-5.34064,33.35552],[-5.34048,33.35597],[-5.34058,33.35836],[-5.34164,33.35871],[-5.34288,33.35944]]}},{"type":"Feature","properties":{},"geometry":{"type":"LineString","coordinates":[[-5.34752,33.36433],[-5.34935,33.36508],[-5.34996,33.3659]]}},{"type":"Feature","properties":{},"geometry":{"type":"LineString","coordinates":[[-5.34735,33.35704],[-5.34668,33.35822],[-5.34649,33.35901],[-5.34671,33.36108],[-5.34744,33.36276],[-5.34728,33.3634],[-5.34768,33.36568],[-5.34996,33.3659],[-5.35259,33.3676]]}},{"type":"Feature","properties":{},"geometry":{"type":"LineString","coordinates":[[-5.33786,33.33773],[-5.33804,33.33878],[-5.33991,33.34234],[-5.34288,33.34428],[-5.34399,33.34484],[-5.34414,33.34517],[-5.34396,33.34581],[-5.34434,33.34668],[-5.34435,33.34741],[-5.34465,33.34827],[-5.34501,33.34861]]}},{"type":"Feature","properties":{},"geometry":{"type":"LineString","coordinates":[[-5.35508,33.35318],[-5.3532,33.35077],[-5.35197,33.34958],[-5.35057,33.35022],[-5.34974,33.35013],[-5.34891,33.3498]]}},{"type":"Feature","properties":{},"geometry":{"type":"LineString","coordinates":[[-5.62457,33.71194],[-5.62207,33.71327]]}},{"type":"Feature","properties":{},"geometry":{"type":"LineString","coordinates":[[-5.62473,33.71221],[-5.62337,33.71307]]}},{"type":"Feature","properties":{},"geometry":{"type":"LineString","coordinates":[[-5.62405,33.7112],[-5.62395,33.71135],[-5.62231,33.7118],[-5.62119,33.71234],[-5.62132,33.71272]]}},{"type":"Feature","properties":{},"geometry":{"type":"LineString","coordinates":[[-5.62438,33.71086],[-5.62508,33.7112]]}},{"type":"Feature","properties":{},"geometry":{"type":"LineString","coordinates":[[-5.63156,33.71189],[-5.62486,33.71068],[-5.62393,33.71108]]}},{"type":"Feature","properties":{},"geometry":{"type":"LineString","coordinates":[[-5.62833,33.71775],[-5.6241,33.71124],[-5.62317,33.71026],[-5.62298,33.71018],[-5.62225,33.71045],[-5.62117,33.70931],[-5.61918,33.70846]]}},{"type":"Feature","properties":{},"geometry":{"type":"LineString","coordinates":[[-5.6245,33.70271],[-5.62522,33.70269],[-5.6255,33.70291],[-5.62614,33.70285],[-5.6282,33.70568],[-5.62892,33.70603],[-5.62955,33.7067]]}},{"type":"Feature","properties":{},"geometry":{"type":"LineString","coordinates":[[-5.33484,33.34266],[-5.33546,33.34327],[-5.33713,33.34402],[-5.3377,33.34449],[-5.33779,33.34481]]}},{"type":"Feature","properties":{},"geometry":{"type":"LineString","coordinates":[[-5.34804,33.33725],[-5.3473,33.33958],[-5.34844,33.34222],[-5.35096,33.3424]]}},{"type":"Feature","properties":{},"geometry":{"type":"LineString","coordinates":[[-5.34906,33.33502],[-5.34843,33.33597],[-5.34808,33.33697],[-5.34807,33.33737],[-5.34831,33.33767],[-5.35045,33.33867],[-5.35116,33.3378],[-5.35122,33.33726],[-5.35165,33.33715],[-5.35209,33.33667]]}},{"type":"Feature","properties":{},"geometry":{"type":"LineString","coordinates":[[-5.60966,33.70532],[-5.61191,33.70936],[-5.61209,33.71038],[-5.61241,33.71083],[-5.61108,33.7121],[-5.61319,33.7141]]}},{"type":"Feature","properties":{},"geometry":{"type":"LineString","coordinates":[[-5.6068,33.70679],[-5.60767,33.70799]]}},{"type":"Feature","properties":{},"geometry":{"type":"LineString","coordinates":[[-5.61308,33.70233],[-5.61323,33.70292],[-5.61364,33.70298]]}},{"type":"Feature","properties":{},"geometry":{"type":"LineString","coordinates":[[-5.61574,33.70293],[-5.61583,33.70328],[-5.6157,33.70377]]}},{"type":"Feature","properties":{},"geometry":{"type":"LineString","coordinates":[[-5.61876,33.70255],[-5.61696,33.70246],[-5.61647,33.703],[-5.6161,33.70303],[-5.61358,33.70206]]}},{"type":"Feature","properties":{},"geometry":{"type":"LineString","coordinates":[[-5.61855,33.69807],[-5.61766,33.69894],[-5.6132,33.70223],[-5.60976,33.70528],[-5.60545,33.70742],[-5.60379,33.7091],[-5.60015,33.71146],[-5.59961,33.71164]]}},{"type":"Feature","properties":{},"geometry":{"type":"LineString","coordinates":[[-5.32824,33.34442],[-5.32415,33.34545],[-5.32307,33.34587],[-5.32259,33.3452],[-5.32196,33.34521],[-5.32111,33.34438],[-5.32047,33.34431]]}},{"type":"Feature","properties":{},"geometry":{"type":"LineString","coordinates":[[-5.33439,33.34318],[-5.33245,33.34378],[-5.33145,33.34382],[-5.3311,33.34408],[-5.33026,33.34429],[-5.32824,33.34442],[-5.32769,33.3444],[-5.3263,33.34397],[-5.32516,33.34339],[-5.32388,33.3432]]}},{"type":"Feature","properties":{},"geometry":{"type":"LineString","coordinates":[[-5.33304,33.35426],[-5.33004,33.35441],[-5.32921,33.35424],[-5.32863,33.35383],[-5.32735,33.35355],[-5.32609,33.35382]]}},{"type":"Feature","properties":{},"geometry":{"type":"LineString","coordinates":[[-5.33872,33.33128],[-5.33888,33.32995],[-5.33784,33.32867],[-5.33793,33.32958],[-5.33752,33.33023]]}},{"type":"Feature","properties":{},"geometry":{"type":"LineString","coordinates":[[-5.34309,33.32968],[-5.34254,33.32988],[-5.3421,33.32961],[-5.34112,33.32948],[-5.3402,33.32896],[-5.34018,33.32917],[-5.34097,33.3306],[-5.33999,33.33038],[-5.33968,33.33107],[-5.3393,33.33134],[-5.33856,33.33125],[-5.33818,33.33148],[-5.33781,33.33129],[-5.3364,33.33195],[-5.33634,33.33185],[-5.33666,33.33149]]}},{"type":"Feature","properties":{},"geometry":{"type":"LineString","coordinates":[[-5.3383,33.33622],[-5.33741,33.3364],[-5.33578,33.33716],[-5.3354,33.337]]}},{"type":"Feature","properties":{},"geometry":{"type":"LineString","coordinates":[[-5.64713,33.74622],[-5.64701,33.74601],[-5.64642,33.74585],[-5.64543,33.74618],[-5.64453,33.74708],[-5.64446,33.74737]]}},{"type":"Feature","properties":{},"geometry":{"type":"LineString","coordinates":[[-5.65133,33.75105],[-5.65053,33.75046],[-5.64977,33.75028],[-5.64974,33.74995],[-5.64937,33.74947],[-5.64732,33.75001],[-5.64661,33.74825],[-5.64585,33.74771],[-5.64454,33.74732],[-5.64244,33.74915],[-5.64182,33.74997],[-5.6412,33.74993],[-5.63889,33.75104],[-5.63618,33.75287]]}},{"type":"Feature","properties":{},"geometry":{"type":"LineString","coordinates":[[-5.65,33.73688],[-5.64965,33.73683],[-5.64942,33.73718],[-5.64866,33.73734]]}},{"type":"Feature","properties":{},"geometry":{"type":"LineString","coordinates":[[-5.64843,33.73848],[-5.64926,33.73916]]}},{"type":"Feature","properties":{},"geometry":{"type":"LineString","coordinates":[[-5.64757,33.74128],[-5.648,33.73905],[-5.64843,33.73848],[-5.64846,33.73806]]}},{"type":"Feature","properties":{},"geometry":{"type":"LineString","coordinates":[[-5.61598,33.72481],[-5.61513,33.72521],[-5.6144,33.72589],[-5.61389,33.72713]]}},{"type":"Feature","properties":{},"geometry":{"type":"LineString","coordinates":[[-5.61633,33.72874],[-5.61489,33.72914],[-5.61451,33.72906]]}},{"type":"Feature","properties":{},"geometry":{"type":"LineString","coordinates":[[-5.61832,33.72984],[-5.6178,33.73083]]}},{"type":"Feature","properties":{},"geometry":{"type":"LineString","coordinates":[[-5.62138,33.7323],[-5.61966,33.73271],[-5.61874,33.73337]]}},{"type":"Feature","properties":{},"geometry":{"type":"LineString","coordinates":[[-5.62215,33.73335],[-5.62027,33.73407]]}},{"type":"Feature","properties":{},"geometry":{"type":"LineString","coordinates":[[-5.62456,33.73627],[-5.62399,33.73651]]}},{"type":"Feature","properties":{},"geometry":{"type":"LineString","coordinates":[[-5.62557,33.73746],[-5.62398,33.73808]]}},{"type":"Feature","properties":{},"geometry":{"type":"LineString","coordinates":[[-5.62629,33.73852],[-5.62456,33.73904]]}},{"type":"Feature","properties":{},"geometry":{"type":"LineString","coordinates":[[-5.62655,33.73898],[-5.6254,33.73947]]}},{"type":"Feature","properties":{},"geometry":{"type":"LineString","coordinates":[[-5.62672,33.7392],[-5.62548,33.73977],[-5.62507,33.7404]]}},{"type":"Feature","properties":{},"geometry":{"type":"LineString","coordinates":[[-5.62564,33.74206],[-5.6251,33.7422]]}},{"type":"Feature","properties":{},"geometry":{"type":"LineString","coordinates":[[-5.62788,33.7407],[-5.626,33.74162],[-5.62554,33.74225],[-5.62497,33.74243]]}},{"type":"Feature","properties":{},"geometry":{"type":"LineString","coordinates":[[-5.63161,33.74873],[-5.63144,33.74858],[-5.62986,33.74915]]}},{"type":"Feature","properties":{},"geometry":{"type":"LineString","coordinates":[[-5.62972,33.74273],[-5.62774,33.74358]]}},{"type":"Feature","properties":{},"geometry":{"type":"LineString","coordinates":[[-5.63416,33.7478],[-5.62988,33.74948]]}},{"type":"Feature","properties":{},"geometry":{"type":"LineString","coordinates":[[-5.63481,33.74913],[-5.63227,33.7502]]}},{"type":"Feature","properties":{},"geometry":{"type":"LineString","coordinates":[[-5.59562,33.70861],[-5.5916,33.70812],[-5.59032,33.70775]]}},{"type":"Feature","properties":{},"geometry":{"type":"LineString","coordinates":[[-5.60263,33.715],[-5.60203,33.71541],[-5.60147,33.71552],[-5.60118,33.71623],[-5.60025,33.71645],[-5.59962,33.7168]]}},{"type":"Feature","properties":{},"geometry":{"type":"LineString","coordinates":[[-5.59848,33.70899],[-5.59668,33.70947]]}},{"type":"Feature","properties":{},"geometry":{"type":"LineString","coordinates":[[-5.59957,33.71152],[-5.59858,33.71181]]}},{"type":"Feature","properties":{},"geometry":{"type":"LineString","coordinates":[[-5.59977,33.71205],[-5.59778,33.71264]]}},{"type":"Feature","properties":{},"geometry":{"type":"LineString","coordinates":[[-5.6097,33.72322],[-5.60806,33.72397],[-5.60766,33.72381],[-5.60719,33.7241]]}},{"type":"Feature","properties":{},"geometry":{"type":"LineString","coordinates":[[-5.61009,33.68262],[-5.6097,33.68333],[-5.60826,33.68481],[-5.60552,33.68934],[-5.60507,33.6905],[-5.60451,33.69135],[-5.60193,33.69408],[-5.60085,33.69655],[-5.60056,33.69765],[-5.6004,33.69918],[-5.60014,33.69958]]}},{"type":"Feature","properties":{},"geometry":{"type":"LineString","coordinates":[[-5.59819,33.7005],[-5.59937,33.69957]]}},{"type":"Feature","properties":{},"geometry":{"type":"LineString","coordinates":[[-5.61153,33.72509],[-5.61127,33.72531],[-5.61126,33.72552],[-5.61205,33.7266],[-5.61184,33.72715],[-5.61174,33.72826]]}},{"type":"Feature","properties":{},"geometry":{"type":"LineString","coordinates":[[-5.61058,33.72938],[-5.61038,33.72896],[-5.60974,33.72837]]}},{"type":"Feature","properties":{},"geometry":{"type":"LineString","coordinates":[[-5.61388,33.73259],[-5.61202,33.73331]]}},{"type":"Feature","properties":{},"geometry":{"type":"LineString","coordinates":[[-5.2952,33.3409],[-5.29586,33.34127],[-5.2965,33.34202]]}},{"type":"Feature","properties":{},"geometry":{"type":"LineString","coordinates":[[-5.32353,33.37026],[-5.3226,33.36945],[-5.32069,33.36852],[-5.31955,33.3677],[-5.31703,33.36688],[-5.31488,33.36643],[-5.31553,33.36509],[-5.31541,33.36463],[-5.31624,33.36417],[-5.31612,33.36287],[-5.3157,33.36228],[-5.3146,33.36194],[-5.3146,33.36057],[-5.31437,33.35973],[-5.31476,33.35941],[-5.31462,33.35872],[-5.31306,33.35754],[-5.31205,33.35711],[-5.31175,33.35658],[-5.31083,33.35639],[-5.30997,33.35664],[-5.30883,33.35631],[-5.30759,33.35631],[-5.30579,33.35672],[-5.30422,33.35631],[-5.30181,33.35447],[-5.29999,33.35344],[-5.29898,33.35254],[-5.29726,33.35294],[-5.29642,33.35287],[-5.29561,33.3526],[-5.29511,33.35202],[-5.2949,33.35117],[-5.29497,33.35014],[-5.29451,33.34988],[-5.29467,33.34963]]}},{"type":"Feature","properties":{},"geometry":{"type":"LineString","coordinates":[[-5.29397,33.34845],[-5.29283,33.35269],[-5.29286,33.35368],[-5.2924,33.35515],[-5.29218,33.35721]]}},{"type":"Feature","properties":{},"geometry":{"type":"LineString","coordinates":[[-5.28782,33.3465],[-5.29283,33.3469],[-5.29343,33.34733],[-5.29467,33.34963]]}},{"type":"Feature","properties":{},"geometry":{"type":"LineString","coordinates":[[-5.29078,33.34305],[-5.29098,33.34273],[-5.29062,33.34249],[-5.29042,33.34201],[-5.28675,33.34167]]}},{"type":"Feature","properties":{},"geometry":{"type":"LineString","coordinates":[[-5.31205,33.31672],[-5.30938,33.31736],[-5.30767,33.31747],[-5.30747,33.31707],[-5.30759,33.31663]]}},{"type":"Feature","properties":{},"geometry":{"type":"LineString","coordinates":[[-5.31432,33.30917],[-5.31409,33.30954],[-5.31349,33.30986],[-5.31338,33.3103],[-5.31292,33.31066],[-5.31065,33.3117],[-5.30813,33.31241],[-5.30767,33.31245],[-5.30761,33.31186],[-5.30736,33.31164],[-5.30591,33.31162],[-5.30538,33.31111]]}},{"type":"Feature","properties":{},"geometry":{"type":"LineString","coordinates":[[-5.31202,33.31678],[-5.31485,33.31414]]}},{"type":"Feature","properties":{},"geometry":{"type":"LineString","coordinates":[[-5.61174,33.72826],[-5.6117,33.72838]]}},{"type":"Feature","properties":{},"geometry":{"type":"LineString","coordinates":[[-5.6117,33.72838],[-5.61159,33.72945],[-5.6111,33.73071]]}},{"type":"Feature","properties":{},"geometry":{"type":"LineString","coordinates":[[-5.62523,33.74916],[-5.62645,33.74873]]}},{"type":"Feature","properties":{},"geometry":{"type":"LineString","coordinates":[[-5.6216,33.74206],[-5.61965,33.74287]]}},{"type":"Feature","properties":{},"geometry":{"type":"LineString","coordinates":[[-5.61878,33.74048],[-5.61775,33.74093]]}},{"type":"Feature","properties":{},"geometry":{"type":"LineString","coordinates":[[-5.61824,33.7414],[-5.61893,33.74114],[-5.61941,33.74119],[-5.61942,33.7415],[-5.61868,33.74182]]}},{"type":"Feature","properties":{},"geometry":{"type":"LineString","coordinates":[[-5.61678,33.73692],[-5.61445,33.73751]]}},{"type":"Feature","properties":{},"geometry":{"type":"LineString","coordinates":[[-5.59755,33.75115],[-5.59688,33.75092],[-5.59666,33.75013],[-5.5967,33.74961]]}},{"type":"Feature","properties":{},"geometry":{"type":"LineString","coordinates":[[-5.6007,33.74926],[-5.60056,33.74902],[-5.59933,33.7491],[-5.59859,33.7486],[-5.59836,33.749],[-5.59738,33.74881]]}},{"type":"Feature","properties":{},"geometry":{"type":"LineString","coordinates":[[-5.59654,33.7346],[-5.59559,33.73447],[-5.59545,33.73525]]}},{"type":"Feature","properties":{},"geometry":{"type":"LineString","coordinates":[[-5.60644,33.73348],[-5.60579,33.73332],[-5.60561,33.73241],[-5.60602,33.73234]]}},{"type":"Feature","properties":{},"geometry":{"type":"LineString","coordinates":[[-5.60655,33.73489],[-5.60644,33.73348],[-5.60707,33.73334],[-5.60729,33.73245],[-5.607,33.73221],[-5.60649,33.73222],[-5.60602,33.73234],[-5.60595,33.73259],[-5.60562,33.73268]]}},{"type":"Feature","properties":{},"geometry":{"type":"LineString","coordinates":[[-5.62169,33.7372],[-5.62212,33.73694],[-5.62151,33.73625]]}},{"type":"Feature","properties":{},"geometry":{"type":"LineString","coordinates":[[-5.64862,33.71784],[-5.64831,33.7175],[-5.64776,33.71609],[-5.64725,33.71551]]}},{"type":"Feature","properties":{},"geometry":{"type":"LineString","coordinates":[[-5.64934,33.71648],[-5.6501,33.71603]]}},{"type":"Feature","properties":{},"geometry":{"type":"LineString","coordinates":[[-5.64964,33.71703],[-5.64839,33.71486]]}},{"type":"Feature","properties":{},"geometry":{"type":"LineString","coordinates":[[-5.6511,33.71754],[-5.65148,33.71741],[-5.65135,33.71695],[-5.6493,33.71432]]}},{"type":"Feature","properties":{},"geometry":{"type":"LineString","coordinates":[[-5.30839,33.36399],[-5.30853,33.36368],[-5.30845,33.36348],[-5.30756,33.36321],[-5.30732,33.36336],[-5.30676,33.3633],[-5.30596,33.36257],[-5.30536,33.36237],[-5.30479,33.36155]]}},{"type":"Feature","properties":{},"geometry":{"type":"LineString","coordinates":[[-5.31488,33.36643],[-5.3136,33.36602],[-5.31275,33.36497],[-5.31209,33.36444],[-5.3106,33.36464],[-5.3083,33.36396],[-5.30758,33.36427],[-5.307,33.36415],[-5.30594,33.36447],[-5.30609,33.36534]]}},{"type":"Feature","properties":{},"geometry":{"type":"LineString","coordinates":[[-5.34048,33.35512],[-5.34057,33.35373],[-5.34196,33.3536],[-5.34246,33.35405],[-5.34343,33.35414],[-5.34359,33.35441]]}},{"type":"Feature","properties":{},"geometry":{"type":"LineString","coordinates":[[-5.60433,33.72347],[-5.60294,33.72383]]}},{"type":"Feature","properties":{},"geometry":{"type":"LineString","coordinates":[[-5.64778,33.71228],[-5.6469,33.71273],[-5.64676,33.71299]]}},{"type":"Feature","properties":{},"geometry":{"type":"LineString","coordinates":[[-4.90694,33.35243],[-4.90734,33.35297],[-4.90847,33.35327]]}},{"type":"Feature","properties":{},"geometry":{"type":"LineString","coordinates":[[-4.68562,33.246],[-4.68709,33.24489]]}},{"type":"Feature","properties":{},"geometry":{"type":"LineString","coordinates":[[-4.70492,33.28756],[-4.70507,33.28692],[-4.70489,33.28539],[-4.70394,33.28373],[-4.70228,33.28186],[-4.70074,33.28046],[-4.69978,33.27904],[-4.69947,33.27823],[-4.69841,33.27725],[-4.69708,33.27563],[-4.69543,33.27491],[-4.69412,33.27456],[-4.69364,33.27394],[-4.69148,33.27343],[-4.69085,33.27294],[-4.68914,33.27318]]}},{"type":"Feature","properties":{"grade":"grade3"},"geometry":{"type":"LineString","coordinates":[[-5.65756,33.12972],[-5.65743,33.12977]]}},{"type":"Feature","properties":{},"geometry":{"type":"LineString","coordinates":[[-4.84192,33.41361],[-4.83996,33.41186],[-4.8392,33.41097],[-4.83173,33.40598],[-4.83096,33.40567],[-4.82933,33.40458],[-4.82892,33.40457],[-4.82796,33.40402],[-4.8256,33.40238]]}},{"type":"Feature","properties":{},"geometry":{"type":"LineString","coordinates":[[-4.84278,33.40658],[-4.84382,33.40616],[-4.84421,33.4058]]}},{"type":"Feature","properties":{},"geometry":{"type":"LineString","coordinates":[[-4.84348,33.40736],[-4.84278,33.40658],[-4.84206,33.40529],[-4.8412,33.40417],[-4.84066,33.40399]]}},{"type":"Feature","properties":{},"geometry":{"type":"LineString","coordinates":[[-5.66328,33.13587],[-5.66224,33.13603],[-5.66135,33.1365],[-5.65959,33.13781],[-5.65842,33.13834],[-5.65789,33.13907]]}},{"type":"Feature","properties":{},"geometry":{"type":"LineString","coordinates":[[-5.67271,33.14603],[-5.67213,33.14544],[-5.67072,33.14477],[-5.67037,33.14377],[-5.67005,33.14349],[-5.66852,33.14321],[-5.66714,33.14269],[-5.66603,33.14254],[-5.66557,33.14225],[-5.66498,33.14163],[-5.66456,33.14071],[-5.66471,33.13888],[-5.66448,33.13718],[-5.66418,33.13667],[-5.66193,33.13478],[-5.66035,33.13397],[-5.65984,33.13316],[-5.65935,33.13275],[-5.65828,33.1325],[-5.65779,33.13266],[-5.65766,33.13227],[-5.65656,33.1322]]}},{"type":"Feature","properties":{},"geometry":{"type":"LineString","coordinates":[[-5.10194,33.17364],[-5.10105,33.17449]]}},{"type":"Feature","properties":{},"geometry":{"type":"LineString","coordinates":[[-5.15264,33.14966],[-5.15308,33.15026],[-5.1521,33.15215],[-5.15239,33.15256],[-5.15229,33.15289],[-5.15248,33.15397],[-5.15415,33.15548],[-5.15469,33.15658],[-5.15547,33.15696],[-5.15665,33.15698],[-5.15917,33.15834],[-5.16061,33.15863],[-5.16158,33.15918],[-5.16431,33.15934],[-5.16592,33.15973],[-5.16674,33.15945],[-5.16808,33.15934]]}},{"type":"Feature","properties":{},"geometry":{"type":"LineString","coordinates":[[-5.12823,33.15916],[-5.12745,33.15915],[-5.12648,33.1587],[-5.12535,33.15718],[-5.1245,33.15699],[-5.12399,33.1563],[-5.12429,33.15571],[-5.12418,33.15537]]}},{"type":"Feature","properties":{},"geometry":{"type":"LineString","coordinates":[[-5.28989,33.04536],[-5.29034,33.04576],[-5.29143,33.04591],[-5.29498,33.04531],[-5.29632,33.04495],[-5.29698,33.04461]]}},{"type":"Feature","properties":{},"geometry":{"type":"LineString","coordinates":[[-5.13263,33.36565],[-5.13205,33.36535],[-5.13109,33.36523],[-5.13012,33.36472],[-5.12921,33.36501],[-5.12884,33.36441],[-5.12819,33.36393],[-5.12779,33.36399],[-5.12731,33.36384],[-5.12681,33.36402],[-5.12654,33.36434]]}},{"type":"Feature","properties":{},"geometry":{"type":"LineString","coordinates":[[-5.38452,33.09834],[-5.38533,33.09795],[-5.3864,33.09716],[-5.38778,33.09718],[-5.38801,33.09776]]}},{"type":"Feature","properties":{},"geometry":{"type":"LineString","coordinates":[[-5.36109,33.12598],[-5.36024,33.1255],[-5.35866,33.1251],[-5.35826,33.12454],[-5.35651,33.12367],[-5.35527,33.12337],[-5.35289,33.12235]]}},{"type":"Feature","properties":{},"geometry":{"type":"LineString","coordinates":[[-5.36051,33.12683],[-5.36189,33.12849],[-5.36227,33.1294],[-5.36227,33.13032]]}},{"type":"Feature","properties":{},"geometry":{"type":"LineString","coordinates":[[-5.03073,33.12838],[-5.03111,33.12866]]}},{"type":"Feature","properties":{},"geometry":{"type":"LineString","coordinates":[[-5.03062,33.1283],[-5.03073,33.12838]]}},{"type":"Feature","properties":{},"geometry":{"type":"LineString","coordinates":[[-4.71755,33.34455],[-4.71576,33.34535],[-4.71552,33.34561],[-4.71396,33.34642]]}},{"type":"Feature","properties":{},"geometry":{"type":"LineString","coordinates":[[-4.71764,33.34433],[-4.71761,33.34514],[-4.71722,33.34594],[-4.71694,33.3464],[-4.71606,33.3471]]}},{"type":"Feature","properties":{},"geometry":{"type":"LineString","coordinates":[[-5.58228,33.68975],[-5.58282,33.69258],[-5.58148,33.69786]]}},{"type":"Feature","properties":{},"geometry":{"type":"LineString","coordinates":[[-5.57527,33.69078],[-5.57427,33.69013]]}},{"type":"Feature","properties":{},"geometry":{"type":"LineString","coordinates":[[-5.58237,33.68974],[-5.57527,33.69078],[-5.57436,33.69078],[-5.57293,33.69133]]}},{"type":"Feature","properties":{},"geometry":{"type":"LineString","coordinates":[[-5.58816,33.6666],[-5.58859,33.66666],[-5.58891,33.66778],[-5.59084,33.66751],[-5.59156,33.66808],[-5.59212,33.66878]]}},{"type":"Feature","properties":{},"geometry":{"type":"LineString","coordinates":[[-5.59366,33.68949],[-5.59277,33.68946]]}},{"type":"Feature","properties":{},"geometry":{"type":"LineString","coordinates":[[-5.59237,33.69525],[-5.59161,33.69545],[-5.58986,33.69484]]}},{"type":"Feature","properties":{},"geometry":{"type":"LineString","coordinates":[[-5.57785,33.67805],[-5.57781,33.67762],[-5.57872,33.67423],[-5.57792,33.66928],[-5.5811,33.66893],[-5.58146,33.6684],[-5.58571,33.66754],[-5.58819,33.66788],[-5.58891,33.66778]]}},{"type":"Feature","properties":{},"geometry":{"type":"LineString","coordinates":[[-5.5818,33.67703],[-5.5781,33.67836]]}},{"type":"Feature","properties":{},"geometry":{"type":"LineString","coordinates":[[-5.58045,33.6747],[-5.58201,33.67738],[-5.58493,33.68026],[-5.58544,33.6798],[-5.58841,33.6814]]}},{"type":"Feature","properties":{},"geometry":{"type":"LineString","coordinates":[[-5.58214,33.68949],[-5.5819,33.6873],[-5.58184,33.68456],[-5.58031,33.68126],[-5.57589,33.67545],[-5.57566,33.67545],[-5.57174,33.67939]]}},{"type":"Feature","properties":{},"geometry":{"type":"LineString","coordinates":[[-5.57655,33.68293],[-5.5806,33.68193]]}},{"type":"Feature","properties":{},"geometry":{"type":"LineString","coordinates":[[-5.54759,33.6791],[-5.54713,33.67892],[-5.54758,33.67862]]}},{"type":"Feature","properties":{},"geometry":{"type":"LineString","coordinates":[[-5.5442,33.67848],[-5.54452,33.67855],[-5.54744,33.67761],[-5.54759,33.6777],[-5.54768,33.67819],[-5.54759,33.67865],[-5.54951,33.67938],[-5.54839,33.68],[-5.54868,33.68054],[-5.5486,33.68066],[-5.54149,33.68445],[-5.54085,33.68457],[-5.54034,33.68418],[-5.53813,33.68133]]}},{"type":"Feature","properties":{},"geometry":{"type":"LineString","coordinates":[[-5.54585,33.67971],[-5.54454,33.67972],[-5.54305,33.67927]]}},{"type":"Feature","properties":{},"geometry":{"type":"LineString","coordinates":[[-5.56217,33.67939],[-5.56195,33.67905],[-5.56149,33.67902],[-5.56134,33.67803]]}},{"type":"Feature","properties":{},"geometry":{"type":"LineString","coordinates":[[-5.57528,33.6819],[-5.57484,33.68255],[-5.57452,33.68265],[-5.57431,33.68209],[-5.56998,33.6807]]}},{"type":"Feature","properties":{},"geometry":{"type":"LineString","coordinates":[[-5.58189,33.68641],[-5.58426,33.68589],[-5.58444,33.68563],[-5.58454,33.6849],[-5.58438,33.68363],[-5.59266,33.67909]]}},{"type":"Feature","properties":{},"geometry":{"type":"LineString","coordinates":[[-5.5819,33.68091],[-5.58194,33.68013],[-5.58171,33.67992],[-5.5812,33.68006],[-5.58081,33.68093]]}},{"type":"Feature","properties":{},"geometry":{"type":"LineString","coordinates":[[-5.58034,33.68132],[-5.58099,33.68088],[-5.58264,33.68103]]}},{"type":"Feature","properties":{},"geometry":{"type":"LineString","coordinates":[[-5.58116,33.67893],[-5.58018,33.67915],[-5.57937,33.68056],[-5.57522,33.68186]]}},{"type":"Feature","properties":{},"geometry":{"type":"LineString","coordinates":[[-5.53453,33.65998],[-5.53493,33.65968],[-5.53477,33.65925]]}},{"type":"Feature","properties":{},"geometry":{"type":"LineString","coordinates":[[-5.53606,33.66003],[-5.53548,33.66028],[-5.53469,33.66124]]}},{"type":"Feature","properties":{},"geometry":{"type":"LineString","coordinates":[[-5.53694,33.66572],[-5.53659,33.66432],[-5.53492,33.662],[-5.53472,33.66129],[-5.53447,33.66107],[-5.53466,33.6605],[-5.53455,33.65999],[-5.52979,33.66059],[-5.52937,33.66042]]}},{"type":"Feature","properties":{},"geometry":{"type":"LineString","coordinates":[[-5.53952,33.66666],[-5.53571,33.6652],[-5.53431,33.66549],[-5.53228,33.66551],[-5.52849,33.666]]}},{"type":"Feature","properties":{},"geometry":{"type":"LineString","coordinates":[[-5.55007,33.66003],[-5.54016,33.6664],[-5.53604,33.66816],[-5.52741,33.67012]]}},{"type":"Feature","properties":{},"geometry":{"type":"LineString","coordinates":[[-5.53253,33.67355],[-5.52553,33.67608]]}},{"type":"Feature","properties":{},"geometry":{"type":"LineString","coordinates":[[-5.56319,33.64455],[-5.5637,33.64398]]}},{"type":"Feature","properties":{},"geometry":{"type":"LineString","coordinates":[[-5.55652,33.64343],[-5.55688,33.64268],[-5.55712,33.64266],[-5.55745,33.64292],[-5.55776,33.6435],[-5.5585,33.64407]]}},{"type":"Feature","properties":{},"geometry":{"type":"LineString","coordinates":[[-5.55599,33.64424],[-5.55612,33.64397],[-5.55639,33.64386],[-5.55656,33.64345]]}},{"type":"Feature","properties":{},"geometry":{"type":"LineString","coordinates":[[-5.54993,33.64048],[-5.54954,33.64]]}},{"type":"Feature","properties":{},"geometry":{"type":"LineString","coordinates":[[-5.55013,33.64039],[-5.54993,33.64048],[-5.55025,33.64095],[-5.5502,33.64166],[-5.55055,33.6429],[-5.55243,33.64455]]}},{"type":"Feature","properties":{},"geometry":{"type":"LineString","coordinates":[[-5.54404,33.64509],[-5.54403,33.64542],[-5.54315,33.6458]]}},{"type":"Feature","properties":{},"geometry":{"type":"LineString","coordinates":[[-5.54437,33.64289],[-5.54401,33.64252],[-5.54352,33.64241],[-5.5425,33.64258],[-5.54203,33.64251],[-5.54044,33.64299]]}},{"type":"Feature","properties":{},"geometry":{"type":"LineString","coordinates":[[-5.53869,33.66638],[-5.53743,33.66632],[-5.53659,33.66562]]}},{"type":"Feature","properties":{},"geometry":{"type":"LineString","coordinates":[[-5.53424,33.66199],[-5.53389,33.66213],[-5.53381,33.66252],[-5.53405,33.6628]]}},{"type":"Feature","properties":{},"geometry":{"type":"LineString","coordinates":[[-5.53449,33.6611],[-5.53421,33.66116],[-5.53405,33.66155],[-5.53458,33.66261]]}},{"type":"Feature","properties":{},"geometry":{"type":"LineString","coordinates":[[-5.56279,33.67307],[-5.56337,33.67152],[-5.56329,33.67085],[-5.56342,33.67051]]}},{"type":"Feature","properties":{},"geometry":{"type":"LineString","coordinates":[[-5.56366,33.67363],[-5.56464,33.67203],[-5.5644,33.67037],[-5.56463,33.66928],[-5.56531,33.66762],[-5.56562,33.66695],[-5.56705,33.66555],[-5.56685,33.66515],[-5.56639,33.66488],[-5.56564,33.66474],[-5.56545,33.66451],[-5.56533,33.66397],[-5.56563,33.6627],[-5.56561,33.66157],[-5.56544,33.66107],[-5.5648,33.66086],[-5.56465,33.66055],[-5.56468,33.66017],[-5.56521,33.65924],[-5.56538,33.65859],[-5.56553,33.65724],[-5.56533,33.65667]]}},{"type":"Feature","properties":{},"geometry":{"type":"LineString","coordinates":[[-5.56531,33.6567],[-5.5641,33.65643],[-5.56374,33.6557],[-5.55917,33.65645],[-5.55896,33.65619],[-5.55825,33.6541],[-5.55655,33.65428]]}},{"type":"Feature","properties":{},"geometry":{"type":"LineString","coordinates":[[-5.56419,33.65284],[-5.56415,33.65316],[-5.56188,33.65349]]}},{"type":"Feature","properties":{},"geometry":{"type":"LineString","coordinates":[[-5.56498,33.65272],[-5.56344,33.65291],[-5.56148,33.65234]]}},{"type":"Feature","properties":{},"geometry":{"type":"LineString","coordinates":[[-5.56731,33.65353],[-5.56932,33.65055],[-5.56962,33.64889],[-5.56953,33.64873],[-5.56808,33.64835],[-5.56784,33.64809]]}},{"type":"Feature","properties":{},"geometry":{"type":"LineString","coordinates":[[-5.5703,33.6538],[-5.57185,33.66212]]}},{"type":"Feature","properties":{},"geometry":{"type":"LineString","coordinates":[[-5.5688,33.65129],[-5.56722,33.65142],[-5.5665,33.65192]]}},{"type":"Feature","properties":{},"geometry":{"type":"LineString","coordinates":[[-5.56378,33.65933],[-5.56294,33.65891]]}},{"type":"Feature","properties":{},"geometry":{"type":"LineString","coordinates":[[-5.00988,33.64817],[-5.00894,33.64794],[-5.00851,33.64801],[-5.00843,33.6484],[-5.00775,33.64846]]}},{"type":"Feature","properties":{},"geometry":{"type":"LineString","coordinates":[[-5.00996,33.66329],[-5.00521,33.66531]]}},{"type":"Feature","properties":{},"geometry":{"type":"LineString","coordinates":[[-5.58719,33.65078],[-5.58798,33.65078],[-5.58799,33.65025]]}},{"type":"Feature","properties":{},"geometry":{"type":"LineString","coordinates":[[-5.58991,33.64951],[-5.58826,33.64968],[-5.5882,33.65021],[-5.58756,33.65026],[-5.58719,33.65078],[-5.58684,33.65075]]}},{"type":"Feature","properties":{},"geometry":{"type":"LineString","coordinates":[[-5.58996,33.65099],[-5.58886,33.65095]]}},{"type":"Feature","properties":{},"geometry":{"type":"LineString","coordinates":[[-5.59177,33.65204],[-5.58994,33.65211]]}},{"type":"Feature","properties":{},"geometry":{"type":"LineString","coordinates":[[-5.59184,33.65145],[-5.58995,33.65174]]}},{"type":"Feature","properties":{},"geometry":{"type":"LineString","coordinates":[[-5.59322,33.6555],[-5.59112,33.65494],[-5.59063,33.65455]]}},{"type":"Feature","properties":{},"geometry":{"type":"LineString","coordinates":[[-5.59335,33.65617],[-5.59096,33.6562],[-5.59078,33.65518],[-5.59102,33.65487]]}},{"type":"Feature","properties":{},"geometry":{"type":"LineString","coordinates":[[-5.59408,33.65515],[-5.59319,33.65541]]}},{"type":"Feature","properties":{},"geometry":{"type":"LineString","coordinates":[[-5.59394,33.65496],[-5.59314,33.65516]]}},{"type":"Feature","properties":{},"geometry":{"type":"LineString","coordinates":[[-5.59387,33.65475],[-5.59309,33.65496]]}},{"type":"Feature","properties":{},"geometry":{"type":"LineString","coordinates":[[-5.59379,33.65611],[-5.59337,33.65627]]}},{"type":"Feature","properties":{},"geometry":{"type":"LineString","coordinates":[[-5.5934,33.65647],[-5.59456,33.65626]]}},{"type":"Feature","properties":{},"geometry":{"type":"LineString","coordinates":[[-5.59418,33.65697],[-5.59412,33.65657]]}},{"type":"Feature","properties":{},"geometry":{"type":"LineString","coordinates":[[-5.59344,33.6567],[-5.59459,33.65648],[-5.59453,33.65608],[-5.59397,33.65614]]}},{"type":"Feature","properties":{},"geometry":{"type":"LineString","coordinates":[[-5.59388,33.65701],[-5.59395,33.65744]]}},{"type":"Feature","properties":{},"geometry":{"type":"LineString","coordinates":[[-5.5935,33.65704],[-5.5944,33.65695]]}},{"type":"Feature","properties":{},"geometry":{"type":"LineString","coordinates":[[-5.58847,33.64413],[-5.58786,33.64262],[-5.58775,33.64188]]}},{"type":"Feature","properties":{},"geometry":{"type":"LineString","coordinates":[[-5.59162,33.6452],[-5.5925,33.64636],[-5.59211,33.64768],[-5.59215,33.64922],[-5.59293,33.64994],[-5.59391,33.65044],[-5.59409,33.65119]]}},{"type":"Feature","properties":{},"geometry":{"type":"LineString","coordinates":[[-5.0048,33.64928],[-5.00521,33.64952],[-5.00559,33.65036],[-5.00715,33.65004]]}},{"type":"Feature","properties":{},"geometry":{"type":"LineString","coordinates":[[-5.00589,33.6422],[-5.00487,33.6416]]}},{"type":"Feature","properties":{},"geometry":{"type":"LineString","coordinates":[[-5.00519,33.63993],[-5.00437,33.63947],[-5.00406,33.63903],[-5.00351,33.63869]]}},{"type":"Feature","properties":{},"geometry":{"type":"LineString","coordinates":[[-5.01391,33.65377],[-5.01345,33.65388],[-5.01253,33.65504],[-5.01165,33.65581],[-5.01154,33.6565],[-5.01128,33.65662],[-5.01111,33.65695],[-5.01021,33.65684]]}},{"type":"Feature","properties":{},"geometry":{"type":"LineString","coordinates":[[-5.5864,33.64452],[-5.58594,33.64492]]}},{"type":"Feature","properties":{},"geometry":{"type":"LineString","coordinates":[[-5.58638,33.64511],[-5.58665,33.64499]]}},{"type":"Feature","properties":{},"geometry":{"type":"LineString","coordinates":[[-5.58879,33.64446],[-5.58861,33.6441]]}},{"type":"Feature","properties":{},"geometry":{"type":"LineString","coordinates":[[-5.59,33.64484],[-5.58886,33.64445],[-5.58791,33.64451],[-5.58768,33.64434]]}},{"type":"Feature","properties":{},"geometry":{"type":"LineString","coordinates":[[-4.97205,33.64385],[-4.97207,33.64335],[-4.97162,33.6424],[-4.97103,33.64162]]}},{"type":"Feature","properties":{},"geometry":{"type":"LineString","coordinates":[[-5.58399,33.64533],[-5.58388,33.64512]]}},{"type":"Feature","properties":{},"geometry":{"type":"LineString","coordinates":[[-4.96036,33.66198],[-4.96043,33.66143],[-4.96102,33.6606],[-4.96154,33.66031],[-4.96252,33.65906],[-4.96309,33.65894],[-4.96336,33.65855],[-4.96412,33.65547],[-4.965,33.6556],[-4.96756,33.6552]]}},{"type":"Feature","properties":{},"geometry":{"type":"LineString","coordinates":[[-4.97142,33.65246],[-4.96992,33.65375],[-4.96898,33.65409],[-4.96756,33.6552]]}},{"type":"Feature","properties":{},"geometry":{"type":"LineString","coordinates":[[-4.96309,33.64835],[-4.96317,33.64795],[-4.96497,33.64802],[-4.96497,33.64764],[-4.96448,33.64714],[-4.96435,33.64613],[-4.96331,33.64583],[-4.96292,33.64543],[-4.96305,33.64529],[-4.96414,33.64518],[-4.96436,33.64488],[-4.96483,33.6447],[-4.96642,33.64488],[-4.96739,33.64481],[-4.96832,33.64522],[-4.9704,33.64459]]}},{"type":"Feature","properties":{},"geometry":{"type":"LineString","coordinates":[[-4.97295,33.6513],[-4.9724,33.6507],[-4.97187,33.65102],[-4.97082,33.65123]]}},{"type":"Feature","properties":{},"geometry":{"type":"LineString","coordinates":[[-4.96292,33.64543],[-4.9623,33.64522],[-4.96071,33.64416],[-4.95913,33.64371]]}},{"type":"Feature","properties":{},"geometry":{"type":"LineString","coordinates":[[-4.98972,33.64759],[-4.98912,33.64678],[-4.98911,33.64614],[-4.98889,33.64552],[-4.98862,33.64526],[-4.98762,33.64474],[-4.98716,33.64479],[-4.98595,33.6445],[-4.98526,33.64481],[-4.98511,33.64539],[-4.98483,33.64577],[-4.98439,33.64597],[-4.98403,33.64763]]}},{"type":"Feature","properties":{},"geometry":{"type":"LineString","coordinates":[[-5.00067,33.6459],[-4.99984,33.64574],[-4.99783,33.64571],[-4.99633,33.64543],[-4.99567,33.64577],[-4.9957,33.64605],[-4.99601,33.64637],[-4.99581,33.64671]]}},{"type":"Feature","properties":{},"geometry":{"type":"LineString","coordinates":[[-4.98813,33.63227],[-4.98779,33.63345],[-4.98682,33.63529],[-4.98505,33.63654],[-4.98395,33.63779],[-4.98314,33.63795],[-4.98224,33.63781],[-4.98153,33.638],[-4.98097,33.63777],[-4.98015,33.63789],[-4.97865,33.63719],[-4.97823,33.63683],[-4.97795,33.63712],[-4.9777,33.63799],[-4.97742,33.63829]]}},{"type":"Feature","properties":{},"geometry":{"type":"LineString","coordinates":[[-4.9709,33.63219],[-4.97138,33.63195],[-4.97169,33.63128],[-4.97205,33.63098],[-4.97303,33.63072],[-4.97412,33.63011],[-4.97396,33.62746],[-4.97434,33.62591],[-4.97472,33.62581],[-4.97526,33.62617],[-4.97588,33.62595],[-4.97615,33.62625],[-4.97717,33.62621]]}},{"type":"Feature","properties":{},"geometry":{"type":"LineString","coordinates":[[-4.95158,33.6619],[-4.95234,33.66247],[-4.95261,33.66288],[-4.95335,33.66498],[-4.95402,33.66606],[-4.95419,33.66713],[-4.95517,33.66786],[-4.95609,33.66937],[-4.95649,33.66976],[-4.95664,33.67043],[-4.95767,33.67184],[-4.95803,33.67281],[-4.9579,33.6749],[-4.9585,33.67579],[-4.9597,33.67837]]}},{"type":"Feature","properties":{},"geometry":{"type":"LineString","coordinates":[[-4.97814,33.65976],[-4.97882,33.66093],[-4.97951,33.66358],[-4.98053,33.66447],[-4.98111,33.66372]]}},{"type":"Feature","properties":{},"geometry":{"type":"LineString","coordinates":[[-5.00602,33.66669],[-5.00503,33.66724],[-5.0048,33.66772],[-5.00381,33.66795],[-5.00337,33.66826],[-5.00203,33.66842],[-5.00118,33.66881],[-4.99749,33.67126],[-4.99627,33.67273],[-4.99414,33.67395],[-4.99277,33.67397],[-4.99157,33.6747],[-4.98999,33.67639],[-4.9879,33.67773],[-4.98675,33.67802],[-4.986,33.67938]]}},{"type":"Feature","properties":{},"geometry":{"type":"LineString","coordinates":[[-4.99884,33.67754],[-4.99886,33.6773],[-4.99868,33.67711],[-4.99887,33.67673],[-4.99844,33.67615],[-4.99866,33.67554],[-4.99844,33.6752],[-4.99852,33.67473],[-4.99795,33.67369],[-4.99787,33.67318],[-4.99761,33.67306],[-4.99756,33.67281],[-4.99636,33.67266]]}},{"type":"Feature","properties":{},"geometry":{"type":"LineString","coordinates":[[-4.99179,33.67457],[-4.99473,33.67652],[-4.9961,33.67714],[-4.99651,33.67761],[-4.99723,33.67957]]}},{"type":"Feature","properties":{},"geometry":{"type":"LineString","coordinates":[[-5.00299,33.66135],[-5.0021,33.6612],[-5.00173,33.66135],[-4.99941,33.66128],[-4.99937,33.66212],[-4.9984,33.6629],[-4.99482,33.66442]]}},{"type":"Feature","properties":{},"geometry":{"type":"LineString","coordinates":[[-5.00548,33.66691],[-5.00411,33.66647],[-5.0021,33.66642],[-5.00063,33.66716],[-4.99949,33.66713],[-4.999,33.66684],[-4.99902,33.66643],[-4.99921,33.66619],[-4.99881,33.66572]]}},{"type":"Feature","properties":{},"geometry":{"type":"LineString","coordinates":[[-4.99016,33.67324],[-4.99179,33.67457]]}},{"type":"Feature","properties":{},"geometry":{"type":"LineString","coordinates":[[-4.99631,33.67217],[-4.99612,33.67207],[-4.99538,33.6724],[-4.99461,33.67229]]}},{"type":"Feature","properties":{},"geometry":{"type":"LineString","coordinates":[[-4.99666,33.67218],[-4.99631,33.67217],[-4.99643,33.67177],[-4.99617,33.67001],[-4.99508,33.66901]]}},{"type":"Feature","properties":{},"geometry":{"type":"LineString","coordinates":[[-4.99878,33.66256],[-4.99892,33.6634],[-4.99877,33.66397],[-4.99855,33.66412],[-4.99802,33.66411],[-4.99807,33.66455],[-4.99774,33.66526]]}},{"type":"Feature","properties":{},"geometry":{"type":"LineString","coordinates":[[-4.99938,33.6613],[-4.99913,33.66109],[-4.99884,33.66029]]}},{"type":"Feature","properties":{},"geometry":{"type":"LineString","coordinates":[[-4.99925,33.66019],[-4.99874,33.65918]]}},{"type":"Feature","properties":{},"geometry":{"type":"LineString","coordinates":[[-4.99884,33.66029],[-4.99825,33.65966],[-4.99831,33.65885],[-4.99816,33.65851],[-4.99723,33.65808]]}},{"type":"Feature","properties":{},"geometry":{"type":"LineString","coordinates":[[-4.99262,33.65858],[-4.99401,33.65859],[-4.99543,33.65883],[-4.99612,33.65927],[-4.99707,33.65951],[-4.99781,33.66017],[-4.99907,33.66034],[-4.99925,33.66019]]}},{"type":"Feature","properties":{},"geometry":{"type":"LineString","coordinates":[[-4.99925,33.66019],[-5.00033,33.66042],[-5.00219,33.66027],[-5.00288,33.66066]]}},{"type":"Feature","properties":{},"geometry":{"type":"LineString","coordinates":[[-4.97244,33.66332],[-4.97119,33.66499],[-4.97022,33.66543]]}},{"type":"Feature","properties":{},"geometry":{"type":"LineString","coordinates":[[-4.97261,33.66318],[-4.97244,33.66332]]}},{"type":"Feature","properties":{},"geometry":{"type":"LineString","coordinates":[[-4.97244,33.66332],[-4.97317,33.66414],[-4.97459,33.6648],[-4.97488,33.66529],[-4.97356,33.66633],[-4.97225,33.66812],[-4.97173,33.66917],[-4.97203,33.66958]]}},{"type":"Feature","properties":{},"geometry":{"type":"LineString","coordinates":[[-5.00279,33.6568],[-5.00261,33.65684],[-5.0022,33.6565],[-5.00136,33.65695],[-5.00064,33.65683],[-5.00002,33.65707],[-4.99899,33.65699],[-4.99866,33.65714]]}},{"type":"Feature","properties":{},"geometry":{"type":"LineString","coordinates":[[-5.59288,33.68889],[-5.58952,33.68703],[-5.58454,33.6849]]}},{"type":"Feature","properties":{},"geometry":{"type":"LineString","coordinates":[[-5.58248,33.69106],[-5.57753,33.69242],[-5.57635,33.69294],[-5.57513,33.69078]]}},{"type":"Feature","properties":{},"geometry":{"type":"LineString","coordinates":[[-4.97688,33.65591],[-4.97828,33.65635],[-4.98159,33.65696],[-4.98438,33.65852],[-4.98703,33.65918],[-4.98762,33.6591],[-4.99156,33.65973],[-4.99163,33.6595],[-4.99194,33.65947],[-4.99249,33.65899],[-4.99262,33.65858]]}},{"type":"Feature","properties":{},"geometry":{"type":"LineString","coordinates":[[-4.99913,33.66109],[-4.9984,33.66087],[-4.99746,33.66208],[-4.99661,33.66219],[-4.99596,33.66273],[-4.99549,33.66262],[-4.99446,33.66277]]}},{"type":"Feature","properties":{},"geometry":{"type":"LineString","coordinates":[[-5.00233,33.65434],[-5.00059,33.65469],[-5.00021,33.65448],[-4.9994,33.65472],[-4.99856,33.65524],[-4.99661,33.65561],[-4.99454,33.65636],[-4.9936,33.6561],[-4.99309,33.65619],[-4.9929,33.65653],[-4.99168,33.65595],[-4.99221,33.65504],[-4.99281,33.65488],[-4.99295,33.65461],[-4.9933,33.65445],[-4.99318,33.65307],[-4.99369,33.65296],[-4.9947,33.65318],[-4.99504,33.6531],[-4.99519,33.65257],[-4.99465,33.65033],[-4.99573,33.64975],[-4.99598,33.64938],[-4.99692,33.64868],[-4.9973,33.64813]]}},{"type":"Feature","properties":{},"geometry":{"type":"LineString","coordinates":[[-4.97577,33.65367],[-4.97571,33.65364]]}},{"type":"Feature","properties":{},"geometry":{"type":"LineString","coordinates":[[-4.97571,33.65364],[-4.97545,33.65352],[-4.97499,33.65255],[-4.9748,33.65026],[-4.97667,33.64947],[-4.9772,33.64907]]}},{"type":"Feature","properties":{},"geometry":{"type":"LineString","coordinates":[[-4.97148,33.65242],[-4.97142,33.65246]]}},{"type":"Feature","properties":{},"geometry":{"type":"LineString","coordinates":[[-4.9748,33.65026],[-4.97236,33.65166],[-4.97205,33.65209],[-4.97148,33.65242]]}},{"type":"Feature","properties":{},"geometry":{"type":"LineString","coordinates":[[-4.87663,33.62774],[-4.87643,33.63704]]}},{"type":"Feature","properties":{},"geometry":{"type":"LineString","coordinates":[[-4.87869,33.62949],[-4.87906,33.63135],[-4.87959,33.63585]]}},{"type":"Feature","properties":{},"geometry":{"type":"LineString","coordinates":[[-4.88711,33.6281],[-4.88674,33.62877],[-4.88327,33.63047],[-4.88379,33.63145],[-4.88208,33.63214],[-4.88279,33.63388],[-4.88313,33.63521]]}},{"type":"Feature","properties":{},"geometry":{"type":"LineString","coordinates":[[-4.8359,33.65215],[-4.83519,33.65315],[-4.83484,33.65431],[-4.83457,33.65457],[-4.8341,33.65577],[-4.83357,33.65613]]}},{"type":"Feature","properties":{},"geometry":{"type":"LineString","coordinates":[[-4.84627,33.66515],[-4.84446,33.66313],[-4.84389,33.66223],[-4.84694,33.6605]]}},{"type":"Feature","properties":{},"geometry":{"type":"LineString","coordinates":[[-4.86155,33.66307],[-4.86007,33.66336],[-4.85962,33.66373]]}},{"type":"Feature","properties":{},"geometry":{"type":"LineString","coordinates":[[-4.86125,33.67092],[-4.86291,33.67075],[-4.86304,33.6706],[-4.86362,33.67075],[-4.86388,33.67054],[-4.86569,33.67101],[-4.86666,33.67105],[-4.86709,33.67081],[-4.86718,33.67],[-4.86742,33.66969]]}},{"type":"Feature","properties":{},"geometry":{"type":"LineString","coordinates":[[-4.87632,33.67251],[-4.87534,33.67238],[-4.87478,33.67284],[-4.87482,33.67318]]}},{"type":"Feature","properties":{},"geometry":{"type":"LineString","coordinates":[[-4.86857,33.62513],[-4.86718,33.62503],[-4.86699,33.62478],[-4.86564,33.62476]]}},{"type":"Feature","properties":{},"geometry":{"type":"LineString","coordinates":[[-4.85789,33.62712],[-4.8555,33.62519],[-4.8546,33.62587],[-4.8531,33.62627],[-4.85272,33.62627],[-4.85248,33.6258]]}},{"type":"Feature","properties":{},"geometry":{"type":"LineString","coordinates":[[-4.87669,33.66814],[-4.87624,33.66841]]}},{"type":"Feature","properties":{},"geometry":{"type":"LineString","coordinates":[[-4.85445,33.66237],[-4.85365,33.66246],[-4.85302,33.66283],[-4.85277,33.66373],[-4.85234,33.66451],[-4.85076,33.66562]]}},{"type":"Feature","properties":{},"geometry":{"type":"LineString","coordinates":[[-4.84083,33.65923],[-4.84029,33.65996],[-4.83943,33.66059]]}},{"type":"Feature","properties":{},"geometry":{"type":"LineString","coordinates":[[-4.84002,33.65871],[-4.84069,33.6592],[-4.84196,33.6593]]}},{"type":"Feature","properties":{},"geometry":{"type":"LineString","coordinates":[[-4.84129,33.65586],[-4.84086,33.65634],[-4.84028,33.65835],[-4.83998,33.65876],[-4.83889,33.65962],[-4.83877,33.66015]]}},{"type":"Feature","properties":{},"geometry":{"type":"LineString","coordinates":[[-4.99588,33.64675],[-4.99541,33.64741],[-4.99509,33.64836],[-4.99449,33.6486]]}},{"type":"Feature","properties":{},"geometry":{"type":"LineString","coordinates":[[-4.99439,33.64679],[-4.99462,33.64618],[-4.99419,33.64589],[-4.99451,33.64563],[-4.99486,33.64496],[-4.99352,33.64433],[-4.99182,33.6432]]}},{"type":"Feature","properties":{},"geometry":{"type":"LineString","coordinates":[[-5.00912,33.64792],[-5.00888,33.64737],[-5.00927,33.64643]]}},{"type":"Feature","properties":{},"geometry":{"type":"LineString","coordinates":[[-5.0149,33.62778],[-5.01609,33.62668],[-5.01688,33.62626]]}},{"type":"Feature","properties":{},"geometry":{"type":"LineString","coordinates":[[-5.00514,33.64011],[-5.00441,33.64104],[-5.00422,33.64159]]}},{"type":"Feature","properties":{},"geometry":{"type":"LineString","coordinates":[[-4.97062,33.65374],[-4.97036,33.65489],[-4.97088,33.65554],[-4.97014,33.65729],[-4.96787,33.65592]]}},{"type":"Feature","properties":{},"geometry":{"type":"LineString","coordinates":[[-4.97076,33.65304],[-4.97062,33.65374],[-4.97166,33.65391],[-4.97228,33.65385],[-4.97284,33.65403],[-4.97573,33.65556],[-4.97688,33.65591]]}},{"type":"Feature","properties":{},"geometry":{"type":"LineString","coordinates":[[-4.97141,33.64575],[-4.97055,33.64668],[-4.97046,33.64734],[-4.97081,33.64876],[-4.97082,33.64999],[-4.97062,33.65094],[-4.97033,33.65141],[-4.97006,33.65134]]}},{"type":"Feature","properties":{},"geometry":{"type":"LineString","coordinates":[[-4.96506,33.64472],[-4.9652,33.6432],[-4.96626,33.64301],[-4.967,33.64266],[-4.968,33.64151]]}},{"type":"Feature","properties":{},"geometry":{"type":"LineString","coordinates":[[-4.99497,33.65317],[-4.99435,33.65376],[-4.99416,33.65444],[-4.99379,33.65474]]}},{"type":"Feature","properties":{},"geometry":{"type":"LineString","coordinates":[[-5.00939,33.65513],[-5.00917,33.65556],[-5.00838,33.65609],[-5.00822,33.65644],[-5.00782,33.65661],[-5.00758,33.65643],[-5.00745,33.65594],[-5.00675,33.65592]]}},{"type":"Feature","properties":{},"geometry":{"type":"LineString","coordinates":[[-4.96336,33.65855],[-4.96458,33.65815],[-4.96531,33.65808],[-4.96731,33.65659],[-4.96761,33.65607],[-4.96787,33.65592],[-4.96749,33.65521]]}},{"type":"Feature","properties":{},"geometry":{"type":"LineString","coordinates":[[-4.70185,33.1185],[-4.68219,33.10928],[-4.67831,33.10801],[-4.65287,33.09833],[-4.65257,33.09801],[-4.65219,33.09709]]}},{"type":"Feature","properties":{},"geometry":{"type":"LineString","coordinates":[[-4.71722,33.34594],[-4.71702,33.34557],[-4.71631,33.34554],[-4.71593,33.34569]]}},{"type":"Feature","properties":{},"geometry":{"type":"LineString","coordinates":[[-5.18061,33.1397],[-5.18023,33.14102],[-5.18056,33.14182],[-5.18049,33.14216]]}},{"type":"Feature","properties":{},"geometry":{"type":"LineString","coordinates":[[-5.11369,33.31047],[-5.11369,33.31069],[-5.11413,33.3111],[-5.11411,33.31147],[-5.1135,33.31266],[-5.11283,33.31249]]}},{"type":"Feature","properties":{},"geometry":{"type":"LineString","coordinates":[[-5.11386,33.31032],[-5.11273,33.31075],[-5.11157,33.31158],[-5.11128,33.31237],[-5.11087,33.31265],[-5.10984,33.31387],[-5.10886,33.3158],[-5.10703,33.31744],[-5.10668,33.31833],[-5.10672,33.31929],[-5.10762,33.32154],[-5.10786,33.32279]]}},{"type":"Feature","properties":{},"geometry":{"type":"LineString","coordinates":[[-5.1287,33.33762],[-5.12808,33.33737],[-5.12758,33.33758],[-5.1249,33.33805]]}},{"type":"Feature","properties":{},"geometry":{"type":"LineString","coordinates":[[-5.122,33.08219],[-5.12104,33.08169],[-5.1197,33.08147],[-5.11811,33.08038],[-5.11707,33.07994],[-5.11539,33.07867],[-5.11379,33.0781],[-5.11287,33.07719],[-5.11244,33.07625],[-5.11225,33.07439],[-5.11174,33.0734],[-5.11134,33.07305],[-5.10969,33.07252],[-5.10828,33.07125],[-5.10695,33.06916],[-5.10678,33.06808]]}},{"type":"Feature","properties":{},"geometry":{"type":"LineString","coordinates":[[-5.12701,33.36394],[-5.12646,33.36371],[-5.12535,33.36246],[-5.12381,33.36166]]}},{"type":"Feature","properties":{},"geometry":{"type":"LineString","coordinates":[[-5.13288,33.36026],[-5.1309,33.36052],[-5.12919,33.36032],[-5.12544,33.36148],[-5.12381,33.36166],[-5.12242,33.36135],[-5.12167,33.36137],[-5.11885,33.36006],[-5.11846,33.35856],[-5.11789,33.35842],[-5.11712,33.35762],[-5.11662,33.35736],[-5.1162,33.35664],[-5.11332,33.35551],[-5.11269,33.35501],[-5.11161,33.35481],[-5.11128,33.35458]]}},{"type":"Feature","properties":{},"geometry":{"type":"LineString","coordinates":[[-5.13673,33.36573],[-5.13489,33.36436],[-5.13433,33.36342],[-5.13333,33.36241],[-5.13288,33.36026]]}},{"type":"Feature","properties":{},"geometry":{"type":"LineString","coordinates":[[-5.12815,33.32408],[-5.12819,33.32318],[-5.12851,33.32287],[-5.12912,33.32269],[-5.13097,33.32354],[-5.13094,33.32414],[-5.13112,33.32431]]}},{"type":"Feature","properties":{},"geometry":{"type":"LineString","coordinates":[[-5.12473,33.32099],[-5.12337,33.32187],[-5.12122,33.3225]]}},{"type":"Feature","properties":{},"geometry":{"type":"LineString","coordinates":[[-5.10738,33.32108],[-5.1073,33.32157],[-5.10651,33.32235],[-5.10541,33.32299],[-5.10415,33.32331],[-5.10182,33.32513],[-5.09863,33.32612],[-5.09855,33.32685],[-5.10006,33.3278],[-5.10093,33.32805],[-5.10103,33.32838],[-5.10153,33.32893]]}},{"type":"Feature","properties":{},"geometry":{"type":"LineString","coordinates":[[-5.1179,33.3143],[-5.11773,33.31379],[-5.11668,33.31261],[-5.11572,33.3121]]}},{"type":"Feature","properties":{},"geometry":{"type":"LineString","coordinates":[[-5.11747,33.31511],[-5.11786,33.31464],[-5.1179,33.3143],[-5.11829,33.31404],[-5.11943,33.31349],[-5.12008,33.31365]]}},{"type":"Feature","properties":{},"geometry":{"type":"LineString","coordinates":[[-5.10681,33.31795],[-5.10525,33.31942],[-5.10363,33.32062]]}},{"type":"Feature","properties":{},"geometry":{"type":"LineString","coordinates":[[-5.55597,33.1339],[-5.55371,33.13528],[-5.54858,33.13899],[-5.54598,33.13837],[-5.54559,33.13843],[-5.5433,33.14124],[-5.54492,33.14281],[-5.5438,33.14368],[-5.54252,33.14561]]}},{"type":"Feature","properties":{},"geometry":{"type":"LineString","coordinates":[[-4.84536,33.27152],[-4.84767,33.2707],[-4.84789,33.27083],[-4.84812,33.27139],[-4.84876,33.27154],[-4.84909,33.2706],[-4.84955,33.27024],[-4.85233,33.26986],[-4.85467,33.26917],[-4.85511,33.26923],[-4.85541,33.26946],[-4.85734,33.26897],[-4.85888,33.26895],[-4.86091,33.26994],[-4.86385,33.27033],[-4.86447,33.2706],[-4.86539,33.27147],[-4.86612,33.27185],[-4.86726,33.27146],[-4.86813,33.2703]]}},{"type":"Feature","properties":{},"geometry":{"type":"LineString","coordinates":[[-5.06671,33.23709],[-5.0659,33.23742],[-5.06494,33.23738],[-5.06421,33.23627]]}},{"type":"Feature","properties":{},"geometry":{"type":"LineString","coordinates":[[-5.06002,33.22947],[-5.0583,33.22766],[-5.0553,33.2249],[-5.05426,33.22579],[-5.05389,33.22569],[-5.05306,33.2266],[-5.05224,33.22819]]}},{"type":"Feature","properties":{},"geometry":{"type":"LineString","coordinates":[[-5.07046,33.20079],[-5.0719,33.20134],[-5.07255,33.20181],[-5.07314,33.20147],[-5.0785,33.20017],[-5.08084,33.19935],[-5.08237,33.19909],[-5.08377,33.19916]]}},{"type":"Feature","properties":{},"geometry":{"type":"LineString","coordinates":[[-5.06526,33.2359],[-5.06585,33.23656],[-5.06671,33.23709],[-5.06848,33.23694],[-5.07045,33.23816]]}},{"type":"Feature","properties":{},"geometry":{"type":"LineString","coordinates":[[-5.13016,32.99485],[-5.13049,32.99441],[-5.13103,32.99281],[-5.13097,32.99217],[-5.1315,32.99114],[-5.13096,32.99045],[-5.12992,32.98968],[-5.12975,32.98934],[-5.13014,32.98757],[-5.13114,32.98639],[-5.13061,32.98617],[-5.13028,32.9858],[-5.13028,32.98422],[-5.13098,32.98335],[-5.13135,32.98314],[-5.13268,32.98087],[-5.13432,32.98051],[-5.13525,32.9805],[-5.13601,32.98014],[-5.13624,32.98031],[-5.13675,32.97987],[-5.13728,32.97994],[-5.13781,32.98032],[-5.13815,32.9803],[-5.13854,32.97987],[-5.13894,32.97899],[-5.13978,32.97898],[-5.14059,32.97857],[-5.1416,32.9787],[-5.1433,32.97816],[-5.14497,32.97798]]}},{"type":"Feature","properties":{},"geometry":{"type":"LineString","coordinates":[[-5.07141,33.24734],[-5.07231,33.24726],[-5.07321,33.24787]]}},{"type":"Feature","properties":{},"geometry":{"type":"LineString","coordinates":[[-5.07158,33.24539],[-5.0726,33.24551],[-5.07415,33.24525],[-5.07449,33.24543],[-5.07468,33.24601],[-5.075,33.24633]]}},{"type":"Feature","properties":{},"geometry":{"type":"LineString","coordinates":[[-5.07249,33.20181],[-5.07221,33.20214],[-5.07263,33.20361]]}},{"type":"Feature","properties":{},"geometry":{"type":"LineString","coordinates":[[-5.06754,33.2399],[-5.06759,33.24149],[-5.06694,33.24218]]}},{"type":"Feature","properties":{},"geometry":{"type":"LineString","coordinates":[[-5.07168,33.24415],[-5.07111,33.2442],[-5.06954,33.24484],[-5.06926,33.24521],[-5.06884,33.24527]]}},{"type":"Feature","properties":{},"geometry":{"type":"LineString","coordinates":[[-5.07175,33.24332],[-5.06903,33.24385],[-5.06882,33.24342],[-5.06862,33.2434]]}},{"type":"Feature","properties":{},"geometry":{"type":"LineString","coordinates":[[-5.11983,33.31732],[-5.11973,33.31747],[-5.11996,33.31783],[-5.11981,33.31813],[-5.11887,33.31821],[-5.11843,33.31886],[-5.11744,33.31919]]}},{"type":"Feature","properties":{},"geometry":{"type":"LineString","coordinates":[[-5.38607,33.24585],[-5.38678,33.24514],[-5.38748,33.24482],[-5.39021,33.24434],[-5.39126,33.24338],[-5.39138,33.24405],[-5.39102,33.24456]]}},{"type":"Feature","properties":{},"geometry":{"type":"LineString","coordinates":[[-5.27927,33.30974],[-5.27935,33.30885],[-5.27974,33.30759],[-5.28007,33.30705],[-5.28082,33.30369]]}},{"type":"Feature","properties":{},"geometry":{"type":"LineString","coordinates":[[-4.7823,33.04484],[-4.78238,33.04547],[-4.78279,33.04575]]}},{"type":"Feature","properties":{},"geometry":{"type":"LineString","coordinates":[[-5.36925,33.24956],[-5.36709,33.24885],[-5.36665,33.24934],[-5.36555,33.24963],[-5.36488,33.24953],[-5.36454,33.24966]]}},{"type":"Feature","properties":{},"geometry":{"type":"LineString","coordinates":[[-4.71797,33.40652],[-4.71717,33.40658],[-4.71669,33.407],[-4.71638,33.40699],[-4.71616,33.4065],[-4.71654,33.40536],[-4.71628,33.40486],[-4.71551,33.4042],[-4.7142,33.40359],[-4.71338,33.40356],[-4.71285,33.40325],[-4.71271,33.40266]]}},{"type":"Feature","properties":{},"geometry":{"type":"LineString","coordinates":[[-4.73015,33.42228],[-4.73092,33.4216],[-4.73171,33.42145]]}},{"type":"Feature","properties":{},"geometry":{"type":"LineString","coordinates":[[-5.52664,33.04951],[-5.52617,33.04962],[-5.52558,33.05045],[-5.52493,33.0509]]}},{"type":"Feature","properties":{},"geometry":{"type":"LineString","coordinates":[[-4.74627,33.45836],[-4.74562,33.45804],[-4.74546,33.45625],[-4.74446,33.45422],[-4.74432,33.45157],[-4.74323,33.45104]]}},{"type":"Feature","properties":{},"geometry":{"type":"LineString","coordinates":[[-4.76343,33.45189],[-4.76438,33.45316]]}},{"type":"Feature","properties":{},"geometry":{"type":"LineString","coordinates":[[-4.75852,33.45446],[-4.75987,33.45498]]}},{"type":"Feature","properties":{},"geometry":{"type":"LineString","coordinates":[[-4.75837,33.45428],[-4.75886,33.45516]]}},{"type":"Feature","properties":{},"geometry":{"type":"LineString","coordinates":[[-4.75423,33.45389],[-4.75576,33.45308]]}},{"type":"Feature","properties":{},"geometry":{"type":"LineString","coordinates":[[-4.75419,33.45384],[-4.75422,33.45319],[-4.75594,33.452],[-4.75666,33.45178],[-4.75678,33.45157],[-4.75669,33.4513]]}},{"type":"Feature","properties":{},"geometry":{"type":"LineString","coordinates":[[-4.76633,33.42821],[-4.7648,33.4287],[-4.76366,33.42995],[-4.76293,33.43008],[-4.76064,33.43139],[-4.7599,33.43197],[-4.75931,33.43195],[-4.75891,33.43228]]}},{"type":"Feature","properties":{},"geometry":{"type":"LineString","coordinates":[[-5.53222,33.08207],[-5.53072,33.08234],[-5.53007,33.0823],[-5.5292,33.08177],[-5.52898,33.08126],[-5.52774,33.08133],[-5.52734,33.08155],[-5.52633,33.08267],[-5.52521,33.08299],[-5.52468,33.08342],[-5.5245,33.08396],[-5.52336,33.08527],[-5.52244,33.08548],[-5.52148,33.08546],[-5.52096,33.08517],[-5.52015,33.08393],[-5.51911,33.08279],[-5.51687,33.08216],[-5.51654,33.08153],[-5.5169,33.08069],[-5.51586,33.07979]]}},{"type":"Feature","properties":{},"geometry":{"type":"LineString","coordinates":[[-5.49671,33.08179],[-5.49589,33.08161],[-5.49468,33.08215],[-5.49392,33.08198]]}},{"type":"Feature","properties":{},"geometry":{"type":"LineString","coordinates":[[-5.49748,33.08153],[-5.49671,33.08179],[-5.49676,33.08282]]}},{"type":"Feature","properties":{},"geometry":{"type":"LineString","coordinates":[[-5.49684,33.08285],[-5.49584,33.08268],[-5.4928,33.08352],[-5.49035,33.08475],[-5.48929,33.08459]]}},{"type":"Feature","properties":{},"geometry":{"type":"LineString","coordinates":[[-5.75632,33.16038],[-5.75681,33.1614],[-5.75717,33.1618],[-5.75869,33.16537],[-5.75628,33.16581],[-5.75594,33.167],[-5.75454,33.16968],[-5.75341,33.17035],[-5.7531,33.17099],[-5.75163,33.17109],[-5.75043,33.17142],[-5.74991,33.17209],[-5.74958,33.17285]]}},{"type":"Feature","properties":{},"geometry":{"type":"LineString","coordinates":[[-5.53166,33.07765],[-5.53059,33.07641],[-5.53119,33.07627],[-5.52802,33.07557],[-5.52703,33.07461],[-5.52679,33.07403],[-5.52595,33.07304],[-5.52474,33.0722],[-5.52387,33.07137]]}},{"type":"Feature","properties":{},"geometry":{"type":"LineString","coordinates":[[-5.53553,33.08233],[-5.53681,33.08147],[-5.5371,33.08145],[-5.53702,33.08118],[-5.53745,33.08027],[-5.53791,33.08025],[-5.53853,33.07996],[-5.53865,33.07954],[-5.53852,33.07923],[-5.53906,33.07867],[-5.53985,33.07845],[-5.54067,33.07789],[-5.54285,33.07738],[-5.54422,33.07749],[-5.54472,33.07702],[-5.54536,33.07677],[-5.54684,33.07662],[-5.5479,33.07585],[-5.54856,33.07455]]}},{"type":"Feature","properties":{},"geometry":{"type":"LineString","coordinates":[[-5.74294,33.1753],[-5.74413,33.17577],[-5.74428,33.17607],[-5.74475,33.17604],[-5.74509,33.17628],[-5.74547,33.17697],[-5.74706,33.17838],[-5.74725,33.17865],[-5.74718,33.17902],[-5.7474,33.17948],[-5.74789,33.18021],[-5.74841,33.18065],[-5.7488,33.18136],[-5.74975,33.18187],[-5.75037,33.18246]]}},{"type":"Feature","properties":{},"geometry":{"type":"LineString","coordinates":[[-5.76626,33.17912],[-5.76512,33.1796],[-5.7631,33.17997],[-5.76199,33.1805],[-5.76041,33.18048],[-5.75993,33.18033],[-5.75707,33.18036],[-5.75457,33.18082],[-5.74934,33.18275],[-5.74607,33.18431],[-5.74526,33.18492],[-5.74442,33.18508],[-5.74331,33.18601],[-5.74165,33.18702],[-5.74071,33.18803],[-5.73944,33.18849],[-5.7348,33.19109],[-5.73323,33.19247],[-5.73238,33.19264],[-5.72966,33.19182],[-5.7291,33.19133],[-5.72727,33.19035],[-5.72436,33.18906],[-5.72073,33.18806],[-5.71988,33.18768],[-5.71924,33.18595],[-5.71952,33.18385],[-5.71933,33.18251],[-5.71785,33.18115],[-5.71562,33.17959],[-5.71332,33.1776],[-5.71026,33.17418],[-5.70812,33.17143],[-5.70713,33.1694],[-5.70681,33.16826],[-5.70651,33.1667],[-5.70648,33.16483],[-5.70578,33.16396]]}},{"type":"Feature","properties":{},"geometry":{"type":"LineString","coordinates":[[-5.52415,33.08429],[-5.52337,33.08353],[-5.52285,33.08331],[-5.52366,33.08249],[-5.52379,33.08172],[-5.52364,33.08142],[-5.52422,33.08085],[-5.52518,33.08067]]}},{"type":"Feature","properties":{},"geometry":{"type":"LineString","coordinates":[[-5.51038,33.08165],[-5.51035,33.08122],[-5.51128,33.0811],[-5.51146,33.08087],[-5.51116,33.08047],[-5.50971,33.07979],[-5.5095,33.07984]]}},{"type":"Feature","properties":{},"geometry":{"type":"LineString","coordinates":[[-5.50263,33.09227],[-5.50212,33.09117],[-5.50024,33.08973]]}},{"type":"Feature","properties":{},"geometry":{"type":"LineString","coordinates":[[-5.50032,33.0897],[-5.50016,33.08926],[-5.49982,33.08902],[-5.49666,33.08785]]}},{"type":"Feature","properties":{},"geometry":{"type":"LineString","coordinates":[[-5.74603,33.2006],[-5.74625,33.20122],[-5.74662,33.20168],[-5.74733,33.20376],[-5.74754,33.2038]]}},{"type":"Feature","properties":{},"geometry":{"type":"LineString","coordinates":[[-5.16746,32.94358],[-5.16755,32.94446],[-5.16709,32.94526],[-5.16804,32.94649],[-5.16818,32.94696],[-5.16738,32.94795],[-5.1673,32.94861],[-5.16689,32.94936],[-5.16587,32.9501],[-5.16459,32.95161],[-5.16383,32.95288],[-5.16345,32.95526],[-5.16252,32.95631],[-5.16227,32.95723],[-5.16159,32.95774],[-5.1608,32.95791],[-5.15881,32.9592],[-5.15834,32.95976],[-5.15808,32.96048],[-5.15661,32.96163],[-5.15519,32.96226],[-5.15486,32.96257],[-5.15402,32.96442],[-5.15259,32.96582],[-5.15203,32.96616],[-5.15172,32.96663],[-5.15141,32.96684],[-5.15002,32.96661],[-5.14955,32.96694],[-5.14947,32.96734],[-5.14979,32.9678],[-5.15002,32.96863],[-5.14946,32.96905],[-5.15001,32.96984],[-5.14947,32.9699]]}},{"type":"Feature","properties":{},"geometry":{"type":"LineString","coordinates":[[-4.8595,33.00387],[-4.85942,33.00449],[-4.85881,33.00506]]}},{"type":"Feature","properties":{},"geometry":{"type":"LineString","coordinates":[[-4.86553,33.01376],[-4.86608,33.01442],[-4.86617,33.01494],[-4.8669,33.01619],[-4.86841,33.01802],[-4.87055,33.02112],[-4.87258,33.02295],[-4.87259,33.02439]]}},{"type":"Feature","properties":{},"geometry":{"type":"LineString","coordinates":[[-4.88201,33.01332],[-4.88185,33.01331]]}},{"type":"Feature","properties":{},"geometry":{"type":"LineString","coordinates":[[-4.88444,32.9937],[-4.884,32.99402],[-4.88314,32.99528],[-4.88191,32.99651],[-4.88142,32.99774],[-4.88056,32.99894],[-4.878,33.00028],[-4.87764,33.00067]]}},{"type":"Feature","properties":{},"geometry":{"type":"LineString","coordinates":[[-4.88367,32.99263],[-4.88452,32.99377],[-4.88583,32.99417],[-4.88653,32.99486],[-4.88777,32.99529]]}},{"type":"Feature","properties":{},"geometry":{"type":"LineString","coordinates":[[-5.63684,33.24438],[-5.63649,33.24402],[-5.63557,33.24359]]}},{"type":"Feature","properties":{},"geometry":{"type":"LineString","coordinates":[[-5.67708,33.22478],[-5.67729,33.22511],[-5.67714,33.22628],[-5.67773,33.22744],[-5.67889,33.22757]]}},{"type":"Feature","properties":{},"geometry":{"type":"LineString","coordinates":[[-5.61637,33.21497],[-5.61547,33.21449]]}},{"type":"Feature","properties":{},"geometry":{"type":"LineString","coordinates":[[-5.61863,33.21333],[-5.61798,33.2128],[-5.61766,33.21215],[-5.61693,33.21193],[-5.61714,33.21158]]}},{"type":"Feature","properties":{},"geometry":{"type":"LineString","coordinates":[[-5.65182,33.22824],[-5.65238,33.22964]]}},{"type":"Feature","properties":{},"geometry":{"type":"LineString","coordinates":[[-5.65277,33.23062],[-5.65211,33.23186]]}},{"type":"Feature","properties":{},"geometry":{"type":"LineString","coordinates":[[-5.67174,33.24374],[-5.67166,33.24398],[-5.6701,33.24444],[-5.6699,33.24477]]}},{"type":"Feature","properties":{},"geometry":{"type":"LineString","coordinates":[[-5.6694,33.24171],[-5.67048,33.24156],[-5.67102,33.24175],[-5.67134,33.24232],[-5.67169,33.2437],[-5.67213,33.24395]]}},{"type":"Feature","properties":{},"geometry":{"type":"LineString","coordinates":[[-4.86548,33.01371],[-4.86553,33.01376]]}},{"type":"Feature","properties":{},"geometry":{"type":"LineString","coordinates":[[-4.86074,33.00326],[-4.86097,33.00523],[-4.86125,33.00617],[-4.8613,33.00831],[-4.86199,33.00961],[-4.86459,33.01229],[-4.86514,33.01339],[-4.86548,33.01371]]}},{"type":"Feature","properties":{},"geometry":{"type":"LineString","coordinates":[[-4.86097,33.00523],[-4.86046,33.00546],[-4.86014,33.00621]]}},{"type":"Feature","properties":{},"geometry":{"type":"LineString","coordinates":[[-4.87688,32.99581],[-4.87713,32.99625],[-4.87711,32.99686],[-4.87676,32.99778]]}},{"type":"Feature","properties":{},"geometry":{"type":"LineString","coordinates":[[-4.8849,32.99206],[-4.88421,32.99162],[-4.884,32.99131]]}},{"type":"Feature","properties":{},"geometry":{"type":"LineString","coordinates":[[-4.86084,33.00409],[-4.86014,33.00449],[-4.85995,33.00506],[-4.85925,33.00574]]}},{"type":"Feature","properties":{},"geometry":{"type":"LineString","coordinates":[[-4.87136,33.01567],[-4.87065,33.01527],[-4.86998,33.01447],[-4.86892,33.0137],[-4.8659,33.01214],[-4.86366,33.01051],[-4.86261,33.00886],[-4.86201,33.00757],[-4.86127,33.00659]]}},{"type":"Feature","properties":{},"geometry":{"type":"LineString","coordinates":[[-5.26065,33.04444],[-5.26165,33.04567]]}},{"type":"Feature","properties":{},"geometry":{"type":"LineString","coordinates":[[-5.23949,33.07372],[-5.23854,33.07316],[-5.23793,33.07303],[-5.23691,33.07239],[-5.23491,33.07212],[-5.23316,33.07156],[-5.23227,33.07196],[-5.23144,33.07197],[-5.22852,33.07274],[-5.22772,33.07338],[-5.22761,33.07366],[-5.22657,33.07421],[-5.2262,33.07497]]}},{"type":"Feature","properties":{},"geometry":{"type":"LineString","coordinates":[[-5.51643,33.377],[-5.51594,33.37651],[-5.51564,33.3758],[-5.51466,33.3752],[-5.51341,33.37677],[-5.51241,33.37708],[-5.51137,33.37699],[-5.51048,33.37718],[-5.50957,33.37716],[-5.50929,33.37728],[-5.50909,33.37764],[-5.50816,33.37798],[-5.50557,33.37829],[-5.50535,33.37853],[-5.50519,33.37925],[-5.50472,33.3794],[-5.50448,33.37994]]}},{"type":"Feature","properties":{},"geometry":{"type":"LineString","coordinates":[[-5.51296,33.38483],[-5.51283,33.38431],[-5.51341,33.38394],[-5.51354,33.38352],[-5.51345,33.38325],[-5.51397,33.38295],[-5.51361,33.38194],[-5.51344,33.38079],[-5.51398,33.37884]]}},{"type":"Feature","properties":{},"geometry":{"type":"LineString","coordinates":[[-5.53238,33.37977],[-5.53185,33.38169]]}},{"type":"Feature","properties":{},"geometry":{"type":"LineString","coordinates":[[-5.52987,33.37566],[-5.53142,33.37581]]}},{"type":"Feature","properties":{},"geometry":{"type":"LineString","coordinates":[[-5.53332,33.38016],[-5.53238,33.37977],[-5.53195,33.37834],[-5.53113,33.37749],[-5.52925,33.37661],[-5.52998,33.3755],[-5.52996,33.37486]]}},{"type":"Feature","properties":{},"geometry":{"type":"LineString","coordinates":[[-5.53825,33.3758],[-5.53763,33.37632],[-5.53419,33.37774],[-5.53303,33.37841],[-5.5329,33.37906],[-5.53318,33.37948],[-5.53332,33.38016],[-5.53425,33.38164]]}},{"type":"Feature","properties":{},"geometry":{"type":"LineString","coordinates":[[-5.39287,33.00793],[-5.39223,33.00817],[-5.39185,33.00808]]}},{"type":"Feature","properties":{},"geometry":{"type":"LineString","coordinates":[[-5.39383,33.01402],[-5.39322,33.01421],[-5.39258,33.01419],[-5.38995,33.01326],[-5.38907,33.01276]]}},{"type":"Feature","properties":{},"geometry":{"type":"LineString","coordinates":[[-5.39229,33.00375],[-5.39194,33.00467],[-5.39179,33.00662],[-5.39197,33.00732],[-5.39172,33.00942],[-5.39058,33.0119],[-5.39014,33.01228],[-5.38907,33.01276]]}},{"type":"Feature","properties":{},"geometry":{"type":"LineString","coordinates":[[-5.38925,33.01294],[-5.38868,33.01516]]}},{"type":"Feature","properties":{},"geometry":{"type":"LineString","coordinates":[[-5.49821,33.38425],[-5.49847,33.38589],[-5.49868,33.38597],[-5.49877,33.3857],[-5.49899,33.38567],[-5.5,33.38648]]}},{"type":"Feature","properties":{},"geometry":{"type":"LineString","coordinates":[[-5.50281,33.38562],[-5.50368,33.38597]]}},{"type":"Feature","properties":{},"geometry":{"type":"LineString","coordinates":[[-5.50329,33.38505],[-5.50181,33.38656],[-5.5009,33.38712],[-5.50064,33.38749]]}},{"type":"Feature","properties":{},"geometry":{"type":"LineString","coordinates":[[-5.50186,33.38498],[-5.502,33.38425],[-5.50293,33.38278],[-5.50204,33.38217],[-5.50086,33.38176]]}},{"type":"Feature","properties":{},"geometry":{"type":"LineString","coordinates":[[-5.50411,33.3854],[-5.50282,33.38483],[-5.5022,33.3848],[-5.49983,33.38592],[-5.50002,33.38653],[-5.5006,33.3873],[-5.50155,33.38963],[-5.5014,33.38993]]}},{"type":"Feature","properties":{},"geometry":{"type":"LineString","coordinates":[[-5.50237,33.37701],[-5.50029,33.37575],[-5.50041,33.37514],[-5.50078,33.37489],[-5.50146,33.37465],[-5.50208,33.37482]]}},{"type":"Feature","properties":{},"geometry":{"type":"LineString","coordinates":[[-5.50826,33.38221],[-5.5083,33.38292],[-5.50959,33.38278],[-5.50929,33.38353]]}},{"type":"Feature","properties":{},"geometry":{"type":"LineString","coordinates":[[-5.50619,33.38216],[-5.50667,33.3818],[-5.50755,33.38154],[-5.50794,33.38106],[-5.50806,33.38123]]}},{"type":"Feature","properties":{},"geometry":{"type":"LineString","coordinates":[[-5.50496,33.38258],[-5.50619,33.38216],[-5.5066,33.38239],[-5.50733,33.38212],[-5.50802,33.38232],[-5.50862,33.3819]]}},{"type":"Feature","properties":{},"geometry":{"type":"LineString","coordinates":[[-5.50391,33.37815],[-5.50452,33.3777],[-5.50552,33.37758]]}},{"type":"Feature","properties":{},"geometry":{"type":"LineString","coordinates":[[-5.39369,33.00644],[-5.39418,33.00752],[-5.39476,33.00787],[-5.39531,33.00782],[-5.39584,33.00856],[-5.39593,33.00893],[-5.39645,33.00891],[-5.39933,33.00987],[-5.40033,33.00996],[-5.40124,33.01046]]}},{"type":"Feature","properties":{},"geometry":{"type":"LineString","coordinates":[[-5.38698,32.99067],[-5.38852,32.98999],[-5.38994,32.98855],[-5.39126,32.98769],[-5.39195,32.98743],[-5.39327,32.98604]]}},{"type":"Feature","properties":{},"geometry":{"type":"LineString","coordinates":[[-5.38785,32.99222],[-5.38681,32.99273]]}},{"type":"Feature","properties":{},"geometry":{"type":"LineString","coordinates":[[-5.38799,32.99274],[-5.38755,32.99305],[-5.38669,32.99326]]}},{"type":"Feature","properties":{},"geometry":{"type":"LineString","coordinates":[[-5.3921,33.00176],[-5.39072,33.00142],[-5.38991,33.00099],[-5.38901,33.00084]]}},{"type":"Feature","properties":{},"geometry":{"type":"LineString","coordinates":[[-4.88763,33.34882],[-4.88774,33.34911],[-4.88722,33.34946],[-4.88752,33.3498],[-4.88751,33.35036]]}},{"type":"Feature","properties":{},"geometry":{"type":"LineString","coordinates":[[-4.89855,33.35044],[-4.89724,33.35033],[-4.89582,33.35061]]}},{"type":"Feature","properties":{},"geometry":{"type":"LineString","coordinates":[[-4.88929,33.34988],[-4.88902,33.34964]]}},{"type":"Feature","properties":{},"geometry":{"type":"LineString","coordinates":[[-4.89195,33.34855],[-4.89134,33.34768]]}},{"type":"Feature","properties":{},"geometry":{"type":"LineString","coordinates":[[-4.88857,33.33856],[-4.88849,33.3373],[-4.88803,33.33655],[-4.88803,33.33521]]}},{"type":"Feature","properties":{},"geometry":{"type":"LineString","coordinates":[[-5.50176,33.39292],[-5.50199,33.39177],[-5.50193,33.39122],[-5.50427,33.3915],[-5.50553,33.39198],[-5.50996,33.39305]]}},{"type":"Feature","properties":{},"geometry":{"type":"LineString","coordinates":[[-5.49902,33.41038],[-5.50004,33.40895],[-5.50067,33.40738],[-5.50063,33.40693],[-5.50173,33.40459],[-5.50223,33.40392],[-5.50232,33.40159],[-5.50429,33.3978],[-5.5044,33.39652],[-5.50485,33.3957],[-5.50493,33.39409],[-5.50553,33.39198],[-5.50564,33.39046],[-5.50505,33.38862]]}},{"type":"Feature","properties":{},"geometry":{"type":"LineString","coordinates":[[-5.49549,33.3911],[-5.49482,33.39179],[-5.49463,33.39258],[-5.49392,33.39349],[-5.48983,33.39676],[-5.48917,33.39747],[-5.48886,33.39802],[-5.48883,33.39867]]}},{"type":"Feature","properties":{},"geometry":{"type":"LineString","coordinates":[[-5.47916,33.3887],[-5.47942,33.38622],[-5.47997,33.38504],[-5.48184,33.38359],[-5.48218,33.38304],[-5.48212,33.38213],[-5.48241,33.38167],[-5.48493,33.38001],[-5.485,33.37945],[-5.48535,33.37909],[-5.48597,33.37791],[-5.48581,33.37731],[-5.48592,33.37685],[-5.4875,33.3743],[-5.48766,33.37324],[-5.48819,33.37237],[-5.48866,33.37091]]}},{"type":"Feature","properties":{},"geometry":{"type":"LineString","coordinates":[[-5.48032,33.37797],[-5.47926,33.37642],[-5.47846,33.37596]]}},{"type":"Feature","properties":{},"geometry":{"type":"LineString","coordinates":[[-5.53804,33.39104],[-5.54043,33.39013],[-5.5408,33.38988],[-5.54185,33.38849],[-5.54242,33.38798],[-5.54391,33.38773],[-5.54552,33.38664]]}},{"type":"Feature","properties":{},"geometry":{"type":"LineString","coordinates":[[-5.07914,33.41796],[-5.07915,33.41875],[-5.07976,33.41959],[-5.07967,33.42068],[-5.07979,33.42121],[-5.08149,33.42093],[-5.08188,33.42066],[-5.08233,33.42062],[-5.08329,33.42201]]}},{"type":"Feature","properties":{},"geometry":{"type":"LineString","coordinates":[[-5.35831,33.12458],[-5.3584,33.12274]]}},{"type":"Feature","properties":{},"geometry":{"type":"LineString","coordinates":[[-5.34694,33.12996],[-5.34646,33.1298],[-5.34603,33.13001]]}},{"type":"Feature","properties":{},"geometry":{"type":"LineString","coordinates":[[-5.60823,33.25899],[-5.60878,33.25636],[-5.60833,33.25554]]}},{"type":"Feature","properties":{},"geometry":{"type":"LineString","coordinates":[[-5.28209,33.33507],[-5.28313,33.33464]]}},{"type":"Feature","properties":{},"geometry":{"type":"LineString","coordinates":[[-5.2833,33.33589],[-5.28151,33.33455],[-5.28009,33.33514]]}},{"type":"Feature","properties":{},"geometry":{"type":"LineString","coordinates":[[-5.21086,33.06778],[-5.21204,33.06693],[-5.21371,33.06638],[-5.21458,33.06555],[-5.21612,33.06475]]}},{"type":"Feature","properties":{},"geometry":{"type":"LineString","coordinates":[[-5.20504,33.075],[-5.20546,33.07433],[-5.20565,33.07338],[-5.20619,33.07298],[-5.20834,33.0702],[-5.2089,33.06889],[-5.20986,33.06812],[-5.21086,33.06778],[-5.20966,33.06479]]}},{"type":"Feature","properties":{},"geometry":{"type":"LineString","coordinates":[[-5.55182,33.25013],[-5.55161,33.24922],[-5.55114,33.24838],[-5.55093,33.24627],[-5.55038,33.24582],[-5.54974,33.24466],[-5.54983,33.2439],[-5.55111,33.24192],[-5.55209,33.23929],[-5.55191,33.23743],[-5.5515,33.23641],[-5.55145,33.23588],[-5.55199,33.23445],[-5.55175,33.23325],[-5.55176,33.23227],[-5.55212,33.23102],[-5.55215,33.22996],[-5.55172,33.22804],[-5.55119,33.22731],[-5.55085,33.22608],[-5.55031,33.22576]]}},{"type":"Feature","properties":{},"geometry":{"type":"LineString","coordinates":[[-5.60951,33.2291],[-5.60989,33.22824],[-5.61059,33.22799],[-5.61102,33.22661],[-5.61248,33.22453],[-5.61317,33.22255],[-5.6131,33.22137]]}},{"type":"Feature","properties":{},"geometry":{"type":"LineString","coordinates":[[-5.34643,33.13268],[-5.34753,33.13276],[-5.34811,33.13233],[-5.34942,33.13302],[-5.35019,33.13316],[-5.35087,33.13305]]}},{"type":"Feature","properties":{},"geometry":{"type":"LineString","coordinates":[[-5.42444,33.35183],[-5.42316,33.35325]]}},{"type":"Feature","properties":{},"geometry":{"type":"LineString","coordinates":[[-5.43813,33.33616],[-5.43733,33.33618],[-5.43662,33.33571],[-5.43583,33.33479],[-5.43566,33.33486],[-5.43565,33.33507],[-5.43451,33.33581],[-5.43374,33.3359],[-5.43304,33.33467],[-5.43224,33.33401],[-5.43019,33.33498]]}},{"type":"Feature","properties":{},"geometry":{"type":"LineString","coordinates":[[-5.44759,33.33271],[-5.44754,33.33247],[-5.44719,33.33237],[-5.44374,33.33264],[-5.44364,33.3335],[-5.44296,33.33453],[-5.44227,33.33511],[-5.44204,33.33602],[-5.44163,33.33644],[-5.44116,33.33643],[-5.44036,33.3357],[-5.44005,33.33491],[-5.43973,33.33485],[-5.4388,33.33539],[-5.43774,33.3366],[-5.43741,33.33727],[-5.43698,33.33751]]}},{"type":"Feature","properties":{},"geometry":{"type":"LineString","coordinates":[[-5.45239,33.35069],[-5.4527,33.35072],[-5.45291,33.35037],[-5.45322,33.35022],[-5.4536,33.35029],[-5.45435,33.34901],[-5.45491,33.34873],[-5.45552,33.34795],[-5.45771,33.34667],[-5.4582,33.34681],[-5.45853,33.34752]]}},{"type":"Feature","properties":{},"geometry":{"type":"LineString","coordinates":[[-5.4811,33.32754],[-5.47975,33.32843],[-5.47636,33.33018],[-5.47626,33.33037],[-5.47527,33.33071],[-5.47227,33.33135],[-5.46869,33.33237],[-5.46727,33.3325],[-5.46578,33.33226],[-5.46413,33.33258]]}},{"type":"Feature","properties":{},"geometry":{"type":"LineString","coordinates":[[-5.4214,33.00982],[-5.4221,33.01021],[-5.42276,33.01145],[-5.42284,33.01257],[-5.424,33.01598],[-5.42391,33.01682],[-5.42485,33.01729],[-5.425,33.01766]]}},{"type":"Feature","properties":{},"geometry":{"type":"LineString","coordinates":[[-5.40572,33.02913],[-5.40572,33.02981],[-5.40518,33.03144],[-5.4042,33.03256],[-5.40501,33.03306],[-5.40516,33.03409],[-5.40576,33.03516]]}},{"type":"Feature","properties":{},"geometry":{"type":"LineString","coordinates":[[-5.39137,32.98767],[-5.39195,32.98909],[-5.39201,32.99021],[-5.39164,32.99067],[-5.3918,32.9912]]}},{"type":"Feature","properties":{},"geometry":{"type":"LineString","coordinates":[[-5.58288,33.22526],[-5.58257,33.22601],[-5.58267,33.22679],[-5.58287,33.22709],[-5.58196,33.22761],[-5.58118,33.22769],[-5.58032,33.22804],[-5.57994,33.22839]]}},{"type":"Feature","properties":{},"geometry":{"type":"LineString","coordinates":[[-5.58987,33.22712],[-5.58648,33.227],[-5.58467,33.22564],[-5.58349,33.22528],[-5.58248,33.22526],[-5.58076,33.22449],[-5.58051,33.22359],[-5.57985,33.2228],[-5.57859,33.22234],[-5.57769,33.22228]]}},{"type":"Feature","properties":{},"geometry":{"type":"LineString","coordinates":[[-5.55207,33.25221],[-5.55085,33.25334],[-5.5505,33.25381],[-5.5503,33.25443],[-5.54873,33.25549]]}},{"type":"Feature","properties":{},"geometry":{"type":"LineString","coordinates":[[-5.74496,33.09447],[-5.74463,33.0941],[-5.74329,33.09427]]}},{"type":"Feature","properties":{},"geometry":{"type":"LineString","coordinates":[[-5.55614,33.25702],[-5.55761,33.25766],[-5.56112,33.25851],[-5.56237,33.2578],[-5.56348,33.25738],[-5.56465,33.25616]]}},{"type":"Feature","properties":{},"geometry":{"type":"LineString","coordinates":[[-5.55368,33.25726],[-5.55499,33.25723],[-5.55786,33.25672]]}},{"type":"Feature","properties":{},"geometry":{"type":"LineString","coordinates":[[-5.4183,32.99792],[-5.4176,32.99718]]}},{"type":"Feature","properties":{},"geometry":{"type":"LineString","coordinates":[[-5.4133,32.99795],[-5.41328,32.99749],[-5.41301,32.99693]]}},{"type":"Feature","properties":{},"geometry":{"type":"LineString","coordinates":[[-5.42327,33.00595],[-5.4235,33.00583],[-5.4236,33.00547],[-5.42348,33.00451],[-5.42421,33.00339],[-5.42441,33.00228],[-5.42493,33.00114],[-5.42542,32.99941]]}},{"type":"Feature","properties":{},"geometry":{"type":"LineString","coordinates":[[-5.4234,33.00784],[-5.42308,33.00787],[-5.42267,33.00759],[-5.42239,33.00623]]}},{"type":"Feature","properties":{},"geometry":{"type":"LineString","coordinates":[[-5.40598,33.02891],[-5.40625,33.02858],[-5.40658,33.02851]]}},{"type":"Feature","properties":{},"geometry":{"type":"LineString","coordinates":[[-5.39122,33.03446],[-5.39275,33.03477],[-5.39338,33.03581]]}},{"type":"Feature","properties":{},"geometry":{"type":"LineString","coordinates":[[-5.39424,33.00757],[-5.39343,33.00762],[-5.39308,33.00745]]}},{"type":"Feature","properties":{},"geometry":{"type":"LineString","coordinates":[[-5.71005,33.09917],[-5.70862,33.0978],[-5.70757,33.09777],[-5.70612,33.09691],[-5.70568,33.09644],[-5.70567,33.09593],[-5.70524,33.09597],[-5.70426,33.09569],[-5.7033,33.09585],[-5.70232,33.09577],[-5.69997,33.09724],[-5.69865,33.09833],[-5.69696,33.1008],[-5.69391,33.10358],[-5.69038,33.10533]]}},{"type":"Feature","properties":{},"geometry":{"type":"LineString","coordinates":[[-5.71681,33.0918],[-5.71581,33.09181],[-5.7155,33.09201],[-5.71441,33.09096],[-5.71378,33.09076],[-5.71324,33.09093],[-5.7137,33.09116],[-5.71345,33.09183],[-5.71294,33.09213],[-5.71286,33.09197],[-5.7132,33.09152],[-5.71247,33.0918]]}},{"type":"Feature","properties":{},"geometry":{"type":"LineString","coordinates":[[-5.50608,33.19158],[-5.50699,33.19173],[-5.50807,33.19231],[-5.50974,33.19219],[-5.51007,33.19265],[-5.51103,33.19251],[-5.51166,33.19296],[-5.51184,33.19553],[-5.51157,33.19606],[-5.51102,33.19623],[-5.51081,33.19651],[-5.51077,33.19734],[-5.51059,33.1978],[-5.5096,33.19855],[-5.50954,33.19919],[-5.50906,33.20034],[-5.50905,33.20182],[-5.50965,33.20331],[-5.51016,33.20372],[-5.51021,33.20422],[-5.51111,33.20541],[-5.51105,33.20603],[-5.51127,33.20691],[-5.51182,33.20741],[-5.51234,33.20833],[-5.51261,33.20854]]}},{"type":"Feature","properties":{},"geometry":{"type":"LineString","coordinates":[[-5.51303,33.16681],[-5.51118,33.16666],[-5.51074,33.1669],[-5.50951,33.16704],[-5.50794,33.16761],[-5.5066,33.16783],[-5.5054,33.16761],[-5.50506,33.16719],[-5.50443,33.16804],[-5.50333,33.16825],[-5.50169,33.16739],[-5.50101,33.1666],[-5.50081,33.16579],[-5.50093,33.16511],[-5.50107,33.16507],[-5.50124,33.16549],[-5.50162,33.16573],[-5.50201,33.16559],[-5.50176,33.16506],[-5.502,33.16491]]}},{"type":"Feature","properties":{},"geometry":{"type":"LineString","coordinates":[[-5.52924,33.15613],[-5.52762,33.15518],[-5.52515,33.15433]]}},{"type":"Feature","properties":{},"geometry":{"type":"LineString","coordinates":[[-4.83568,32.98732],[-4.83554,32.98729],[-4.83526,32.98668],[-4.83499,32.98674]]}},{"type":"Feature","properties":{},"geometry":{"type":"LineString","coordinates":[[-5.73607,33.08029],[-5.7359,33.08053],[-5.73506,33.08063],[-5.73441,33.08046],[-5.73309,33.07971],[-5.73274,33.07933],[-5.73234,33.07942],[-5.73242,33.07967],[-5.7322,33.0797]]}},{"type":"Feature","properties":{},"geometry":{"type":"LineString","coordinates":[[-5.54621,33.19282],[-5.5471,33.19273],[-5.54775,33.19325],[-5.55117,33.19484]]}},{"type":"Feature","properties":{},"geometry":{"type":"LineString","coordinates":[[-5.53509,33.1916],[-5.53606,33.1921],[-5.5374,33.19242],[-5.54111,33.1926],[-5.54236,33.19281],[-5.54494,33.19268],[-5.5462,33.19285]]}},{"type":"Feature","properties":{},"geometry":{"type":"LineString","coordinates":[[-5.53329,33.18076],[-5.53366,33.18348],[-5.53448,33.18566],[-5.5351,33.19122],[-5.53509,33.192],[-5.53418,33.19469],[-5.53396,33.19624],[-5.5335,33.1965],[-5.53282,33.19734],[-5.5322,33.19761],[-5.53056,33.19747],[-5.5293,33.19781],[-5.52855,33.19714],[-5.52871,33.19655],[-5.52862,33.19492],[-5.52829,33.19508],[-5.52766,33.19509],[-5.52722,33.19558],[-5.52647,33.19606],[-5.52558,33.19618]]}},{"type":"Feature","properties":{},"geometry":{"type":"LineString","coordinates":[[-5.54782,33.20831],[-5.54852,33.20916],[-5.54926,33.20937],[-5.54973,33.20907],[-5.55002,33.20843],[-5.55044,33.20844],[-5.55091,33.20788],[-5.5526,33.20739],[-5.55469,33.20744],[-5.55476,33.20769],[-5.5546,33.20807]]}},{"type":"Feature","properties":{},"geometry":{"type":"LineString","coordinates":[[-5.51111,33.20541],[-5.51197,33.2045],[-5.5133,33.20448],[-5.51402,33.20404]]}},{"type":"Feature","properties":{},"geometry":{"type":"LineString","coordinates":[[-4.80558,32.9944],[-4.80611,32.99176],[-4.80497,32.99157],[-4.80418,32.99186],[-4.80283,32.99196],[-4.80192,32.99142],[-4.7982,32.99249],[-4.79746,32.99241],[-4.79693,32.99206],[-4.7962,32.99204],[-4.79547,32.99223],[-4.79465,32.99296],[-4.79389,32.99439]]}},{"type":"Feature","properties":{},"geometry":{"type":"LineString","coordinates":[[-4.83174,32.98949],[-4.83432,32.98936],[-4.83465,32.98953],[-4.8349,32.99109],[-4.83417,32.992],[-4.83345,32.992],[-4.83313,32.99161],[-4.83214,32.99131]]}},{"type":"Feature","properties":{},"geometry":{"type":"LineString","coordinates":[[-4.85244,32.98311],[-4.85371,32.98361],[-4.85428,32.98443],[-4.85443,32.986],[-4.85435,32.98663],[-4.85381,32.98781],[-4.8539,32.98848]]}},{"type":"Feature","properties":{},"geometry":{"type":"LineString","coordinates":[[-4.85407,32.98733],[-4.85309,32.98764],[-4.85243,32.9873],[-4.85198,32.98738]]}},{"type":"Feature","properties":{},"geometry":{"type":"LineString","coordinates":[[-4.85013,33.00823],[-4.84966,33.00755],[-4.84808,33.00375],[-4.84761,32.99863],[-4.84828,32.99785]]}},{"type":"Feature","properties":{},"geometry":{"type":"LineString","coordinates":[[-4.84592,33.01018],[-4.84775,33.01479],[-4.84764,33.01596],[-4.84633,33.01761],[-4.84381,33.01735]]}},{"type":"Feature","properties":{},"geometry":{"type":"LineString","coordinates":[[-4.85332,32.99255],[-4.85187,32.99388]]}},{"type":"Feature","properties":{},"geometry":{"type":"LineString","coordinates":[[-5.41352,33.19667],[-5.41391,33.19677],[-5.41472,33.19633],[-5.41549,33.19663],[-5.41582,33.19648]]}},{"type":"Feature","properties":{},"geometry":{"type":"LineString","coordinates":[[-5.45813,33.09395],[-5.45757,33.09495],[-5.45745,33.09605],[-5.45682,33.09692],[-5.45585,33.09734]]}},{"type":"Feature","properties":{},"geometry":{"type":"LineString","coordinates":[[-5.48798,33.08265],[-5.48473,33.08296],[-5.48348,33.08337],[-5.48284,33.08379],[-5.48275,33.08415],[-5.48303,33.08451],[-5.48273,33.08497],[-5.48358,33.08578]]}},{"type":"Feature","properties":{},"geometry":{"type":"LineString","coordinates":[[-5.47958,33.08411],[-5.47919,33.08411],[-5.47924,33.08445],[-5.47861,33.08467],[-5.47794,33.0843],[-5.47762,33.08448],[-5.47581,33.08442]]}},{"type":"Feature","properties":{},"geometry":{"type":"LineString","coordinates":[[-5.45244,33.07537],[-5.45103,33.07505],[-5.4508,33.07406],[-5.45029,33.07374],[-5.45001,33.074],[-5.44967,33.07402],[-5.44915,33.07361],[-5.4476,33.07326],[-5.44675,33.07352],[-5.44527,33.0731],[-5.44388,33.07303],[-5.44271,33.07335],[-5.44183,33.07325],[-5.44087,33.07342],[-5.44002,33.07337],[-5.43912,33.07309],[-5.43648,33.07291],[-5.43585,33.07309],[-5.43547,33.07342],[-5.43484,33.07343],[-5.43414,33.07371],[-5.43332,33.07445],[-5.43216,33.07474],[-5.43177,33.07506],[-5.43037,33.07567]]}},{"type":"Feature","properties":{},"geometry":{"type":"LineString","coordinates":[[-5.46425,33.05924],[-5.46276,33.05884],[-5.46152,33.05871],[-5.46083,33.0583],[-5.46057,33.05794],[-5.46069,33.05743],[-5.45945,33.05577],[-5.45875,33.05398],[-5.45769,33.0532],[-5.4569,33.05293],[-5.45631,33.05241],[-5.45534,33.05213],[-5.45475,33.05159],[-5.45452,33.0518],[-5.45465,33.05257],[-5.4545,33.05343],[-5.45476,33.05419],[-5.45363,33.05485],[-5.45263,33.05518],[-5.45144,33.05522],[-5.44869,33.05412],[-5.44748,33.0539],[-5.44689,33.05359],[-5.44618,33.05275],[-5.44545,33.05246],[-5.44457,33.05237],[-5.44464,33.05286],[-5.44442,33.05305]]}},{"type":"Feature","properties":{},"geometry":{"type":"LineString","coordinates":[[-5.44442,33.05305],[-5.44295,33.0536],[-5.44138,33.05266],[-5.43923,33.05282],[-5.43791,33.05197],[-5.43774,33.05159]]}},{"type":"Feature","properties":{},"geometry":{"type":"LineString","coordinates":[[-5.37248,32.97759],[-5.37273,32.97779],[-5.37351,32.97791],[-5.37547,32.97787],[-5.37597,32.97807],[-5.37659,32.97803],[-5.37807,32.97893],[-5.3791,32.97865],[-5.38022,32.97939],[-5.38085,32.97895],[-5.38164,32.97867],[-5.38204,32.97792],[-5.38298,32.977],[-5.38345,32.97687],[-5.38448,32.97735],[-5.38518,32.9773],[-5.38642,32.97667],[-5.3883,32.97507]]}},{"type":"Feature","properties":{},"geometry":{"type":"LineString","coordinates":[[-5.37327,32.97892],[-5.37247,32.97875],[-5.37123,32.97818],[-5.37074,32.97911],[-5.37126,32.97984]]}},{"type":"Feature","properties":{},"geometry":{"type":"LineString","coordinates":[[-5.37495,32.97133],[-5.37583,32.97312],[-5.37716,32.97384],[-5.37822,32.97419],[-5.37901,32.97506]]}},{"type":"Feature","properties":{},"geometry":{"type":"LineString","coordinates":[[-5.41531,32.98862],[-5.41437,32.98874],[-5.41374,32.98864],[-5.41274,32.98888]]}},{"type":"Feature","properties":{},"geometry":{"type":"LineString","coordinates":[[-5.49081,33.07827],[-5.49036,33.07821],[-5.48973,33.07837],[-5.48921,33.07825],[-5.48741,33.07859],[-5.48678,33.07918],[-5.48463,33.07858],[-5.48421,33.07821],[-5.48351,33.07839],[-5.48331,33.07819],[-5.48323,33.07733],[-5.48254,33.0777],[-5.48194,33.07773],[-5.48147,33.07755],[-5.47996,33.07836],[-5.47932,33.07843],[-5.47881,33.07873],[-5.4785,33.07921],[-5.47768,33.0792],[-5.47734,33.07969],[-5.47684,33.07981],[-5.47697,33.08031],[-5.47763,33.08134],[-5.47772,33.08211],[-5.47845,33.08211],[-5.47908,33.08157]]}},{"type":"Feature","properties":{},"geometry":{"type":"LineString","coordinates":[[-5.44717,33.08053],[-5.44679,33.08005],[-5.445,33.07968],[-5.44433,33.07928],[-5.44221,33.07928],[-5.4413,33.07957],[-5.44033,33.07929],[-5.4401,33.07982],[-5.43962,33.08035],[-5.43781,33.08107],[-5.43691,33.08196],[-5.43597,33.0823]]}},{"type":"Feature","properties":{},"geometry":{"type":"LineString","coordinates":[[-5.40877,32.9521],[-5.40949,32.95191],[-5.41058,32.95113]]}},{"type":"Feature","properties":{},"geometry":{"type":"LineString","coordinates":[[-5.39006,32.94655],[-5.39071,32.94728],[-5.39041,32.94777],[-5.39131,32.94847],[-5.39187,32.94926],[-5.3922,32.94932],[-5.39254,32.94975],[-5.39341,32.95028],[-5.39393,32.95092]]}},{"type":"Feature","properties":{},"geometry":{"type":"LineString","coordinates":[[-5.5712,33.34083],[-5.57096,33.34056],[-5.57095,33.34026],[-5.57023,33.3398],[-5.56898,33.33962],[-5.56874,33.33999]]}},{"type":"Feature","properties":{},"geometry":{"type":"LineString","coordinates":[[-5.56422,33.35541],[-5.56491,33.35508],[-5.5656,33.35432],[-5.56723,33.35363],[-5.5699,33.35187],[-5.5717,33.35174],[-5.57475,33.3502],[-5.57515,33.35021]]}},{"type":"Feature","properties":{},"geometry":{"type":"LineString","coordinates":[[-5.54822,33.36413],[-5.54909,33.36426],[-5.54948,33.36414],[-5.54963,33.36387],[-5.54946,33.36313],[-5.54964,33.36273],[-5.55018,33.36238],[-5.55094,33.36231]]}},{"type":"Feature","properties":{},"geometry":{"type":"LineString","coordinates":[[-5.54905,33.36946],[-5.54873,33.36914],[-5.54854,33.36864],[-5.54775,33.3682],[-5.5474,33.36824],[-5.54725,33.36777],[-5.54659,33.36765],[-5.54617,33.36737]]}},{"type":"Feature","properties":{},"geometry":{"type":"LineString","coordinates":[[-5.58325,33.32521],[-5.58327,33.32573],[-5.58408,33.3265],[-5.5846,33.32738],[-5.58575,33.32786],[-5.58612,33.3292],[-5.586,33.32974],[-5.5862,33.33023],[-5.5869,33.33176],[-5.58771,33.33261],[-5.588,33.33321],[-5.58873,33.33367],[-5.5901,33.33369]]}},{"type":"Feature","properties":{},"geometry":{"type":"LineString","coordinates":[[-5.55345,33.36409],[-5.55397,33.36555],[-5.55435,33.36593],[-5.55487,33.36616]]}},{"type":"Feature","properties":{},"geometry":{"type":"LineString","coordinates":[[-5.55046,33.36738],[-5.55065,33.3678],[-5.5505,33.36882],[-5.55086,33.37023],[-5.55106,33.37242],[-5.55189,33.37378],[-5.55257,33.37414],[-5.55385,33.37421],[-5.55435,33.37407],[-5.55538,33.37338],[-5.55598,33.37328],[-5.5581,33.37121],[-5.55986,33.37075],[-5.56091,33.37005],[-5.56161,33.37],[-5.56205,33.36967]]}},{"type":"Feature","properties":{},"geometry":{"type":"LineString","coordinates":[[-5.56622,33.35413],[-5.56642,33.35427],[-5.56658,33.35568],[-5.56714,33.35561],[-5.56867,33.35614],[-5.56936,33.35575],[-5.56993,33.35637],[-5.57132,33.35662],[-5.57176,33.35701],[-5.57177,33.35754],[-5.57202,33.35779],[-5.5728,33.35758]]}},{"type":"Feature","properties":{},"geometry":{"type":"LineString","coordinates":[[-5.5535,33.37416],[-5.55449,33.37349],[-5.55488,33.37131],[-5.55481,33.37082]]}},{"type":"Feature","properties":{},"geometry":{"type":"LineString","coordinates":[[-5.57067,33.33064],[-5.57054,33.33059],[-5.57011,33.33123],[-5.56998,33.33191],[-5.56951,33.33286]]}},{"type":"Feature","properties":{},"geometry":{"type":"LineString","coordinates":[[-5.57234,33.33618],[-5.57051,33.33154],[-5.57066,33.33066],[-5.57109,33.32979],[-5.57122,33.32914],[-5.57144,33.32871],[-5.5717,33.32869]]}},{"type":"Feature","properties":{},"geometry":{"type":"LineString","coordinates":[[-5.5768,33.32942],[-5.57872,33.32981],[-5.57954,33.33017],[-5.58087,33.33158]]}},{"type":"Feature","properties":{},"geometry":{"type":"LineString","coordinates":[[-5.59886,33.33022],[-5.59854,33.33053],[-5.59806,33.33153],[-5.59839,33.3323],[-5.59834,33.33291],[-5.59798,33.33312],[-5.5969,33.33316],[-5.59672,33.3338],[-5.59635,33.33392],[-5.59536,33.33368],[-5.59441,33.33367],[-5.59365,33.33416],[-5.59253,33.33348]]}},{"type":"Feature","properties":{},"geometry":{"type":"LineString","coordinates":[[-5.59668,33.32774],[-5.59756,33.32622],[-5.59872,33.32515],[-5.60095,33.32452],[-5.60156,33.3248],[-5.60246,33.3246],[-5.6035,33.32366],[-5.60378,33.32255],[-5.60441,33.32166],[-5.60486,33.3212],[-5.60644,33.32017]]}},{"type":"Feature","properties":{},"geometry":{"type":"LineString","coordinates":[[-5.56497,33.35979],[-5.56445,33.36305],[-5.56336,33.36412],[-5.56329,33.36455],[-5.56277,33.36508],[-5.56211,33.36542],[-5.56144,33.36554],[-5.56116,33.36544],[-5.56079,33.36487],[-5.56008,33.36472],[-5.55894,33.36517],[-5.55756,33.36519]]}},{"type":"Feature","properties":{},"geometry":{"type":"LineString","coordinates":[[-5.56966,33.34504],[-5.56905,33.34512],[-5.56789,33.34409],[-5.56782,33.34369],[-5.56753,33.34359]]}},{"type":"Feature","properties":{},"geometry":{"type":"LineString","coordinates":[[-5.57115,33.34096],[-5.57258,33.34128],[-5.5734,33.3412],[-5.57544,33.34008],[-5.57633,33.34079]]}},{"type":"Feature","properties":{},"geometry":{"type":"LineString","coordinates":[[-5.54579,33.37833],[-5.54625,33.37841],[-5.54874,33.37796],[-5.54908,33.37814],[-5.54938,33.37896],[-5.55098,33.37875],[-5.55136,33.3791],[-5.55232,33.3791],[-5.55322,33.37968],[-5.55364,33.38025],[-5.55434,33.38058],[-5.5577,33.38046],[-5.55801,33.38084],[-5.55889,33.38122],[-5.55953,33.38174],[-5.56058,33.38178],[-5.5622,33.38245],[-5.56361,33.38241],[-5.56528,33.38268],[-5.56753,33.38182],[-5.56818,33.38186],[-5.56905,33.38148],[-5.56927,33.3812]]}},{"type":"Feature","properties":{},"geometry":{"type":"LineString","coordinates":[[-5.54849,33.37661],[-5.54627,33.37664]]}},{"type":"Feature","properties":{},"geometry":{"type":"LineString","coordinates":[[-5.55365,33.38402],[-5.55291,33.38342],[-5.55191,33.38365],[-5.55143,33.3835],[-5.55013,33.38353],[-5.54984,33.38315],[-5.54879,33.38281],[-5.54811,33.38233],[-5.5473,33.38223],[-5.54615,33.38233]]}},{"type":"Feature","properties":{},"geometry":{"type":"LineString","coordinates":[[-5.56129,33.39033],[-5.5599,33.39087],[-5.55923,33.39075],[-5.55872,33.3904],[-5.55885,33.38893],[-5.54618,33.38298]]}},{"type":"Feature","properties":{},"geometry":{"type":"LineString","coordinates":[[-5.56029,33.37289],[-5.55978,33.37355],[-5.55781,33.37501],[-5.55729,33.37481],[-5.55703,33.37489]]}},{"type":"Feature","properties":{},"geometry":{"type":"LineString","coordinates":[[-5.56642,33.37464],[-5.56352,33.37525],[-5.56141,33.37625],[-5.5601,33.37644],[-5.55891,33.3763],[-5.5585,33.37621],[-5.55703,33.37489],[-5.55585,33.37478],[-5.55587,33.37386],[-5.55563,33.37334]]}},{"type":"Feature","properties":{},"geometry":{"type":"LineString","coordinates":[[-5.55841,33.38102],[-5.55909,33.38055],[-5.55984,33.37959],[-5.55989,33.37931],[-5.56139,33.37965],[-5.5622,33.37957],[-5.56256,33.37928],[-5.56339,33.37924],[-5.5654,33.37844],[-5.56555,33.37799],[-5.56643,33.37732],[-5.56677,33.37685],[-5.56749,33.37642],[-5.56779,33.37571],[-5.56928,33.3742],[-5.56964,33.37352],[-5.57006,33.37208]]}},{"type":"Feature","properties":{},"geometry":{"type":"LineString","coordinates":[[-5.54919,33.37837],[-5.55009,33.37821],[-5.55101,33.37869]]}},{"type":"Feature","properties":{},"geometry":{"type":"LineString","coordinates":[[-5.55098,33.37875],[-5.55127,33.378],[-5.55084,33.37766],[-5.55013,33.37745],[-5.54897,33.37756],[-5.54864,33.37794]]}},{"type":"Feature","properties":{},"geometry":{"type":"LineString","coordinates":[[-5.54762,33.3781],[-5.54721,33.37775],[-5.54692,33.37717],[-5.54605,33.37729]]}},{"type":"Feature","properties":{},"geometry":{"type":"LineString","coordinates":[[-5.54604,33.37733],[-5.54547,33.37717],[-5.54549,33.37682],[-5.54517,33.37648],[-5.54513,33.37602]]}},{"type":"Feature","properties":{},"geometry":{"type":"LineString","coordinates":[[-5.55042,33.3961],[-5.54652,33.39639],[-5.54354,33.3961]]}},{"type":"Feature","properties":{},"geometry":{"type":"LineString","coordinates":[[-5.5461,33.38188],[-5.54469,33.38127],[-5.54327,33.38136]]}},{"type":"Feature","properties":{},"geometry":{"type":"LineString","coordinates":[[-5.54964,33.3831],[-5.55,33.38287],[-5.55011,33.38223]]}},{"type":"Feature","properties":{},"geometry":{"type":"LineString","coordinates":[[-5.54592,33.38037],[-5.545,33.38016],[-5.54356,33.38014]]}},{"type":"Feature","properties":{},"geometry":{"type":"LineString","coordinates":[[-5.54954,33.38219],[-5.5494,33.38179]]}},{"type":"Feature","properties":{},"geometry":{"type":"LineString","coordinates":[[-5.54916,33.3825],[-5.54872,33.38277]]}},{"type":"Feature","properties":{},"geometry":{"type":"LineString","coordinates":[[-5.54944,33.38177],[-5.54946,33.38151],[-5.5498,33.38111]]}},{"type":"Feature","properties":{},"geometry":{"type":"LineString","coordinates":[[-5.5499,33.38159],[-5.54944,33.38177]]}},{"type":"Feature","properties":{},"geometry":{"type":"LineString","coordinates":[[-5.54922,33.38122],[-5.54897,33.38191]]}},{"type":"Feature","properties":{},"geometry":{"type":"LineString","coordinates":[[-5.54944,33.38177],[-5.54808,33.38202]]}},{"type":"Feature","properties":{},"geometry":{"type":"LineString","coordinates":[[-5.54977,33.3804],[-5.54883,33.38117],[-5.54797,33.3823]]}},{"type":"Feature","properties":{},"geometry":{"type":"LineString","coordinates":[[-5.56784,33.38584],[-5.5678,33.38486],[-5.56627,33.38437],[-5.56555,33.38464]]}},{"type":"Feature","properties":{},"geometry":{"type":"LineString","coordinates":[[-5.568,33.38598],[-5.56669,33.38514],[-5.56573,33.38482],[-5.56544,33.38452],[-5.56515,33.3838],[-5.56428,33.38344]]}},{"type":"Feature","properties":{},"geometry":{"type":"LineString","coordinates":[[-5.56428,33.38344],[-5.56203,33.38242]]}},{"type":"Feature","properties":{},"geometry":{"type":"LineString","coordinates":[[-5.72567,33.19973],[-5.72589,33.19919],[-5.72536,33.19761],[-5.7262,33.19559],[-5.72655,33.19426],[-5.72684,33.19145],[-5.72745,33.19046],[-5.72821,33.18975],[-5.73014,33.18655],[-5.73076,33.18517],[-5.73208,33.18096],[-5.7321,33.18011],[-5.73081,33.17735],[-5.73063,33.17665],[-5.7299,33.17098]]}},{"type":"Feature","properties":{},"geometry":{"type":"LineString","coordinates":[[-5.73891,33.20147],[-5.73891,33.20437],[-5.73907,33.20585],[-5.73869,33.20615],[-5.73844,33.20677],[-5.73885,33.20733],[-5.73867,33.20763],[-5.7381,33.20763],[-5.73795,33.20783]]}},{"type":"Feature","properties":{},"geometry":{"type":"LineString","coordinates":[[-5.73454,33.17051],[-5.73485,33.17175],[-5.73769,33.17489]]}},{"type":"Feature","properties":{},"geometry":{"type":"LineString","coordinates":[[-5.73244,33.19265],[-5.7328,33.19276]]}},{"type":"Feature","properties":{},"geometry":{"type":"LineString","coordinates":[[-5.73284,33.19259],[-5.7328,33.19276],[-5.73363,33.19307],[-5.7329,33.19316],[-5.73245,33.19352],[-5.7324,33.19444],[-5.73222,33.19491]]}},{"type":"Feature","properties":{},"geometry":{"type":"LineString","coordinates":[[-5.73751,33.19236],[-5.73818,33.19363],[-5.73819,33.19458],[-5.73778,33.19559],[-5.73826,33.19608],[-5.74004,33.19719],[-5.74228,33.19816],[-5.74329,33.19837],[-5.74345,33.19766],[-5.74406,33.19751]]}},{"type":"Feature","properties":{},"geometry":{"type":"LineString","coordinates":[[-5.7321,33.18081],[-5.73259,33.18194],[-5.73345,33.18528],[-5.73395,33.18646],[-5.73461,33.18772],[-5.73545,33.18873],[-5.73751,33.19236],[-5.7386,33.1925],[-5.73938,33.19209],[-5.74164,33.19164]]}},{"type":"Feature","properties":{},"geometry":{"type":"LineString","coordinates":[[-5.69579,33.16393],[-5.69788,33.16304],[-5.70067,33.16348],[-5.70575,33.16392]]}},{"type":"Feature","properties":{},"geometry":{"type":"LineString","coordinates":[[-5.69434,33.16304],[-5.69579,33.16393],[-5.70021,33.16593],[-5.70221,33.16711],[-5.70362,33.16677],[-5.70402,33.16609],[-5.70527,33.16496],[-5.70578,33.16396]]}},{"type":"Feature","properties":{},"geometry":{"type":"LineString","coordinates":[[-5.70626,33.17523],[-5.70481,33.17328],[-5.70542,33.17256],[-5.70552,33.17222]]}},{"type":"Feature","properties":{},"geometry":{"type":"LineString","coordinates":[[-5.70678,33.16805],[-5.70795,33.16753]]}},{"type":"Feature","properties":{},"geometry":{"type":"LineString","coordinates":[[-5.70872,33.17216],[-5.71151,33.1678],[-5.71285,33.1652],[-5.71312,33.16504],[-5.71608,33.16506],[-5.71824,33.16534],[-5.72315,33.16719],[-5.72602,33.16732],[-5.72867,33.16785],[-5.72923,33.16823]]}},{"type":"Feature","properties":{},"geometry":{"type":"LineString","coordinates":[[-5.69108,33.1881],[-5.69691,33.18862],[-5.69726,33.1881],[-5.69952,33.18839],[-5.7011,33.18808],[-5.70165,33.1884],[-5.70167,33.18941],[-5.70205,33.19014],[-5.70225,33.19041],[-5.70295,33.19075],[-5.70598,33.19115],[-5.70667,33.19147],[-5.70783,33.19167],[-5.70915,33.19246],[-5.71177,33.19331],[-5.71355,33.1933],[-5.71463,33.19306]]}},{"type":"Feature","properties":{},"geometry":{"type":"LineString","coordinates":[[-5.68832,33.20321],[-5.6908,33.20159],[-5.69059,33.20096],[-5.69086,33.20073],[-5.69224,33.20032]]}},{"type":"Feature","properties":{},"geometry":{"type":"LineString","coordinates":[[-5.72423,33.20177],[-5.7226,33.20202],[-5.72063,33.20278],[-5.71895,33.20364],[-5.71814,33.20429],[-5.71644,33.20496],[-5.71586,33.2055],[-5.71575,33.20575],[-5.71583,33.20683],[-5.71615,33.20811],[-5.71604,33.20897],[-5.71779,33.20937],[-5.71815,33.20936],[-5.71824,33.20904]]}},{"type":"Feature","properties":{},"geometry":{"type":"LineString","coordinates":[[-5.74501,33.17219],[-5.74463,33.17057],[-5.74369,33.16957],[-5.74293,33.16847],[-5.74225,33.16776],[-5.74114,33.16702],[-5.74003,33.16676]]}},{"type":"Feature","properties":{},"geometry":{"type":"LineString","coordinates":[[-5.73012,33.16317],[-5.73328,33.16589],[-5.73379,33.16617],[-5.73434,33.16611]]}},{"type":"Feature","properties":{},"geometry":{"type":"LineString","coordinates":[[-5.7263,33.16398],[-5.72694,33.16411],[-5.72866,33.16373],[-5.73379,33.16187],[-5.73616,33.16085],[-5.73862,33.16128],[-5.74109,33.15974],[-5.74194,33.15966],[-5.74331,33.15917],[-5.74441,33.15818],[-5.74619,33.15753]]}},{"type":"Feature","properties":{},"geometry":{"type":"LineString","coordinates":[[-5.72896,33.16759],[-5.72959,33.16743],[-5.73082,33.16767],[-5.73111,33.16786],[-5.73316,33.16799],[-5.73422,33.16754]]}},{"type":"Feature","properties":{},"geometry":{"type":"LineString","coordinates":[[-5.56707,33.37665],[-5.5668,33.37613],[-5.56676,33.37559]]}},{"type":"Feature","properties":{},"geometry":{"type":"LineString","coordinates":[[-5.56432,33.38347],[-5.56381,33.3846],[-5.56324,33.38497],[-5.5634,33.38591],[-5.56326,33.38622],[-5.56243,33.38661],[-5.56174,33.38652],[-5.56139,33.38678],[-5.56094,33.38669],[-5.55924,33.38704]]}},{"type":"Feature","properties":{},"geometry":{"type":"LineString","coordinates":[[-5.55635,33.38297],[-5.55482,33.38304],[-5.55355,33.38385]]}},{"type":"Feature","properties":{},"geometry":{"type":"LineString","coordinates":[[-5.70578,33.16396],[-5.70861,33.16205],[-5.70905,33.16098],[-5.70968,33.16053],[-5.7101,33.15999],[-5.71098,33.15944]]}},{"type":"Feature","properties":{},"geometry":{"type":"LineString","coordinates":[[-5.54382,33.38775],[-5.54327,33.38743],[-5.54309,33.3871]]}},{"type":"Feature","properties":{},"geometry":{"type":"LineString","coordinates":[[-5.69364,33.18553],[-5.68868,33.1856],[-5.68592,33.18535],[-5.68039,33.18522],[-5.67654,33.18426],[-5.67319,33.18309],[-5.67115,33.18272],[-5.66878,33.18204]]}},{"type":"Feature","properties":{},"geometry":{"type":"LineString","coordinates":[[-5.69788,33.16304],[-5.69351,33.16232]]}},{"type":"Feature","properties":{},"geometry":{"type":"LineString","coordinates":[[-5.709,33.16104],[-5.70719,33.1608],[-5.70639,33.16091],[-5.70487,33.16021],[-5.70381,33.16014],[-5.70452,33.16176],[-5.70578,33.16396]]}},{"type":"Feature","properties":{},"geometry":{"type":"LineString","coordinates":[[-5.7293,33.16906],[-5.72765,33.16967]]}},{"type":"Feature","properties":{},"geometry":{"type":"LineString","coordinates":[[-5.72927,33.16813],[-5.72926,33.1689],[-5.72988,33.17098]]}},{"type":"Feature","properties":{},"geometry":{"type":"LineString","coordinates":[[-5.73376,33.18599],[-5.73509,33.18564],[-5.73605,33.18562],[-5.73625,33.1862],[-5.73677,33.18667],[-5.73777,33.18748],[-5.73832,33.18759]]}},{"type":"Feature","properties":{},"geometry":{"type":"LineString","coordinates":[[-5.73021,33.17376],[-5.73297,33.17353],[-5.73368,33.1739],[-5.73373,33.17451],[-5.7344,33.17431],[-5.73768,33.17609]]}},{"type":"Feature","properties":{},"geometry":{"type":"LineString","coordinates":[[-5.70133,33.17526],[-5.70059,33.17422],[-5.70017,33.17395],[-5.70012,33.1736],[-5.69841,33.17314],[-5.69661,33.17192],[-5.69583,33.17091],[-5.69383,33.16912],[-5.69306,33.16813],[-5.69288,33.1675],[-5.69205,33.16691],[-5.69194,33.16632],[-5.69144,33.16597]]}},{"type":"Feature","properties":{},"geometry":{"type":"LineString","coordinates":[[-5.73626,33.16083],[-5.73761,33.163],[-5.73715,33.16317]]}},{"type":"Feature","properties":{},"geometry":{"type":"LineString","coordinates":[[-5.71562,33.17959],[-5.71524,33.17995],[-5.7137,33.18361],[-5.71262,33.18504],[-5.71146,33.18707],[-5.71051,33.188],[-5.71054,33.18819],[-5.71226,33.18934],[-5.71203,33.19002]]}},{"type":"Feature","properties":{},"geometry":{"type":"LineString","coordinates":[[-5.69902,33.20713],[-5.70061,33.20647],[-5.70274,33.20689],[-5.70918,33.20696]]}},{"type":"Feature","properties":{},"geometry":{"type":"LineString","coordinates":[[-5.69344,33.20545],[-5.69281,33.20613]]}},{"type":"Feature","properties":{},"geometry":{"type":"LineString","coordinates":[[-5.47655,33.42313],[-5.47776,33.4227],[-5.47805,33.4224]]}},{"type":"Feature","properties":{},"geometry":{"type":"LineString","coordinates":[[-5.71301,33.09662],[-5.71229,33.09666],[-5.71167,33.09702],[-5.71111,33.09699],[-5.71077,33.09675]]}},{"type":"Feature","properties":{},"geometry":{"type":"LineString","coordinates":[[-4.67786,33.33733],[-4.67765,33.33741]]}},{"type":"Feature","properties":{},"geometry":{"type":"LineString","coordinates":[[-4.67755,33.33705],[-4.67773,33.33756]]}},{"type":"Feature","properties":{},"geometry":{"type":"LineString","coordinates":[[-4.67777,33.33702],[-4.67793,33.33744]]}},{"type":"Feature","properties":{},"geometry":{"type":"LineString","coordinates":[[-4.6783,33.33684],[-4.6767,33.33711]]}},{"type":"Feature","properties":{},"geometry":{"type":"LineString","coordinates":[[-4.67885,33.33672],[-4.67832,33.33677],[-4.67842,33.33713]]}},{"type":"Feature","properties":{},"geometry":{"type":"LineString","coordinates":[[-4.67873,33.33633],[-4.67853,33.33668]]}},{"type":"Feature","properties":{},"geometry":{"type":"LineString","coordinates":[[-4.6789,33.33601],[-4.67852,33.33588]]}},{"type":"Feature","properties":{},"geometry":{"type":"LineString","coordinates":[[-4.67885,33.33633],[-4.67901,33.33515]]}},{"type":"Feature","properties":{},"geometry":{"type":"LineString","coordinates":[[-4.67788,33.33494],[-4.67789,33.33439],[-4.67742,33.33447]]}},{"type":"Feature","properties":{},"geometry":{"type":"LineString","coordinates":[[-4.68963,33.34537],[-4.68788,33.3445],[-4.6874,33.3441],[-4.68586,33.34355],[-4.68514,33.34355],[-4.6848,33.34318],[-4.68334,33.34264],[-4.68128,33.341],[-4.6806,33.34022],[-4.67973,33.33867],[-4.67903,33.33642],[-4.67838,33.33631],[-4.67852,33.33592],[-4.6784,33.33513]]}},{"type":"Feature","properties":{},"geometry":{"type":"LineString","coordinates":[[-4.6771,33.33397],[-4.67715,33.33348],[-4.67695,33.33257],[-4.6762,33.33178],[-4.67582,33.33104],[-4.6752,33.32946],[-4.67502,33.32815]]}},{"type":"Feature","properties":{},"geometry":{"type":"LineString","coordinates":[[-4.67736,33.33428],[-4.6774,33.33399],[-4.6769,33.33397],[-4.67685,33.33415]]}},{"type":"Feature","properties":{},"geometry":{"type":"LineString","coordinates":[[-4.65453,33.31996],[-4.65384,33.31979],[-4.65265,33.31905],[-4.64619,33.31747]]}},{"type":"Feature","properties":{},"geometry":{"type":"LineString","coordinates":[[-4.6564,33.31926],[-4.65592,33.31951],[-4.65541,33.31926],[-4.65458,33.31941]]}},{"type":"Feature","properties":{},"geometry":{"type":"LineString","coordinates":[[-4.65608,33.31842],[-4.65563,33.3184],[-4.65539,33.31864],[-4.65489,33.31844]]}},{"type":"Feature","properties":{},"geometry":{"type":"LineString","coordinates":[[-4.65254,33.32435],[-4.65214,33.32405],[-4.65314,33.32297],[-4.65452,33.32008],[-4.65472,33.31866],[-4.65532,33.31795]]}},{"type":"Feature","properties":{},"geometry":{"type":"LineString","coordinates":[[-4.65596,33.31833],[-4.65734,33.31742],[-4.66094,33.31681],[-4.6618,33.31611]]}},{"type":"Feature","properties":{},"geometry":{"type":"LineString","coordinates":[[-4.69175,33.31098],[-4.69701,33.3104],[-4.69773,33.31067],[-4.69751,33.31103],[-4.69781,33.31227],[-4.6983,33.31249],[-4.6993,33.31238],[-4.70213,33.31141],[-4.70429,33.31109],[-4.70577,33.31058],[-4.70605,33.31066],[-4.70605,33.31082],[-4.70472,33.31172]]}},{"type":"Feature","properties":{},"geometry":{"type":"LineString","coordinates":[[-4.68964,33.28493],[-4.6905,33.28398],[-4.69076,33.28391],[-4.69182,33.28454],[-4.69256,33.2854],[-4.69291,33.28553],[-4.69421,33.28667],[-4.69476,33.28675],[-4.69754,33.2886],[-4.70101,33.28917],[-4.7027,33.28893],[-4.7056,33.29064],[-4.70753,33.29298],[-4.70774,33.29347],[-4.7082,33.29388]]}},{"type":"Feature","properties":{},"geometry":{"type":"LineString","coordinates":[[-5.72039,33.08966],[-5.72022,33.08931],[-5.71957,33.08915]]}},{"type":"Feature","properties":{},"geometry":{"type":"LineString","coordinates":[[-5.33374,33.02897],[-5.33383,33.02999],[-5.33408,33.03051],[-5.33449,33.03087],[-5.33561,33.03132]]}},{"type":"Feature","properties":{},"geometry":{"type":"LineString","coordinates":[[-5.32849,33.02521],[-5.32918,33.0254],[-5.32976,33.02582],[-5.33133,33.02743],[-5.33231,33.02806],[-5.33315,33.02908],[-5.33506,33.02853],[-5.33584,33.02811],[-5.33728,33.02805]]}},{"type":"Feature","properties":{},"geometry":{"type":"LineString","coordinates":[[-4.67481,33.32729],[-4.67444,33.32715],[-4.67403,33.32728]]}},{"type":"Feature","properties":{},"geometry":{"type":"LineString","coordinates":[[-4.67016,33.34222],[-4.6695,33.34189],[-4.67014,33.34058],[-4.67011,33.33961],[-4.66972,33.33844],[-4.66812,33.33727],[-4.66755,33.33705],[-4.6675,33.33671],[-4.66717,33.3363],[-4.66642,33.33584],[-4.66386,33.3353],[-4.66252,33.33544]]}},{"type":"Feature","properties":{},"geometry":{"type":"LineString","coordinates":[[-4.67257,33.34113],[-4.67192,33.34103]]}},{"type":"Feature","properties":{},"geometry":{"type":"LineString","coordinates":[[-4.67125,33.34175],[-4.67146,33.34174],[-4.67151,33.34207]]}},{"type":"Feature","properties":{},"geometry":{"type":"LineString","coordinates":[[-4.67117,33.34148],[-4.67125,33.34175],[-4.67097,33.34191],[-4.67104,33.34226]]}},{"type":"Feature","properties":{},"geometry":{"type":"LineString","coordinates":[[-4.67263,33.34133],[-4.67374,33.3411],[-4.67621,33.33858],[-4.67614,33.33844]]}},{"type":"Feature","properties":{},"geometry":{"type":"LineString","coordinates":[[-4.67232,33.34038],[-4.67269,33.34191],[-4.67293,33.34203],[-4.67299,33.3425],[-4.6727,33.34374]]}},{"type":"Feature","properties":{},"geometry":{"type":"LineString","coordinates":[[-5.43627,32.97087],[-5.43595,32.97084],[-5.4366,32.97016]]}},{"type":"Feature","properties":{},"geometry":{"type":"LineString","coordinates":[[-5.44738,33.41356],[-5.44716,33.4128],[-5.44664,33.41231]]}},{"type":"Feature","properties":{},"geometry":{"type":"LineString","coordinates":[[-5.44659,33.40832],[-5.44779,33.40853],[-5.44852,33.40908]]}},{"type":"Feature","properties":{},"geometry":{"type":"LineString","coordinates":[[-5.74577,33.07131],[-5.74611,33.0704],[-5.74534,33.07018]]}},{"type":"Feature","properties":{},"geometry":{"type":"LineString","coordinates":[[-5.74831,33.07011],[-5.74791,33.06973],[-5.74786,33.06946]]}},{"type":"Feature","properties":{},"geometry":{"type":"LineString","coordinates":[[-5.75038,33.06722],[-5.7492,33.06785]]}},{"type":"Feature","properties":{},"geometry":{"type":"LineString","coordinates":[[-5.70988,33.1023],[-5.70937,33.10278],[-5.70834,33.10314],[-5.70758,33.10364],[-5.70641,33.10372]]}},{"type":"Feature","properties":{},"geometry":{"type":"LineString","coordinates":[[-5.74565,33.08595],[-5.74397,33.08483],[-5.74385,33.08432],[-5.74268,33.08298],[-5.74254,33.08261],[-5.7416,33.08211],[-5.74086,33.08198]]}},{"type":"Feature","properties":{},"geometry":{"type":"LineString","coordinates":[[-5.43962,33.37725],[-5.44021,33.37757],[-5.4409,33.37746],[-5.4417,33.37705],[-5.44344,33.37576],[-5.44417,33.37569],[-5.44506,33.37527],[-5.44717,33.37464],[-5.44871,33.37376],[-5.44924,33.37299],[-5.45012,33.37269],[-5.45102,33.37268]]}},{"type":"Feature","properties":{},"geometry":{"type":"LineString","coordinates":[[-5.45053,33.37533],[-5.45034,33.37424],[-5.45072,33.37334],[-5.45099,33.37306]]}},{"type":"Feature","properties":{},"geometry":{"type":"LineString","coordinates":[[-5.4388,33.37603],[-5.43942,33.37589],[-5.44031,33.37606]]}},{"type":"Feature","properties":{},"geometry":{"type":"LineString","coordinates":[[-5.44909,33.37576],[-5.44908,33.37517],[-5.44876,33.37425]]}},{"type":"Feature","properties":{},"geometry":{"type":"LineString","coordinates":[[-5.46419,33.38112],[-5.46463,33.37982],[-5.46485,33.37865],[-5.46481,33.37763],[-5.4652,33.37651],[-5.46515,33.37536],[-5.46534,33.37345]]}},{"type":"Feature","properties":{},"geometry":{"type":"LineString","coordinates":[[-5.46974,33.38318],[-5.47006,33.38273]]}},{"type":"Feature","properties":{},"geometry":{"type":"LineString","coordinates":[[-5.46858,33.38247],[-5.46892,33.38207],[-5.46855,33.38157],[-5.46879,33.38129]]}},{"type":"Feature","properties":{},"geometry":{"type":"LineString","coordinates":[[-5.47556,33.39075],[-5.47343,33.39016],[-5.47019,33.38867],[-5.46943,33.38878],[-5.46746,33.38854],[-5.46612,33.3886],[-5.46562,33.38911]]}},{"type":"Feature","properties":{},"geometry":{"type":"LineString","coordinates":[[-5.47397,33.38669],[-5.47494,33.38827],[-5.47432,33.38924],[-5.47336,33.38941],[-5.47276,33.3898]]}},{"type":"Feature","properties":{},"geometry":{"type":"LineString","coordinates":[[-5.32715,33.03582],[-5.32877,33.03557],[-5.33102,33.03584],[-5.33303,33.03542],[-5.33358,33.03556],[-5.33444,33.03545],[-5.33473,33.03528],[-5.33548,33.03531],[-5.3367,33.03574],[-5.33769,33.03533],[-5.33898,33.03516],[-5.33922,33.03487]]}},{"type":"Feature","properties":{},"geometry":{"type":"LineString","coordinates":[[-5.37704,33.40304],[-5.37869,33.40237],[-5.38198,33.3999],[-5.38295,33.39989],[-5.38428,33.4003],[-5.38483,33.4001],[-5.38589,33.4007],[-5.38626,33.40069]]}},{"type":"Feature","properties":{},"geometry":{"type":"LineString","coordinates":[[-5.43883,33.41777],[-5.43833,33.41776],[-5.4377,33.41748],[-5.43604,33.41516],[-5.43528,33.41468],[-5.43519,33.41433],[-5.43408,33.41413],[-5.43346,33.41375],[-5.43195,33.41332],[-5.43136,33.41288],[-5.43101,33.41201]]}},{"type":"Feature","properties":{},"geometry":{"type":"LineString","coordinates":[[-5.44087,33.40685],[-5.44038,33.40628],[-5.43986,33.40596],[-5.43544,33.40442],[-5.43506,33.40389],[-5.43407,33.40357],[-5.43308,33.40358],[-5.43126,33.40306],[-5.431,33.40225],[-5.4311,33.40188],[-5.43204,33.4013],[-5.43221,33.40103],[-5.43205,33.40073],[-5.43141,33.40059],[-5.43049,33.40068],[-5.42996,33.40107],[-5.42853,33.40275],[-5.42816,33.40405],[-5.42732,33.40423],[-5.42603,33.40367],[-5.42558,33.40372],[-5.42561,33.40515],[-5.42539,33.40533]]}},{"type":"Feature","properties":{},"geometry":{"type":"LineString","coordinates":[[-5.4197,33.38491],[-5.41901,33.38415],[-5.41724,33.38314],[-5.41641,33.38309],[-5.41548,33.38266],[-5.41444,33.38252],[-5.41035,33.38297],[-5.40331,33.38463],[-5.40242,33.38497]]}},{"type":"Feature","properties":{},"geometry":{"type":"LineString","coordinates":[[-5.43298,33.37173],[-5.43291,33.37134],[-5.43334,33.37104],[-5.43368,33.371]]}},{"type":"Feature","properties":{},"geometry":{"type":"LineString","coordinates":[[-5.43314,33.37195],[-5.43336,33.37164],[-5.43314,33.37123]]}},{"type":"Feature","properties":{},"geometry":{"type":"LineString","coordinates":[[-5.43702,33.38749],[-5.43538,33.38548],[-5.43537,33.38519],[-5.43476,33.38494],[-5.43443,33.38445],[-5.4346,33.38394],[-5.43442,33.38373],[-5.43437,33.38306],[-5.43479,33.38096],[-5.43606,33.37951],[-5.43629,33.37893],[-5.43617,33.3778],[-5.43538,33.37604]]}},{"type":"Feature","properties":{},"geometry":{"type":"LineString","coordinates":[[-5.36896,33.41507],[-5.36908,33.41465],[-5.36996,33.41415]]}},{"type":"Feature","properties":{},"geometry":{"type":"LineString","coordinates":[[-5.38324,33.41405],[-5.38324,33.41518],[-5.38377,33.41518],[-5.38448,33.41576],[-5.38488,33.41756]]}},{"type":"Feature","properties":{},"geometry":{"type":"LineString","coordinates":[[-5.39059,33.41291],[-5.39093,33.41141],[-5.39089,33.41029]]}},{"type":"Feature","properties":{},"geometry":{"type":"LineString","coordinates":[[-5.39514,33.40959],[-5.39469,33.4095],[-5.39436,33.40905]]}},{"type":"Feature","properties":{},"geometry":{"type":"LineString","coordinates":[[-5.39847,33.4078],[-5.39772,33.40789],[-5.39617,33.40766]]}},{"type":"Feature","properties":{},"geometry":{"type":"LineString","coordinates":[[-5.39262,33.41283],[-5.39359,33.41104],[-5.3951,33.40966],[-5.39521,33.40942],[-5.39506,33.40907],[-5.39538,33.40897],[-5.39552,33.40864],[-5.3953,33.40818]]}},{"type":"Feature","properties":{},"geometry":{"type":"LineString","coordinates":[[-5.35473,33.41885],[-5.3562,33.4198],[-5.35691,33.41978]]}},{"type":"Feature","properties":{},"geometry":{"type":"LineString","coordinates":[[-5.36406,33.40709],[-5.3647,33.40835]]}},{"type":"Feature","properties":{},"geometry":{"type":"LineString","coordinates":[[-5.3626,33.40757],[-5.36348,33.40751],[-5.36483,33.40643],[-5.36605,33.40586],[-5.36714,33.40571],[-5.36836,33.40532],[-5.36891,33.40412]]}},{"type":"Feature","properties":{},"geometry":{"type":"LineString","coordinates":[[-5.36253,33.40488],[-5.36273,33.40586],[-5.36238,33.40678],[-5.36266,33.40744],[-5.36206,33.40771]]}},{"type":"Feature","properties":{},"geometry":{"type":"LineString","coordinates":[[-5.36278,33.40904],[-5.36172,33.40862],[-5.36113,33.40819]]}},{"type":"Feature","properties":{},"geometry":{"type":"LineString","coordinates":[[-5.35708,33.40515],[-5.3575,33.4067]]}},{"type":"Feature","properties":{},"geometry":{"type":"LineString","coordinates":[[-5.37059,33.40617],[-5.37112,33.40757],[-5.37098,33.40839]]}},{"type":"Feature","properties":{},"geometry":{"type":"LineString","coordinates":[[-5.36869,33.40402],[-5.36959,33.40457],[-5.37072,33.40639],[-5.3739,33.40833],[-5.37612,33.41019]]}},{"type":"Feature","properties":{"grade":"grade3"},"geometry":{"type":"LineString","coordinates":[[-5.67748,33.10019],[-5.67666,33.10144],[-5.67386,33.10454],[-5.67246,33.10566],[-5.67022,33.10701],[-5.66723,33.10965],[-5.66583,33.11065],[-5.66534,33.11083],[-5.66489,33.11127]]}},{"type":"Feature","properties":{},"geometry":{"type":"LineString","coordinates":[[-5.68655,33.10567],[-5.6871,33.10457],[-5.68715,33.10396],[-5.68756,33.1034],[-5.68788,33.101],[-5.68828,33.09963],[-5.68979,33.09791],[-5.69017,33.09661],[-5.69099,33.09566],[-5.69169,33.09351],[-5.6941,33.08969],[-5.69489,33.08767],[-5.69494,33.0866],[-5.69538,33.085]]}},{"type":"Feature","properties":{},"geometry":{"type":"LineString","coordinates":[[-5.35659,33.40016],[-5.35667,33.40044],[-5.3559,33.40082]]}},{"type":"Feature","properties":{},"geometry":{"type":"LineString","coordinates":[[-5.35825,33.39795],[-5.35784,33.39898],[-5.358,33.39956],[-5.35776,33.39983],[-5.35659,33.40016],[-5.35552,33.39951]]}},{"type":"Feature","properties":{},"geometry":{"type":"LineString","coordinates":[[-5.35992,33.39677],[-5.35947,33.3972],[-5.35943,33.3975],[-5.3583,33.39797],[-5.35755,33.39715],[-5.35712,33.3972],[-5.35699,33.39704]]}},{"type":"Feature","properties":{},"geometry":{"type":"LineString","coordinates":[[-5.35854,33.39439],[-5.35963,33.39406],[-5.36084,33.39395]]}},{"type":"Feature","properties":{},"geometry":{"type":"LineString","coordinates":[[-5.3555,33.3904],[-5.35359,33.39136]]}},{"type":"Feature","properties":{},"geometry":{"type":"LineString","coordinates":[[-5.3574,33.36876],[-5.35498,33.36835],[-5.35259,33.3676]]}},{"type":"Feature","properties":{},"geometry":{"type":"LineString","coordinates":[[-5.35979,33.36769],[-5.35635,33.36921],[-5.35489,33.36963],[-5.34958,33.37006],[-5.34716,33.36975],[-5.34618,33.37034],[-5.34573,33.37132],[-5.34502,33.37184],[-5.34458,33.37245],[-5.34489,33.37494],[-5.34594,33.37683],[-5.34709,33.3781],[-5.34805,33.3788],[-5.34972,33.37937]]}},{"type":"Feature","properties":{},"geometry":{"type":"LineString","coordinates":[[-5.37151,33.38022],[-5.37095,33.37981],[-5.3682,33.37688],[-5.36467,33.37461],[-5.36169,33.37225],[-5.36101,33.37089],[-5.36073,33.36926],[-5.35953,33.36728],[-5.35912,33.36627],[-5.35764,33.36179],[-5.35616,33.3595]]}},{"type":"Feature","properties":{},"geometry":{"type":"LineString","coordinates":[[-5.35497,33.4143],[-5.3542,33.41519]]}},{"type":"Feature","properties":{},"geometry":{"type":"LineString","coordinates":[[-5.36147,33.41729],[-5.36337,33.41925]]}},{"type":"Feature","properties":{},"geometry":{"type":"LineString","coordinates":[[-5.36152,33.41706],[-5.36113,33.41688],[-5.36012,33.41694]]}},{"type":"Feature","properties":{},"geometry":{"type":"LineString","coordinates":[[-5.362,33.41522],[-5.36132,33.41789],[-5.35998,33.41875],[-5.35886,33.42123]]}},{"type":"Feature","properties":{},"geometry":{"type":"LineString","coordinates":[[-5.4426,33.37939],[-5.44321,33.37965],[-5.44353,33.37927],[-5.4443,33.37879],[-5.4463,33.38035],[-5.44742,33.37985]]}},{"type":"Feature","properties":{},"geometry":{"type":"LineString","coordinates":[[-5.45634,33.40222],[-5.45594,33.40105],[-5.45594,33.40066],[-5.4562,33.40042],[-5.45612,33.40015]]}},{"type":"Feature","properties":{},"geometry":{"type":"LineString","coordinates":[[-5.68686,33.08908],[-5.68649,33.08847]]}},{"type":"Feature","properties":{},"geometry":{"type":"LineString","coordinates":[[-5.68775,33.08895],[-5.68852,33.0881],[-5.6883,33.08753]]}},{"type":"Feature","properties":{},"geometry":{"type":"LineString","coordinates":[[-5.68841,33.08256],[-5.68772,33.08234],[-5.6875,33.08176]]}},{"type":"Feature","properties":{},"geometry":{"type":"LineString","coordinates":[[-5.6896,33.07767],[-5.68917,33.07673]]}},{"type":"Feature","properties":{},"geometry":{"type":"LineString","coordinates":[[-5.69649,33.06522],[-5.69612,33.06498],[-5.69622,33.06422]]}},{"type":"Feature","properties":{},"geometry":{"type":"LineString","coordinates":[[-5.70303,33.06002],[-5.70258,33.06048],[-5.70178,33.06089],[-5.70158,33.06081],[-5.70181,33.06043]]}},{"type":"Feature","properties":{},"geometry":{"type":"LineString","coordinates":[[-5.71001,33.05437],[-5.70948,33.05535],[-5.70964,33.05544]]}},{"type":"Feature","properties":{},"geometry":{"type":"LineString","coordinates":[[-5.46597,33.38181],[-5.46534,33.38299],[-5.46488,33.38342],[-5.46414,33.38399],[-5.46228,33.38457],[-5.46202,33.38529],[-5.46143,33.38528],[-5.46055,33.38625],[-5.46013,33.38623],[-5.45908,33.38659],[-5.45852,33.38642],[-5.45805,33.38607]]}},{"type":"Feature","properties":{},"geometry":{"type":"LineString","coordinates":[[-5.43123,33.41256],[-5.43041,33.41299],[-5.42915,33.41314],[-5.42912,33.41425],[-5.4287,33.41446],[-5.42722,33.41429],[-5.42676,33.41369],[-5.4263,33.41356],[-5.42323,33.41505],[-5.42236,33.41533],[-5.42032,33.41531],[-5.41944,33.41584],[-5.41881,33.41689]]}},{"type":"Feature","properties":{},"geometry":{"type":"LineString","coordinates":[[-5.43101,33.41201],[-5.4301,33.41186],[-5.42951,33.41144],[-5.42679,33.41146],[-5.42509,33.41096],[-5.42476,33.41149],[-5.4236,33.41232],[-5.42312,33.41291]]}},{"type":"Feature","properties":{},"geometry":{"type":"LineString","coordinates":[[-5.43743,33.4051],[-5.43687,33.4055],[-5.43575,33.40677],[-5.43488,33.4072],[-5.4351,33.40757],[-5.43526,33.40878],[-5.4348,33.40905],[-5.43506,33.40924],[-5.43532,33.40985],[-5.43399,33.41019],[-5.43368,33.41074],[-5.43256,33.41101],[-5.43101,33.41201]]}},{"type":"Feature","properties":{},"geometry":{"type":"LineString","coordinates":[[-5.45088,33.40026],[-5.45034,33.4007],[-5.45023,33.40099]]}},{"type":"Feature","properties":{},"geometry":{"type":"LineString","coordinates":[[-5.46963,33.39534],[-5.4681,33.39639],[-5.46753,33.3963]]}},{"type":"Feature","properties":{},"geometry":{"type":"LineString","coordinates":[[-5.43431,33.28865],[-5.43227,33.28941],[-5.4319,33.29058]]}},{"type":"Feature","properties":{},"geometry":{"type":"LineString","coordinates":[[-5.42322,33.27498],[-5.42442,33.27555],[-5.4258,33.27737],[-5.42727,33.27822],[-5.4288,33.27823],[-5.42952,33.27806],[-5.43115,33.27814],[-5.43277,33.27869],[-5.4355,33.27861],[-5.43677,33.27832],[-5.43727,33.27843],[-5.4384,33.27835],[-5.43919,33.27882],[-5.44067,33.28076],[-5.44114,33.28097]]}},{"type":"Feature","properties":{},"geometry":{"type":"LineString","coordinates":[[-5.4381,33.2633],[-5.43736,33.26307],[-5.43638,33.26323],[-5.43559,33.26298],[-5.43485,33.26316],[-5.43545,33.26136],[-5.43508,33.26107],[-5.43482,33.26129]]}},{"type":"Feature","properties":{},"geometry":{"type":"LineString","coordinates":[[-5.44005,33.26206],[-5.43934,33.26136]]}},{"type":"Feature","properties":{},"geometry":{"type":"LineString","coordinates":[[-5.43888,33.26277],[-5.43945,33.26487],[-5.4398,33.26536],[-5.43979,33.26709]]}},{"type":"Feature","properties":{},"geometry":{"type":"LineString","coordinates":[[-5.71981,33.09954],[-5.71964,33.10006],[-5.71875,33.10023],[-5.71689,33.10135],[-5.71547,33.10199],[-5.71388,33.10217],[-5.71337,33.10203],[-5.71272,33.1023],[-5.71137,33.10245],[-5.71011,33.10221],[-5.70988,33.1023]]}},{"type":"Feature","properties":{},"geometry":{"type":"LineString","coordinates":[[-5.74838,33.09671],[-5.74719,33.0964],[-5.74618,33.09708]]}},{"type":"Feature","properties":{},"geometry":{"type":"LineString","coordinates":[[-5.68864,33.10265],[-5.68764,33.10289]]}},{"type":"Feature","properties":{"grade":"grade3"},"geometry":{"type":"LineString","coordinates":[[-5.69038,33.10533],[-5.68813,33.10578],[-5.68655,33.10567]]}},{"type":"Feature","properties":{},"geometry":{"type":"LineString","coordinates":[[-5.41013,33.38913],[-5.41,33.39004],[-5.41009,33.39092]]}},{"type":"Feature","properties":{},"geometry":{"type":"LineString","coordinates":[[-5.40658,33.3888],[-5.4069,33.38888],[-5.40752,33.38872],[-5.40806,33.38832],[-5.40843,33.38771],[-5.41047,33.38951],[-5.41099,33.38938]]}},{"type":"Feature","properties":{},"geometry":{"type":"LineString","coordinates":[[-5.35675,33.38553],[-5.35634,33.3848],[-5.35582,33.38457]]}},{"type":"Feature","properties":{},"geometry":{"type":"LineString","coordinates":[[-5.35988,33.38422],[-5.35884,33.38312],[-5.35893,33.38273]]}},{"type":"Feature","properties":{},"geometry":{"type":"LineString","coordinates":[[-5.38093,33.37413],[-5.37941,33.37399],[-5.37853,33.37296],[-5.37785,33.37244],[-5.37701,33.37205],[-5.3765,33.37228],[-5.37604,33.37205],[-5.37517,33.37118],[-5.37426,33.37074],[-5.37392,33.36993],[-5.37288,33.36951],[-5.37136,33.36779],[-5.36959,33.36502],[-5.36839,33.36263],[-5.36745,33.36298],[-5.36536,33.36433],[-5.36124,33.36659],[-5.35979,33.36769]]}},{"type":"Feature","properties":{},"geometry":{"type":"LineString","coordinates":[[-5.35321,33.37982],[-5.35215,33.37961],[-5.35166,33.379],[-5.35042,33.37854],[-5.35005,33.3786],[-5.34972,33.37937]]}},{"type":"Feature","properties":{},"geometry":{"type":"LineString","coordinates":[[-5.35709,33.37862],[-5.35858,33.37803],[-5.36008,33.37633],[-5.35973,33.37587]]}},{"type":"Feature","properties":{},"geometry":{"type":"LineString","coordinates":[[-5.3499,33.37949],[-5.3518,33.38006],[-5.35273,33.37999],[-5.35359,33.37962],[-5.35412,33.37904],[-5.35538,33.3791],[-5.35608,33.37876],[-5.35705,33.37864],[-5.35702,33.37805]]}},{"type":"Feature","properties":{},"geometry":{"type":"LineString","coordinates":[[-5.40657,33.37178],[-5.40739,33.37063],[-5.4115,33.36766],[-5.41394,33.36516],[-5.41585,33.36182]]}},{"type":"Feature","properties":{},"geometry":{"type":"LineString","coordinates":[[-5.40305,33.38474],[-5.40261,33.38428],[-5.40175,33.38284],[-5.40135,33.38256],[-5.40381,33.37939],[-5.40296,33.37894],[-5.40379,33.37777],[-5.40367,33.37686],[-5.4043,33.37526],[-5.40592,33.37328],[-5.40607,33.37253],[-5.4064,33.37196],[-5.40571,33.37165]]}},{"type":"Feature","properties":{},"geometry":{"type":"LineString","coordinates":[[-5.41035,33.38297],[-5.41033,33.38251],[-5.41073,33.38149],[-5.41076,33.38107],[-5.41055,33.38078]]}},{"type":"Feature","properties":{},"geometry":{"type":"LineString","coordinates":[[-5.40952,33.39575],[-5.40907,33.39608],[-5.40893,33.39602],[-5.40857,33.39505],[-5.40851,33.39419],[-5.40943,33.3941],[-5.41146,33.39321],[-5.41561,33.38986]]}},{"type":"Feature","properties":{},"geometry":{"type":"LineString","coordinates":[[-5.38878,33.39317],[-5.38847,33.39281],[-5.38632,33.39156]]}},{"type":"Feature","properties":{},"geometry":{"type":"LineString","coordinates":[[-5.39272,33.39277],[-5.39342,33.39205]]}},{"type":"Feature","properties":{},"geometry":{"type":"LineString","coordinates":[[-5.39748,33.39296],[-5.39837,33.3932],[-5.39926,33.39293],[-5.40003,33.393],[-5.40096,33.39345],[-5.40104,33.3939],[-5.40169,33.39426]]}},{"type":"Feature","properties":{},"geometry":{"type":"LineString","coordinates":[[-5.39208,33.3931],[-5.39267,33.39276],[-5.39346,33.3928],[-5.39408,33.39325],[-5.39468,33.39338],[-5.39684,33.39336],[-5.3975,33.39293],[-5.39732,33.3926]]}},{"type":"Feature","properties":{},"geometry":{"type":"LineString","coordinates":[[-5.38416,33.40028],[-5.3841,33.39984],[-5.38441,33.3995]]}},{"type":"Feature","properties":{},"geometry":{"type":"LineString","coordinates":[[-5.3911,33.40565],[-5.38842,33.40379],[-5.38853,33.40358]]}},{"type":"Feature","properties":{},"geometry":{"type":"LineString","coordinates":[[-5.36225,33.40491],[-5.36205,33.40461],[-5.36192,33.40334],[-5.36069,33.40278]]}},{"type":"Feature","properties":{},"geometry":{"type":"LineString","coordinates":[[-5.47291,33.1524],[-5.4727,33.15119],[-5.47323,33.15049],[-5.47336,33.14995],[-5.47321,33.14805],[-5.47389,33.14676],[-5.47505,33.14573],[-5.47546,33.14501],[-5.47592,33.14373],[-5.47605,33.14241]]}},{"type":"Feature","properties":{},"geometry":{"type":"LineString","coordinates":[[-5.46895,33.17278],[-5.46908,33.17154],[-5.46883,33.17133],[-5.46823,33.17002],[-5.46689,33.16897],[-5.4667,33.16811],[-5.46576,33.16702],[-5.46593,33.166],[-5.46581,33.16548],[-5.46687,33.16439],[-5.46729,33.16422],[-5.46786,33.16427],[-5.4682,33.16379],[-5.46815,33.16307],[-5.46753,33.1621],[-5.46736,33.16135],[-5.46758,33.16032],[-5.46847,33.15962],[-5.47009,33.15947],[-5.47101,33.1588],[-5.47148,33.15761],[-5.47144,33.1571],[-5.47097,33.15616],[-5.47141,33.15531],[-5.47256,33.15443],[-5.47291,33.1524]]}},{"type":"Feature","properties":{},"geometry":{"type":"LineString","coordinates":[[-5.7072,33.07368],[-5.70741,33.07334],[-5.70805,33.073],[-5.70807,33.0728],[-5.70786,33.07262]]}},{"type":"Feature","properties":{},"geometry":{"type":"LineString","coordinates":[[-5.69616,33.09089],[-5.69574,33.09049],[-5.69534,33.09037],[-5.69499,33.09047],[-5.69401,33.08985]]}},{"type":"Feature","properties":{},"geometry":{"type":"LineString","coordinates":[[-5.69326,33.09314],[-5.69242,33.09243]]}},{"type":"Feature","properties":{},"geometry":{"type":"LineString","coordinates":[[-5.68885,33.09903],[-5.68874,33.09855],[-5.68803,33.09868],[-5.68784,33.09857],[-5.68794,33.09691]]}},{"type":"Feature","properties":{},"geometry":{"type":"LineString","coordinates":[[-5.68511,33.10622],[-5.68531,33.10555],[-5.68564,33.10518],[-5.68528,33.10482],[-5.68488,33.10478]]}},{"type":"Feature","properties":{},"geometry":{"type":"LineString","coordinates":[[-5.68799,33.10067],[-5.6877,33.10063],[-5.68719,33.10119],[-5.68691,33.10117],[-5.68653,33.10077],[-5.68634,33.10026],[-5.68583,33.09999],[-5.68608,33.09902]]}},{"type":"Feature","properties":{},"geometry":{"type":"LineString","coordinates":[[-5.7158,33.10245],[-5.71603,33.10208],[-5.71576,33.10187]]}},{"type":"Feature","properties":{},"geometry":{"type":"LineString","coordinates":[[-5.46928,33.27454],[-5.46889,33.27469],[-5.4684,33.27461],[-5.46761,33.274],[-5.46688,33.27464]]}},{"type":"Feature","properties":{},"geometry":{"type":"LineString","coordinates":[[-5.46918,33.27412],[-5.46971,33.27444],[-5.47158,33.27408]]}},{"type":"Feature","properties":{},"geometry":{"type":"LineString","coordinates":[[-5.46727,33.26834],[-5.4673,33.26957],[-5.46808,33.27155],[-5.4679,33.27225],[-5.46873,33.27321],[-5.46924,33.27428],[-5.46935,33.27553],[-5.46901,33.276]]}},{"type":"Feature","properties":{},"geometry":{"type":"LineString","coordinates":[[-5.48385,33.26265],[-5.4835,33.26298],[-5.48342,33.2634],[-5.48295,33.26366],[-5.48168,33.26526],[-5.48059,33.26551],[-5.47916,33.2667],[-5.47788,33.26877],[-5.4764,33.26999],[-5.476,33.27062],[-5.47601,33.27182],[-5.47544,33.27315],[-5.47549,33.2737],[-5.47486,33.27495],[-5.47513,33.27595],[-5.47494,33.27693],[-5.4764,33.279],[-5.47633,33.27981],[-5.47609,33.28037]]}},{"type":"Feature","properties":{},"geometry":{"type":"LineString","coordinates":[[-5.46319,33.10337],[-5.4644,33.10363],[-5.46476,33.10337],[-5.46465,33.10287],[-5.46536,33.10293],[-5.46619,33.10267],[-5.46732,33.10159],[-5.46754,33.10095],[-5.46752,33.09985],[-5.46843,33.09964],[-5.46895,33.09885]]}},{"type":"Feature","properties":{},"geometry":{"type":"LineString","coordinates":[[-5.44591,33.11309],[-5.4453,33.11361],[-5.44503,33.11349],[-5.44398,33.11401],[-5.44359,33.11404],[-5.44354,33.11415],[-5.44375,33.11427],[-5.44362,33.11486],[-5.44334,33.11509]]}},{"type":"Feature","properties":{},"geometry":{"type":"LineString","coordinates":[[-5.44633,33.11077],[-5.44548,33.10989],[-5.44494,33.10993],[-5.44468,33.10968],[-5.44307,33.10986],[-5.44287,33.11057],[-5.44305,33.11125],[-5.4424,33.11222],[-5.44255,33.11277],[-5.44219,33.11359],[-5.44243,33.11408],[-5.44309,33.11454],[-5.44334,33.11513],[-5.44324,33.11537],[-5.44239,33.11597],[-5.44232,33.11641],[-5.44245,33.1166],[-5.44267,33.11659],[-5.44309,33.11615],[-5.44474,33.11638],[-5.44513,33.1163],[-5.4468,33.11748],[-5.44842,33.11743],[-5.44912,33.11767]]}},{"type":"Feature","properties":{},"geometry":{"type":"LineString","coordinates":[[-5.46488,33.13398],[-5.46378,33.13416],[-5.46344,33.13408],[-5.46268,33.13434],[-5.46093,33.13371],[-5.46027,33.1337],[-5.45959,33.13345],[-5.45835,33.13352],[-5.45789,33.1338],[-5.45705,33.13282],[-5.45608,33.13279],[-5.45557,33.13148],[-5.4538,33.13144],[-5.45308,33.13181],[-5.45258,33.13236],[-5.45191,33.13258],[-5.4514,33.13315],[-5.45024,33.13366],[-5.4498,33.13363],[-5.44917,33.13397],[-5.44855,33.13486],[-5.44845,33.13532],[-5.44774,33.13584],[-5.4477,33.1362],[-5.44729,33.13673],[-5.44711,33.1376],[-5.44642,33.1384],[-5.44685,33.13924],[-5.44653,33.13962],[-5.44645,33.14039],[-5.44438,33.14151],[-5.44446,33.143],[-5.44396,33.14299],[-5.44332,33.14274],[-5.44205,33.14291],[-5.44145,33.14269],[-5.44096,33.14335],[-5.44018,33.14309],[-5.43915,33.14328],[-5.43852,33.14296],[-5.43792,33.14307],[-5.43741,33.14272],[-5.43638,33.14235],[-5.43603,33.14242]]}},{"type":"Feature","properties":{},"geometry":{"type":"LineString","coordinates":[[-5.43743,33.41709],[-5.43664,33.4169],[-5.43626,33.41656],[-5.43571,33.41666],[-5.43504,33.41634]]}},{"type":"Feature","properties":{},"geometry":{"type":"LineString","coordinates":[[-5.4176,33.41635],[-5.41721,33.41731],[-5.41675,33.41925],[-5.41605,33.41998],[-5.41429,33.42104],[-5.4141,33.42206]]}},{"type":"Feature","properties":{},"geometry":{"type":"LineString","coordinates":[[-5.44788,33.41159],[-5.44703,33.41097],[-5.4455,33.41027]]}},{"type":"Feature","properties":{},"geometry":{"type":"LineString","coordinates":[[-4.82099,33.41348],[-4.822,33.41454],[-4.82283,33.41499]]}},{"type":"Feature","properties":{},"geometry":{"type":"LineString","coordinates":[[-4.82224,33.41008],[-4.82104,33.40898],[-4.82079,33.40854]]}},{"type":"Feature","properties":{},"geometry":{"type":"LineString","coordinates":[[-4.77448,33.43968],[-4.77416,33.43947],[-4.77334,33.43667],[-4.7731,33.43635]]}},{"type":"Feature","properties":{},"geometry":{"type":"LineString","coordinates":[[-4.77242,33.44481],[-4.76919,33.44583],[-4.76837,33.4458]]}},{"type":"Feature","properties":{},"geometry":{"type":"LineString","coordinates":[[-5.45962,33.40343],[-5.45915,33.40288],[-5.45914,33.40252],[-5.45947,33.40183],[-5.45909,33.40047],[-5.45879,33.40025]]}},{"type":"Feature","properties":{},"geometry":{"type":"LineString","coordinates":[[-5.36785,33.38226],[-5.36883,33.38346],[-5.37003,33.3845]]}},{"type":"Feature","properties":{},"geometry":{"type":"LineString","coordinates":[[-5.3533,33.41354],[-5.35343,33.41221],[-5.35376,33.41094],[-5.35441,33.41039],[-5.35473,33.40956]]}},{"type":"Feature","properties":{},"geometry":{"type":"LineString","coordinates":[[-5.34691,33.39024],[-5.34781,33.39092],[-5.34898,33.39263],[-5.35117,33.39409],[-5.35261,33.39466],[-5.35258,33.39497],[-5.35299,33.3956],[-5.3532,33.39698],[-5.35368,33.39817],[-5.35399,33.39846],[-5.35496,33.39882],[-5.35552,33.39951]]}},{"type":"Feature","properties":{},"geometry":{"type":"LineString","coordinates":[[-5.3461,33.39001],[-5.34614,33.39073],[-5.34592,33.3916]]}},{"type":"Feature","properties":{},"geometry":{"type":"LineString","coordinates":[[-5.3458,33.38992],[-5.34691,33.39024],[-5.34679,33.39168],[-5.34648,33.39189],[-5.34592,33.3916]]}},{"type":"Feature","properties":{},"geometry":{"type":"LineString","coordinates":[[-5.37949,33.37503],[-5.37909,33.37462],[-5.37715,33.37342],[-5.3765,33.37228]]}},{"type":"Feature","properties":{},"geometry":{"type":"LineString","coordinates":[[-5.37767,33.37623],[-5.37836,33.37702],[-5.37816,33.37734],[-5.37826,33.37766],[-5.37679,33.37885]]}},{"type":"Feature","properties":{},"geometry":{"type":"LineString","coordinates":[[-5.38229,33.37627],[-5.38194,33.37693],[-5.38166,33.37686],[-5.38168,33.3772]]}},{"type":"Feature","properties":{},"geometry":{"type":"LineString","coordinates":[[-5.6968,33.08377],[-5.69643,33.08351],[-5.69656,33.08214],[-5.69609,33.08189],[-5.69535,33.08203]]}},{"type":"Feature","properties":{},"geometry":{"type":"LineString","coordinates":[[-5.69921,33.0808],[-5.69828,33.08101]]}},{"type":"Feature","properties":{},"geometry":{"type":"LineString","coordinates":[[-4.82357,33.41189],[-4.82153,33.41088],[-4.8201,33.41074],[-4.81921,33.41126],[-4.81861,33.41228],[-4.81795,33.41258],[-4.8176,33.41327]]}},{"type":"Feature","properties":{},"geometry":{"type":"LineString","coordinates":[[-5.39451,33.40927],[-5.39505,33.40911]]}},{"type":"Feature","properties":{},"geometry":{"type":"LineString","coordinates":[[-5.6959,33.10357],[-5.69535,33.10338],[-5.69481,33.10275]]}},{"type":"Feature","properties":{},"geometry":{"type":"LineString","coordinates":[[-5.6845,33.09592],[-5.68328,33.09634],[-5.68176,33.09715],[-5.67748,33.10019]]}},{"type":"Feature","properties":{},"geometry":{"type":"LineString","coordinates":[[-5.68868,33.06726],[-5.68857,33.06831],[-5.68736,33.06881],[-5.68638,33.06874],[-5.68502,33.06894]]}},{"type":"Feature","properties":{},"geometry":{"type":"LineString","coordinates":[[-5.69008,33.06552],[-5.68852,33.06361]]}},{"type":"Feature","properties":{},"geometry":{"type":"LineString","coordinates":[[-5.69493,33.06214],[-5.693,33.06221],[-5.69003,33.06278],[-5.68904,33.06312],[-5.68852,33.06361]]}},{"type":"Feature","properties":{},"geometry":{"type":"LineString","coordinates":[[-5.7352,33.06141],[-5.7349,33.06079],[-5.7341,33.05999],[-5.73367,33.05979]]}},{"type":"Feature","properties":{},"geometry":{"type":"LineString","coordinates":[[-5.72034,33.06903],[-5.72001,33.0684],[-5.72003,33.06699]]}},{"type":"Feature","properties":{},"geometry":{"type":"LineString","coordinates":[[-5.71862,33.06553],[-5.718,33.06607]]}},{"type":"Feature","properties":{},"geometry":{"type":"LineString","coordinates":[[-5.73042,33.06361],[-5.72956,33.06427],[-5.72954,33.06454]]}},{"type":"Feature","properties":{},"geometry":{"type":"LineString","coordinates":[[-5.71981,33.09954],[-5.71995,33.09933]]}},{"type":"Feature","properties":{},"geometry":{"type":"LineString","coordinates":[[-5.72256,33.10122],[-5.72181,33.10095],[-5.72155,33.10039],[-5.72125,33.10056],[-5.72076,33.10016],[-5.72038,33.09935],[-5.71995,33.09933]]}},{"type":"Feature","properties":{},"geometry":{"type":"LineString","coordinates":[[-5.71965,33.10597],[-5.71932,33.10458],[-5.7197,33.10377],[-5.71954,33.1032],[-5.71972,33.10234],[-5.72039,33.10067],[-5.71981,33.09954]]}},{"type":"Feature","properties":{},"geometry":{"type":"LineString","coordinates":[[-5.74816,33.26183],[-5.74776,33.26163],[-5.74647,33.26154],[-5.74485,33.26171],[-5.74386,33.26206],[-5.74135,33.26133]]}},{"type":"Feature","properties":{},"geometry":{"type":"LineString","coordinates":[[-5.73232,33.08336],[-5.73241,33.08309],[-5.73358,33.08197],[-5.73278,33.08195],[-5.73202,33.08161],[-5.73057,33.08179],[-5.73007,33.08112],[-5.72969,33.08102],[-5.72935,33.08071],[-5.72885,33.08105],[-5.72887,33.08132],[-5.72858,33.08177]]}},{"type":"Feature","properties":{},"geometry":{"type":"LineString","coordinates":[[-5.69912,33.08917],[-5.69812,33.08912],[-5.69762,33.08971],[-5.69618,33.09031],[-5.69608,33.09071]]}},{"type":"Feature","properties":{},"geometry":{"type":"LineString","coordinates":[[-5.74036,33.09328],[-5.73956,33.09411],[-5.73901,33.09408]]}},{"type":"Feature","properties":{},"geometry":{"type":"LineString","coordinates":[[-5.74081,33.09073],[-5.7396,33.09126]]}},{"type":"Feature","properties":{},"geometry":{"type":"LineString","coordinates":[[-5.73089,33.09207],[-5.73031,33.09176],[-5.72926,33.09077],[-5.72901,33.09066],[-5.72868,33.09085]]}},{"type":"Feature","properties":{},"geometry":{"type":"LineString","coordinates":[[-5.72396,33.09202],[-5.72459,33.09141],[-5.72563,33.08978]]}},{"type":"Feature","properties":{},"geometry":{"type":"LineString","coordinates":[[-5.72872,33.09626],[-5.72901,33.09525],[-5.72869,33.09445],[-5.72882,33.09413],[-5.72862,33.09305],[-5.72887,33.09244],[-5.72889,33.09155],[-5.72837,33.09028],[-5.72768,33.08954],[-5.72614,33.08986],[-5.7257,33.0901],[-5.72569,33.08914],[-5.72555,33.0889],[-5.72393,33.08837]]}},{"type":"Feature","properties":{},"geometry":{"type":"LineString","coordinates":[[-5.74343,33.07226],[-5.74312,33.07182]]}},{"type":"Feature","properties":{},"geometry":{"type":"LineString","coordinates":[[-5.72076,33.0894],[-5.72087,33.08922],[-5.72071,33.08905],[-5.72099,33.08886],[-5.72059,33.08842],[-5.72124,33.08793],[-5.72132,33.08711],[-5.72102,33.08686],[-5.72143,33.08632],[-5.72148,33.08577],[-5.72251,33.08548]]}},{"type":"Feature","properties":{},"geometry":{"type":"LineString","coordinates":[[-5.72074,33.0895],[-5.72076,33.0894]]}},{"type":"Feature","properties":{},"geometry":{"type":"LineString","coordinates":[[-5.72675,33.08729],[-5.72644,33.08713],[-5.72629,33.08663],[-5.7249,33.08609],[-5.7243,33.08604]]}},{"type":"Feature","properties":{},"geometry":{"type":"LineString","coordinates":[[-5.72697,33.08712],[-5.72666,33.08702],[-5.72675,33.08571],[-5.72655,33.08525]]}},{"type":"Feature","properties":{},"geometry":{"type":"LineString","coordinates":[[-5.72917,33.08562],[-5.72811,33.08515],[-5.72715,33.08433]]}},{"type":"Feature","properties":{},"geometry":{"type":"LineString","coordinates":[[-5.54798,33.04344],[-5.54842,33.04437],[-5.54917,33.04519]]}},{"type":"Feature","properties":{},"geometry":{"type":"LineString","coordinates":[[-5.55247,33.03566],[-5.55299,33.03587],[-5.55347,33.03653],[-5.55416,33.03657]]}},{"type":"Feature","properties":{},"geometry":{"type":"LineString","coordinates":[[-5.52423,33.0222],[-5.52374,33.02253],[-5.52319,33.02332],[-5.52305,33.02453],[-5.52245,33.02566],[-5.522,33.02616]]}},{"type":"Feature","properties":{},"geometry":{"type":"LineString","coordinates":[[-5.52341,33.02036],[-5.52415,33.02121],[-5.52448,33.02328]]}},{"type":"Feature","properties":{},"geometry":{"type":"LineString","coordinates":[[-5.50915,33.02681],[-5.5101,33.02823]]}},{"type":"Feature","properties":{},"geometry":{"type":"LineString","coordinates":[[-5.53001,33.01755],[-5.53185,33.01737],[-5.53309,33.01764],[-5.53396,33.01755],[-5.53488,33.01771],[-5.53626,33.01852],[-5.53662,33.01914],[-5.53719,33.0195],[-5.53824,33.0198],[-5.53887,33.01975],[-5.54115,33.021],[-5.5429,33.02069],[-5.54392,33.02029],[-5.54464,33.02045],[-5.54542,33.02039],[-5.54777,33.02082],[-5.54967,33.02088],[-5.55805,33.02262]]}},{"type":"Feature","properties":{},"geometry":{"type":"LineString","coordinates":[[-5.52013,32.9965],[-5.51949,32.99827],[-5.5181,33.00032],[-5.51599,33.00068],[-5.51492,33.00118],[-5.51433,33.00177],[-5.51634,33.00259],[-5.51743,33.00386],[-5.51785,33.00535],[-5.51782,33.00587],[-5.51841,33.00721],[-5.51976,33.00829],[-5.52005,33.00877],[-5.52075,33.00938],[-5.52084,33.00982],[-5.52044,33.01105]]}},{"type":"Feature","properties":{},"geometry":{"type":"LineString","coordinates":[[-5.69096,33.09686],[-5.69011,33.09682]]}},{"type":"Feature","properties":{},"geometry":{"type":"LineString","coordinates":[[-5.69614,33.08825],[-5.69588,33.08843],[-5.69475,33.0881]]}},{"type":"Feature","properties":{},"geometry":{"type":"LineString","coordinates":[[-5.7169,33.06667],[-5.71497,33.06675]]}},{"type":"Feature","properties":{},"geometry":{"type":"LineString","coordinates":[[-5.72484,33.06818],[-5.72425,33.06751],[-5.72425,33.06677]]}},{"type":"Feature","properties":{},"geometry":{"type":"LineString","coordinates":[[-5.7236,33.06841],[-5.72352,33.06771],[-5.72393,33.0668]]}},{"type":"Feature","properties":{},"geometry":{"type":"LineString","coordinates":[[-5.72651,33.06654],[-5.72624,33.06625]]}},{"type":"Feature","properties":{},"geometry":{"type":"LineString","coordinates":[[-5.53185,33.01737],[-5.53418,33.0169],[-5.53743,33.01484],[-5.53883,33.01418],[-5.53945,33.01441],[-5.53972,33.01514],[-5.53981,33.01613]]}},{"type":"Feature","properties":{},"geometry":{"type":"LineString","coordinates":[[-5.69038,33.10533],[-5.69171,33.10518]]}},{"type":"Feature","properties":{},"geometry":{"type":"LineString","coordinates":[[-5.68967,33.1685],[-5.68946,33.16883],[-5.68878,33.16866],[-5.68813,33.17026],[-5.68766,33.17086],[-5.6866,33.17073],[-5.68655,33.1704],[-5.68555,33.16994],[-5.68519,33.16961],[-5.68412,33.16962],[-5.68336,33.16932]]}},{"type":"Feature","properties":{},"geometry":{"type":"LineString","coordinates":[[-4.93265,33.42408],[-4.93127,33.42293],[-4.93168,33.42253],[-4.93267,33.42199],[-4.93284,33.42158],[-4.93344,33.42093],[-4.93357,33.42041],[-4.93239,33.4188],[-4.93183,33.41741],[-4.93197,33.4165],[-4.9316,33.41499],[-4.93198,33.41331],[-4.93184,33.41192],[-4.93199,33.41126],[-4.9314,33.41028],[-4.93082,33.40875]]}},{"type":"Feature","properties":{},"geometry":{"type":"LineString","coordinates":[[-4.93394,33.43849],[-4.93395,33.43796],[-4.93594,33.43525],[-4.93597,33.43445],[-4.93626,33.43359],[-4.93609,33.43288],[-4.93606,33.43079],[-4.93664,33.42844],[-4.93662,33.4258],[-4.93582,33.42516],[-4.93531,33.42433],[-4.93494,33.42409],[-4.93216,33.42402],[-4.92994,33.42372],[-4.92842,33.42328],[-4.92685,33.42176],[-4.92661,33.42162],[-4.92589,33.42174],[-4.92579,33.42106],[-4.92433,33.41985],[-4.92284,33.4181],[-4.92108,33.41681],[-4.91985,33.41696],[-4.91846,33.4176],[-4.91793,33.41852],[-4.91785,33.4189],[-4.91824,33.41963],[-4.91912,33.41977],[-4.91949,33.41954],[-4.91994,33.42003]]}},{"type":"Feature","properties":{},"geometry":{"type":"LineString","coordinates":[[-5.37594,33.05325],[-5.37498,33.0532],[-5.3736,33.05403],[-5.37409,33.05451],[-5.37487,33.05466],[-5.37533,33.05496]]}},{"type":"Feature","properties":{},"geometry":{"type":"LineString","coordinates":[[-5.4254,33.05351],[-5.42502,33.05372],[-5.42434,33.05363]]}},{"type":"Feature","properties":{},"geometry":{"type":"LineString","coordinates":[[-4.72842,33.36038],[-4.72786,33.35975],[-4.72702,33.35924],[-4.72669,33.35867],[-4.72662,33.35811]]}},{"type":"Feature","properties":{},"geometry":{"type":"LineString","coordinates":[[-4.73189,33.36322],[-4.73186,33.36332]]}},{"type":"Feature","properties":{},"geometry":{"type":"LineString","coordinates":[[-4.73186,33.36332],[-4.73129,33.36344],[-4.73103,33.36373]]}},{"type":"Feature","properties":{},"geometry":{"type":"LineString","coordinates":[[-4.73157,33.36408],[-4.73102,33.36389],[-4.72976,33.36387]]}},{"type":"Feature","properties":{},"geometry":{"type":"LineString","coordinates":[[-4.72747,33.36313],[-4.72717,33.36284]]}},{"type":"Feature","properties":{},"geometry":{"type":"LineString","coordinates":[[-4.72956,33.35824],[-4.72956,33.35806]]}},{"type":"Feature","properties":{},"geometry":{"type":"LineString","coordinates":[[-4.73012,33.3596],[-4.72956,33.35824]]}},{"type":"Feature","properties":{},"geometry":{"type":"LineString","coordinates":[[-4.72956,33.35806],[-4.72953,33.35755],[-4.73033,33.35773]]}},{"type":"Feature","properties":{},"geometry":{"type":"LineString","coordinates":[[-4.72993,33.36167],[-4.72985,33.36194]]}},{"type":"Feature","properties":{},"geometry":{"type":"LineString","coordinates":[[-4.73507,33.36659],[-4.73454,33.36629]]}},{"type":"Feature","properties":{},"geometry":{"type":"LineString","coordinates":[[-4.73496,33.36705],[-4.7345,33.3662]]}},{"type":"Feature","properties":{},"geometry":{"type":"LineString","coordinates":[[-4.73548,33.36628],[-4.73453,33.3657],[-4.73405,33.36573],[-4.73332,33.36519]]}},{"type":"Feature","properties":{},"geometry":{"type":"LineString","coordinates":[[-4.73531,33.367],[-4.73507,33.36659],[-4.73508,33.36612]]}},{"type":"Feature","properties":{},"geometry":{"type":"LineString","coordinates":[[-4.7268,33.37021],[-4.7264,33.37055]]}},{"type":"Feature","properties":{},"geometry":{"type":"LineString","coordinates":[[-4.72624,33.36972],[-4.72609,33.36995]]}},{"type":"Feature","properties":{},"geometry":{"type":"LineString","coordinates":[[-4.72693,33.36968],[-4.72673,33.36958]]}},{"type":"Feature","properties":{},"geometry":{"type":"LineString","coordinates":[[-4.73099,33.36711],[-4.73178,33.36754],[-4.73409,33.36772],[-4.73441,33.3679]]}},{"type":"Feature","properties":{},"geometry":{"type":"LineString","coordinates":[[-4.73562,33.36872],[-4.7348,33.36871]]}},{"type":"Feature","properties":{},"geometry":{"type":"LineString","coordinates":[[-4.73631,33.36861],[-4.73591,33.36905],[-4.73494,33.36901],[-4.73477,33.36875]]}},{"type":"Feature","properties":{},"geometry":{"type":"LineString","coordinates":[[-4.73098,33.3606],[-4.73035,33.36067]]}},{"type":"Feature","properties":{},"geometry":{"type":"LineString","coordinates":[[-5.56058,33.17646],[-5.5597,33.17682],[-5.55907,33.17735],[-5.55863,33.17713]]}},{"type":"Feature","properties":{},"geometry":{"type":"LineString","coordinates":[[-5.5557,33.18419],[-5.55493,33.18128]]}},{"type":"Feature","properties":{},"geometry":{"type":"LineString","coordinates":[[-5.56002,33.17499],[-5.56018,33.17512]]}},{"type":"Feature","properties":{},"geometry":{"type":"LineString","coordinates":[[-5.33964,33.29948],[-5.33989,33.2999],[-5.34045,33.30261],[-5.34123,33.30454]]}},{"type":"Feature","properties":{},"geometry":{"type":"LineString","coordinates":[[-4.83215,33.31845],[-4.83093,33.31848],[-4.82988,33.31873],[-4.82897,33.31929],[-4.82827,33.31942],[-4.82771,33.31997],[-4.82758,33.31897],[-4.82679,33.319],[-4.82627,33.31881],[-4.82145,33.31927],[-4.81867,33.32012],[-4.81777,33.32069],[-4.81684,33.32078],[-4.81619,33.32067],[-4.81477,33.32141],[-4.81419,33.32192],[-4.8131,33.32228],[-4.81176,33.3217],[-4.81061,33.32171],[-4.80959,33.32247],[-4.80819,33.32287],[-4.80637,33.32365],[-4.80517,33.32372],[-4.8037,33.32439],[-4.80373,33.32486],[-4.80272,33.32531],[-4.80192,33.3261],[-4.80069,33.32618],[-4.7994,33.32582],[-4.79877,33.32544],[-4.79656,33.32502],[-4.79629,33.32513],[-4.79567,33.32589],[-4.79518,33.32591],[-4.79391,33.3255],[-4.79269,33.3243],[-4.7914,33.32351],[-4.79105,33.32305],[-4.78967,33.32047],[-4.78943,33.31974],[-4.7895,33.3191],[-4.78985,33.31852],[-4.78978,33.31814],[-4.78858,33.31666],[-4.78743,33.31384],[-4.7873,33.31329],[-4.78752,33.31251],[-4.78742,33.31168],[-4.78594,33.31029],[-4.78572,33.30924],[-4.78497,33.30828],[-4.78363,33.30747],[-4.78334,33.30623],[-4.78336,33.30544],[-4.78307,33.30506],[-4.78265,33.30523],[-4.78203,33.30616],[-4.78149,33.30632],[-4.78087,33.30725],[-4.78037,33.30756],[-4.78025,33.30896],[-4.77982,33.30986],[-4.77823,33.31088],[-4.77716,33.31065],[-4.7764,33.31074],[-4.77547,33.31131],[-4.77492,33.31203],[-4.77452,33.31306],[-4.77455,33.31391],[-4.77424,33.3147],[-4.77459,33.31561],[-4.77396,33.31702],[-4.7742,33.31768],[-4.774,33.31813],[-4.77436,33.3184],[-4.7742,33.31973],[-4.77389,33.31995],[-4.77409,33.32038],[-4.77392,33.32093]]}},{"type":"Feature","properties":{},"geometry":{"type":"LineString","coordinates":[[-4.80745,33.32531],[-4.80596,33.32433],[-4.80539,33.3237]]}},{"type":"Feature","properties":{},"geometry":{"type":"LineString","coordinates":[[-5.31812,33.30949],[-5.31836,33.30959],[-5.31865,33.31025],[-5.32044,33.31282]]}},{"type":"Feature","properties":{},"geometry":{"type":"LineString","coordinates":[[-5.33959,33.29539],[-5.34243,33.29705],[-5.343,33.29686],[-5.34362,33.29688],[-5.34424,33.2973],[-5.34451,33.29768],[-5.34583,33.29724],[-5.34694,33.2973],[-5.34796,33.29689],[-5.34934,33.29698],[-5.34984,33.29678],[-5.35047,33.29686],[-5.35124,33.29658]]}},{"type":"Feature","properties":{},"geometry":{"type":"LineString","coordinates":[[-5.334,33.30121],[-5.33417,33.3022],[-5.33436,33.30247]]}},{"type":"Feature","properties":{},"geometry":{"type":"LineString","coordinates":[[-5.33426,33.30063],[-5.334,33.30121],[-5.33333,33.30153],[-5.33281,33.30143],[-5.33137,33.30211]]}},{"type":"Feature","properties":{},"geometry":{"type":"LineString","coordinates":[[-5.33735,33.28745],[-5.33629,33.28657],[-5.33447,33.2862]]}},{"type":"Feature","properties":{},"geometry":{"type":"LineString","coordinates":[[-5.56141,33.16969],[-5.56143,33.16937]]}},{"type":"Feature","properties":{},"geometry":{"type":"LineString","coordinates":[[-5.55339,33.16994],[-5.55311,33.17]]}},{"type":"Feature","properties":{},"geometry":{"type":"LineString","coordinates":[[-5.55418,33.1697],[-5.55343,33.16942]]}},{"type":"Feature","properties":{},"geometry":{"type":"LineString","coordinates":[[-5.55363,33.16991],[-5.55339,33.16994]]}},{"type":"Feature","properties":{},"geometry":{"type":"LineString","coordinates":[[-5.55908,33.16771],[-5.55907,33.1683]]}},{"type":"Feature","properties":{},"geometry":{"type":"LineString","coordinates":[[-5.55953,33.16797],[-5.55882,33.16795]]}},{"type":"Feature","properties":{},"geometry":{"type":"LineString","coordinates":[[-4.8349,33.38846],[-4.8346,33.38703]]}},{"type":"Feature","properties":{},"geometry":{"type":"LineString","coordinates":[[-4.83606,33.38827],[-4.83572,33.38856],[-4.83424,33.38832],[-4.83362,33.38799],[-4.83328,33.38757]]}},{"type":"Feature","properties":{},"geometry":{"type":"LineString","coordinates":[[-4.83707,33.39325],[-4.83655,33.39318],[-4.83581,33.39349]]}},{"type":"Feature","properties":{},"geometry":{"type":"LineString","coordinates":[[-4.83414,33.39276],[-4.8348,33.39231],[-4.83451,33.39181],[-4.83459,33.39159]]}},{"type":"Feature","properties":{},"geometry":{"type":"LineString","coordinates":[[-4.8368,33.38718],[-4.83772,33.38825],[-4.83818,33.38932],[-4.83771,33.38912],[-4.83645,33.38809],[-4.83603,33.38819]]}},{"type":"Feature","properties":{},"geometry":{"type":"LineString","coordinates":[[-4.8395,33.37436],[-4.84003,33.37482],[-4.84037,33.37475],[-4.83988,33.37404]]}},{"type":"Feature","properties":{},"geometry":{"type":"LineString","coordinates":[[-4.8408,33.37512],[-4.84037,33.37475],[-4.84055,33.37449],[-4.84013,33.3739]]}},{"type":"Feature","properties":{},"geometry":{"type":"LineString","coordinates":[[-5.55917,33.16771],[-5.55926,33.16714]]}},{"type":"Feature","properties":{},"geometry":{"type":"LineString","coordinates":[[-5.55918,33.16748],[-5.55857,33.1675]]}},{"type":"Feature","properties":{},"geometry":{"type":"LineString","coordinates":[[-5.55467,33.1639],[-5.55492,33.16354],[-5.55508,33.16358]]}},{"type":"Feature","properties":{},"geometry":{"type":"LineString","coordinates":[[-4.86776,33.37087],[-4.86981,33.37019],[-4.87029,33.3696],[-4.87154,33.36888],[-4.8713,33.36728],[-4.87144,33.36633],[-4.87172,33.36605],[-4.87109,33.36542],[-4.87096,33.3647]]}},{"type":"Feature","properties":{},"geometry":{"type":"LineString","coordinates":[[-4.85232,33.38972],[-4.8535,33.391],[-4.85488,33.39205],[-4.85661,33.39383],[-4.85749,33.39424],[-4.85888,33.39721],[-4.86077,33.39872]]}},{"type":"Feature","properties":{},"geometry":{"type":"LineString","coordinates":[[-4.84439,33.38556],[-4.84589,33.3866],[-4.84667,33.38759],[-4.84814,33.38829],[-4.85088,33.38904],[-4.85232,33.38972],[-4.85716,33.39097],[-4.85934,33.39099],[-4.86233,33.39126]]}},{"type":"Feature","properties":{},"geometry":{"type":"LineString","coordinates":[[-4.83748,33.37821],[-4.83565,33.37731],[-4.83546,33.37762],[-4.83685,33.37819],[-4.83719,33.37848]]}},{"type":"Feature","properties":{},"geometry":{"type":"LineString","coordinates":[[-4.83664,33.37882],[-4.83606,33.37908]]}},{"type":"Feature","properties":{},"geometry":{"type":"LineString","coordinates":[[-4.83627,33.37935],[-4.83606,33.37908],[-4.83541,33.37935],[-4.83537,33.37804],[-4.83568,33.37796],[-4.83624,33.37828],[-4.83658,33.37858],[-4.83664,33.37892]]}},{"type":"Feature","properties":{},"geometry":{"type":"LineString","coordinates":[[-4.83467,33.39128],[-4.83549,33.39189],[-4.83506,33.39204]]}},{"type":"Feature","properties":{},"geometry":{"type":"LineString","coordinates":[[-4.83443,33.3907],[-4.83467,33.39128],[-4.83459,33.39159]]}},{"type":"Feature","properties":{},"geometry":{"type":"LineString","coordinates":[[-5.48731,33.19474],[-5.48674,33.19495],[-5.48631,33.19597],[-5.48603,33.19849],[-5.48469,33.20128],[-5.48494,33.20291],[-5.48482,33.20354],[-5.485,33.20404],[-5.48482,33.20536],[-5.48456,33.20582],[-5.48351,33.20658],[-5.48312,33.20733]]}},{"type":"Feature","properties":{},"geometry":{"type":"LineString","coordinates":[[-5.57314,33.16899],[-5.57317,33.16927]]}},{"type":"Feature","properties":{},"geometry":{"type":"LineString","coordinates":[[-5.57358,33.16946],[-5.5732,33.16947]]}},{"type":"Feature","properties":{},"geometry":{"type":"LineString","coordinates":[[-5.57803,33.16686],[-5.57847,33.16725]]}},{"type":"Feature","properties":{},"geometry":{"type":"LineString","coordinates":[[-5.57656,33.16765],[-5.57372,33.16849],[-5.57216,33.16806]]}},{"type":"Feature","properties":{},"geometry":{"type":"LineString","coordinates":[[-5.57761,33.1667],[-5.57778,33.16702]]}},{"type":"Feature","properties":{"grade":"grade5"},"geometry":{"type":"LineString","coordinates":[[-4.65808,33.06124],[-4.65759,33.06128],[-4.65744,33.0616]]}},{"type":"Feature","properties":{"grade":"grade5"},"geometry":{"type":"LineString","coordinates":[[-4.65959,33.06103],[-4.65897,33.06135]]}},{"type":"Feature","properties":{},"geometry":{"type":"LineString","coordinates":[[-5.67332,33.07747],[-5.6745,33.07821],[-5.67744,33.07918],[-5.6777,33.07983],[-5.67812,33.08003]]}},{"type":"Feature","properties":{},"geometry":{"type":"LineString","coordinates":[[-5.66869,33.08456],[-5.67053,33.08466]]}},{"type":"Feature","properties":{},"geometry":{"type":"LineString","coordinates":[[-5.67208,33.09584],[-5.67153,33.09486],[-5.67182,33.09444],[-5.67086,33.09388],[-5.67068,33.09328],[-5.67078,33.09292],[-5.67107,33.09271],[-5.67077,33.09236],[-5.6709,33.09094],[-5.67071,33.09051],[-5.67084,33.09014],[-5.67028,33.08922],[-5.67007,33.08803],[-5.66935,33.08664],[-5.66921,33.08592],[-5.66846,33.0854]]}},{"type":"Feature","properties":{},"geometry":{"type":"LineString","coordinates":[[-5.68098,33.09207],[-5.68042,33.0906],[-5.68035,33.0899],[-5.67982,33.08917]]}},{"type":"Feature","properties":{},"geometry":{"type":"LineString","coordinates":[[-5.66274,33.09268],[-5.66259,33.0929],[-5.66141,33.0933],[-5.66023,33.09392],[-5.65965,33.09448],[-5.65881,33.09576],[-5.65733,33.09719],[-5.65501,33.09839],[-5.65101,33.09904],[-5.65186,33.09965],[-5.65209,33.10022],[-5.65206,33.10094],[-5.6523,33.10115],[-5.65197,33.10177],[-5.65152,33.10334],[-5.65174,33.10446],[-5.65165,33.1049],[-5.652,33.10579],[-5.65188,33.10627]]}},{"type":"Feature","properties":{},"geometry":{"type":"LineString","coordinates":[[-5.66681,33.05852],[-5.66692,33.05833],[-5.66806,33.05834],[-5.66808,33.05808],[-5.66744,33.05761],[-5.66722,33.05716],[-5.66648,33.05651],[-5.66544,33.05603],[-5.66493,33.0562],[-5.66461,33.05613]]}},{"type":"Feature","properties":{},"geometry":{"type":"LineString","coordinates":[[-5.64419,33.06443],[-5.64516,33.06471],[-5.64669,33.06375],[-5.64818,33.064],[-5.64916,33.0635]]}},{"type":"Feature","properties":{},"geometry":{"type":"LineString","coordinates":[[-5.60532,33.1223],[-5.60466,33.1228],[-5.60384,33.1249],[-5.60228,33.12704],[-5.60124,33.12784],[-5.60029,33.12789],[-5.59694,33.12928],[-5.59602,33.13015],[-5.59483,33.12955],[-5.59296,33.12809],[-5.59059,33.12655],[-5.58942,33.12495],[-5.58848,33.12416],[-5.58697,33.12242],[-5.58672,33.12181],[-5.58632,33.12143],[-5.58595,33.12048],[-5.58479,33.1192],[-5.58435,33.11909],[-5.58407,33.11883],[-5.58322,33.11733],[-5.58268,33.11685]]}},{"type":"Feature","properties":{},"geometry":{"type":"LineString","coordinates":[[-5.5544,33.12011],[-5.55497,33.11996],[-5.55601,33.12031],[-5.55512,33.12275],[-5.55558,33.12398],[-5.55553,33.12471],[-5.55502,33.12577],[-5.55348,33.12578],[-5.55227,33.12559]]}},{"type":"Feature","properties":{},"geometry":{"type":"LineString","coordinates":[[-5.57118,33.14957],[-5.57079,33.14947],[-5.56952,33.15049],[-5.56804,33.15122],[-5.56673,33.15235]]}},{"type":"Feature","properties":{},"geometry":{"type":"LineString","coordinates":[[-5.60041,33.1399],[-5.60185,33.14017],[-5.60236,33.14058],[-5.60298,33.14179],[-5.60311,33.14272],[-5.60254,33.14431],[-5.60171,33.14575],[-5.60103,33.14667],[-5.59957,33.14789]]}},{"type":"Feature","properties":{},"geometry":{"type":"LineString","coordinates":[[-5.56327,33.15061],[-5.5637,33.14877],[-5.56436,33.14892],[-5.56542,33.14955],[-5.56704,33.15111]]}},{"type":"Feature","properties":{},"geometry":{"type":"LineString","coordinates":[[-5.56787,33.11182],[-5.56807,33.11363],[-5.56837,33.11463],[-5.56864,33.1149],[-5.56973,33.11543],[-5.5726,33.11606],[-5.57331,33.11637],[-5.57365,33.11727],[-5.57334,33.11808],[-5.57355,33.11871],[-5.57355,33.11931],[-5.57417,33.12028],[-5.57417,33.12132],[-5.57333,33.12457],[-5.5735,33.12477],[-5.57592,33.12579]]}},{"type":"Feature","properties":{},"geometry":{"type":"LineString","coordinates":[[-4.81638,33.39428],[-4.81505,33.3934],[-4.81443,33.39265],[-4.81304,33.39207]]}},{"type":"Feature","properties":{},"geometry":{"type":"LineString","coordinates":[[-4.78098,33.37143],[-4.76734,33.37227],[-4.76614,33.37217]]}},{"type":"Feature","properties":{},"geometry":{"type":"LineString","coordinates":[[-4.83102,33.3938],[-4.83181,33.39477],[-4.83326,33.39589],[-4.83418,33.39739],[-4.83469,33.39868],[-4.835,33.40048],[-4.83568,33.40222]]}},{"type":"Feature","properties":{},"geometry":{"type":"LineString","coordinates":[[-4.82934,33.39762],[-4.82962,33.39789],[-4.83016,33.39965],[-4.82956,33.39983],[-4.82944,33.40013],[-4.82919,33.40015]]}},{"type":"Feature","properties":{},"geometry":{"type":"LineString","coordinates":[[-4.82449,33.40175],[-4.82257,33.40488]]}},{"type":"Feature","properties":{},"geometry":{"type":"LineString","coordinates":[[-4.77601,33.38406],[-4.77479,33.38421],[-4.77421,33.38454],[-4.77333,33.38446]]}},{"type":"Feature","properties":{},"geometry":{"type":"LineString","coordinates":[[-4.77725,33.38145],[-4.77711,33.38353],[-4.77672,33.38386],[-4.776,33.384]]}},{"type":"Feature","properties":{},"geometry":{"type":"LineString","coordinates":[[-4.82798,33.38754],[-4.82833,33.38707]]}},{"type":"Feature","properties":{},"geometry":{"type":"LineString","coordinates":[[-5.58439,33.16062],[-5.58283,33.16071],[-5.58191,33.16175],[-5.58031,33.16256]]}},{"type":"Feature","properties":{},"geometry":{"type":"LineString","coordinates":[[-5.56621,33.15964],[-5.5657,33.15975],[-5.56526,33.16039]]}},{"type":"Feature","properties":{},"geometry":{"type":"LineString","coordinates":[[-5.56622,33.1593],[-5.56548,33.15883],[-5.56527,33.15832]]}},{"type":"Feature","properties":{},"geometry":{"type":"LineString","coordinates":[[-5.55891,33.18952],[-5.55741,33.19077],[-5.5565,33.19183],[-5.55615,33.19259],[-5.55519,33.19592],[-5.55358,33.19578],[-5.55251,33.1952],[-5.55117,33.19484]]}},{"type":"Feature","properties":{},"geometry":{"type":"LineString","coordinates":[[-5.55997,33.18212],[-5.56006,33.18229],[-5.55964,33.18364],[-5.56025,33.18549],[-5.56027,33.18613],[-5.55938,33.18883],[-5.55888,33.1896],[-5.55856,33.19114],[-5.5588,33.19189],[-5.55963,33.19296],[-5.55969,33.19342],[-5.56005,33.19412],[-5.56213,33.19579],[-5.56238,33.19685],[-5.56134,33.19719],[-5.56111,33.19741],[-5.56156,33.19882],[-5.56162,33.19984]]}},{"type":"Feature","properties":{},"geometry":{"type":"LineString","coordinates":[[-5.55659,33.18383],[-5.55623,33.18328]]}},{"type":"Feature","properties":{},"geometry":{"type":"LineString","coordinates":[[-5.56992,33.17155],[-5.56873,33.17319],[-5.56759,33.17542],[-5.56652,33.1751],[-5.56569,33.17504]]}},{"type":"Feature","properties":{},"geometry":{"type":"LineString","coordinates":[[-5.57321,33.17042],[-5.57122,33.17018]]}},{"type":"Feature","properties":{},"geometry":{"type":"LineString","coordinates":[[-5.60856,33.20228],[-5.60902,33.20319],[-5.61048,33.20523],[-5.61063,33.20619],[-5.6103,33.20763],[-5.60923,33.20909],[-5.60855,33.21049],[-5.60787,33.21117]]}},{"type":"Feature","properties":{},"geometry":{"type":"LineString","coordinates":[[-5.60817,33.18957],[-5.60847,33.19384],[-5.60671,33.20051],[-5.60701,33.20129],[-5.60856,33.20228],[-5.61167,33.20386],[-5.61477,33.20508],[-5.61729,33.20644],[-5.61927,33.20715],[-5.62001,33.20782],[-5.62063,33.20902],[-5.62103,33.20934],[-5.6241,33.21053],[-5.62516,33.21076]]}},{"type":"Feature","properties":{},"geometry":{"type":"LineString","coordinates":[[-5.59527,33.17448],[-5.59468,33.17537],[-5.59358,33.17643],[-5.59263,33.17721],[-5.59188,33.17744],[-5.59266,33.17835],[-5.59347,33.17968],[-5.59481,33.1806],[-5.59524,33.18125],[-5.59681,33.18509],[-5.59697,33.18618],[-5.5986,33.19135],[-5.5991,33.19185],[-5.60134,33.19322],[-5.60231,33.19425]]}},{"type":"Feature","properties":{},"geometry":{"type":"LineString","coordinates":[[-5.59665,33.18488],[-5.59619,33.18527],[-5.59502,33.18579],[-5.59346,33.18599],[-5.59209,33.18637],[-5.59109,33.18633],[-5.5908,33.19041],[-5.59107,33.19113],[-5.59429,33.1943],[-5.59477,33.1945],[-5.59785,33.19359],[-5.59868,33.19316],[-5.6007,33.19438],[-5.60222,33.19419],[-5.60244,33.19446],[-5.60294,33.19643],[-5.60346,33.19758],[-5.60671,33.20072]]}},{"type":"Feature","properties":{},"geometry":{"type":"LineString","coordinates":[[-5.60679,33.20093],[-5.60494,33.19986],[-5.60306,33.19904],[-5.6016,33.2003],[-5.60123,33.20082],[-5.60052,33.20114],[-5.59989,33.20254],[-5.59525,33.20597],[-5.59455,33.20795],[-5.59449,33.20855],[-5.59362,33.2108]]}},{"type":"Feature","properties":{},"geometry":{"type":"LineString","coordinates":[[-5.58755,33.16874],[-5.5876,33.16842],[-5.58654,33.16761],[-5.58099,33.16488]]}},{"type":"Feature","properties":{},"geometry":{"type":"LineString","coordinates":[[-5.59091,33.17012],[-5.59095,33.16988],[-5.59052,33.1695],[-5.58988,33.16816],[-5.58914,33.16764],[-5.58829,33.16606],[-5.58766,33.16535],[-5.58671,33.16321]]}},{"type":"Feature","properties":{},"geometry":{"type":"LineString","coordinates":[[-5.59369,33.16984],[-5.59456,33.17005],[-5.5956,33.16996],[-5.5982,33.16933],[-5.5989,33.16937],[-5.59943,33.16972],[-5.59973,33.16974],[-5.60062,33.16909],[-5.6015,33.16811],[-5.6053,33.16669],[-5.60581,33.16614],[-5.60675,33.16553],[-5.60744,33.16471],[-5.60883,33.16411],[-5.60973,33.16324],[-5.61028,33.1632],[-5.61129,33.16386]]}},{"type":"Feature","properties":{},"geometry":{"type":"LineString","coordinates":[[-5.6078,33.19664],[-5.60825,33.1971],[-5.60835,33.19807],[-5.60868,33.19838]]}},{"type":"Feature","properties":{},"geometry":{"type":"LineString","coordinates":[[-5.56151,33.16234],[-5.56168,33.16177],[-5.56081,33.16143],[-5.55856,33.16073],[-5.55668,33.16036],[-5.55403,33.16011],[-5.55288,33.15939]]}},{"type":"Feature","properties":{},"geometry":{"type":"LineString","coordinates":[[-5.60149,33.18097],[-5.60073,33.18142],[-5.60021,33.18152],[-5.59937,33.18227],[-5.59841,33.18273],[-5.59712,33.18363],[-5.59652,33.18445]]}},{"type":"Feature","properties":{},"geometry":{"type":"LineString","coordinates":[[-5.59109,33.18633],[-5.59044,33.18631],[-5.58917,33.18685],[-5.58911,33.18735],[-5.58867,33.18796]]}},{"type":"Feature","properties":{},"geometry":{"type":"LineString","coordinates":[[-5.55567,33.17366],[-5.55517,33.17285],[-5.55316,33.17204],[-5.55288,33.17149]]}},{"type":"Feature","properties":{},"geometry":{"type":"LineString","coordinates":[[-5.55295,33.17142],[-5.55269,33.17155]]}},{"type":"Feature","properties":{},"geometry":{"type":"LineString","coordinates":[[-5.57651,33.16582],[-5.57444,33.16663],[-5.57312,33.16697]]}},{"type":"Feature","properties":{},"geometry":{"type":"LineString","coordinates":[[-5.58709,33.21076],[-5.58674,33.21031],[-5.58551,33.20941],[-5.58374,33.20865],[-5.58402,33.20745],[-5.58399,33.20319],[-5.58476,33.20192],[-5.58482,33.20145],[-5.58556,33.20013],[-5.58608,33.19999],[-5.58704,33.19883],[-5.5884,33.19643],[-5.59036,33.19344],[-5.59083,33.19228],[-5.59143,33.19142]]}},{"type":"Feature","properties":{},"geometry":{"type":"LineString","coordinates":[[-5.5729,33.16577],[-5.57362,33.16597]]}},{"type":"Feature","properties":{},"geometry":{"type":"LineString","coordinates":[[-5.57308,33.16544],[-5.5728,33.16591],[-5.57278,33.16633]]}},{"type":"Feature","properties":{},"geometry":{"type":"LineString","coordinates":[[-5.57427,33.16973],[-5.57323,33.16968]]}},{"type":"Feature","properties":{},"geometry":{"type":"LineString","coordinates":[[-5.56543,33.16369],[-5.56544,33.16441]]}},{"type":"Feature","properties":{},"geometry":{"type":"LineString","coordinates":[[-5.56562,33.1637],[-5.56562,33.16441]]}},{"type":"Feature","properties":{},"geometry":{"type":"LineString","coordinates":[[-5.55812,33.16955],[-5.55812,33.16978]]}},{"type":"Feature","properties":{},"geometry":{"type":"LineString","coordinates":[[-5.56075,33.17136],[-5.56111,33.17215]]}},{"type":"Feature","properties":{},"geometry":{"type":"LineString","coordinates":[[-5.55847,33.16349],[-5.55838,33.16368]]}},{"type":"Feature","properties":{},"geometry":{"type":"LineString","coordinates":[[-5.55572,33.17106],[-5.55547,33.17112]]}},{"type":"Feature","properties":{},"geometry":{"type":"LineString","coordinates":[[-5.61049,33.09466],[-5.61107,33.09694],[-5.61119,33.1004],[-5.61137,33.10036],[-5.61202,33.10082],[-5.61393,33.10171]]}},{"type":"Feature","properties":{},"geometry":{"type":"LineString","coordinates":[[-5.58491,33.10964],[-5.58559,33.11017],[-5.58585,33.111],[-5.58703,33.11144],[-5.58878,33.11164],[-5.58957,33.112],[-5.59102,33.11199],[-5.5939,33.11242],[-5.59551,33.11211],[-5.59817,33.11125],[-5.5986,33.11013],[-5.59903,33.10977],[-5.59939,33.10986],[-5.59969,33.10948],[-5.60001,33.1086],[-5.60171,33.10732],[-5.60249,33.10629],[-5.60333,33.10552],[-5.60437,33.10512],[-5.60544,33.10261],[-5.6069,33.1005],[-5.60801,33.09819],[-5.61038,33.09493],[-5.61078,33.09391],[-5.6104,33.0927],[-5.6125,33.09285],[-5.61284,33.09259],[-5.61307,33.09193],[-5.61423,33.0915],[-5.61466,33.09068],[-5.61528,33.09014],[-5.61656,33.08956],[-5.61731,33.0897],[-5.61998,33.09102]]}},{"type":"Feature","properties":{},"geometry":{"type":"LineString","coordinates":[[-5.58317,33.10126],[-5.58409,33.10064]]}},{"type":"Feature","properties":{},"geometry":{"type":"LineString","coordinates":[[-5.5839,33.10122],[-5.58391,33.10104],[-5.58416,33.10098],[-5.5843,33.1007],[-5.585,33.10055]]}},{"type":"Feature","properties":{},"geometry":{"type":"LineString","coordinates":[[-5.61635,33.05175],[-5.61741,33.0519],[-5.61807,33.05233]]}},{"type":"Feature","properties":{},"geometry":{"type":"LineString","coordinates":[[-5.61622,33.05134],[-5.61659,33.05119],[-5.61643,33.05041],[-5.61754,33.05081],[-5.61832,33.05061],[-5.61843,33.05104]]}},{"type":"Feature","properties":{},"geometry":{"type":"LineString","coordinates":[[-5.61512,33.05348],[-5.61555,33.05382],[-5.6155,33.05417],[-5.61516,33.05456],[-5.61527,33.05472],[-5.61545,33.05468]]}},{"type":"Feature","properties":{},"geometry":{"type":"LineString","coordinates":[[-5.61426,33.06194],[-5.61446,33.06191],[-5.61448,33.06135],[-5.61478,33.06132]]}},{"type":"Feature","properties":{},"geometry":{"type":"LineString","coordinates":[[-5.61434,33.06212],[-5.61544,33.06168],[-5.61655,33.06167]]}},{"type":"Feature","properties":{},"geometry":{"type":"LineString","coordinates":[[-5.61454,33.06259],[-5.61489,33.06268],[-5.61493,33.0624]]}},{"type":"Feature","properties":{},"geometry":{"type":"LineString","coordinates":[[-5.60807,33.0981],[-5.60769,33.09754],[-5.60547,33.09632],[-5.60464,33.09596],[-5.60399,33.096]]}},{"type":"Feature","properties":{},"geometry":{"type":"LineString","coordinates":[[-5.60761,33.0687],[-5.60722,33.06848],[-5.6066,33.06852],[-5.6061,33.06776],[-5.606,33.06717],[-5.6049,33.06648],[-5.60439,33.06635],[-5.60481,33.06546],[-5.60543,33.0652],[-5.60551,33.06494],[-5.60452,33.06442],[-5.6046,33.06419],[-5.60433,33.06385],[-5.60352,33.0634],[-5.60263,33.06316],[-5.60156,33.06366],[-5.60095,33.06363],[-5.60019,33.06421]]}},{"type":"Feature","properties":{},"geometry":{"type":"LineString","coordinates":[[-5.60733,33.06854],[-5.60732,33.0682]]}},{"type":"Feature","properties":{},"geometry":{"type":"LineString","coordinates":[[-5.61138,33.05627],[-5.61072,33.05646],[-5.61054,33.05674],[-5.60933,33.05739]]}},{"type":"Feature","properties":{},"geometry":{"type":"LineString","coordinates":[[-5.61393,33.0572],[-5.61347,33.05738],[-5.61272,33.05705],[-5.6125,33.05649],[-5.61075,33.05622],[-5.60944,33.0562],[-5.60778,33.05682],[-5.6073,33.05679],[-5.60633,33.05637],[-5.60525,33.05631],[-5.60462,33.05575],[-5.60304,33.05526],[-5.60157,33.05559],[-5.60043,33.05614],[-5.60065,33.0563],[-5.60052,33.05694],[-5.59987,33.05808],[-5.59949,33.05836],[-5.59881,33.05839]]}},{"type":"Feature","properties":{},"geometry":{"type":"LineString","coordinates":[[-5.74952,33.04897],[-5.74918,33.04878],[-5.74809,33.04884],[-5.7472,33.04844]]}},{"type":"Feature","properties":{},"geometry":{"type":"LineString","coordinates":[[-5.75356,33.04486],[-5.75349,33.04529],[-5.75385,33.04576],[-5.75317,33.04623],[-5.75082,33.04653],[-5.7503,33.04646],[-5.74951,33.04669],[-5.74858,33.0474],[-5.74772,33.04763],[-5.74721,33.04844],[-5.74694,33.04836],[-5.74704,33.04782],[-5.74676,33.04774],[-5.74594,33.04841],[-5.74474,33.04839],[-5.74399,33.04859],[-5.74345,33.04905],[-5.74314,33.04961]]}},{"type":"Feature","properties":{},"geometry":{"type":"LineString","coordinates":[[-5.57,33.17004],[-5.56848,33.17003],[-5.56736,33.17077],[-5.56685,33.17086],[-5.5663,33.17068],[-5.56577,33.1702]]}},{"type":"Feature","properties":{},"geometry":{"type":"LineString","coordinates":[[-5.58132,33.16481],[-5.57967,33.16414],[-5.57911,33.16372],[-5.57881,33.16323]]}},{"type":"Feature","properties":{},"geometry":{"type":"LineString","coordinates":[[-5.55729,33.16485],[-5.55706,33.16529]]}},{"type":"Feature","properties":{},"geometry":{"type":"LineString","coordinates":[[-5.55714,33.16352],[-5.55698,33.1637]]}},{"type":"Feature","properties":{},"geometry":{"type":"LineString","coordinates":[[-5.56547,33.17832],[-5.56571,33.17775]]}},{"type":"Feature","properties":{},"geometry":{"type":"LineString","coordinates":[[-5.55967,33.16743],[-5.55919,33.16742]]}},{"type":"Feature","properties":{},"geometry":{"type":"LineString","coordinates":[[-5.57261,33.16819],[-5.57312,33.16697]]}},{"type":"Feature","properties":{},"geometry":{"type":"LineString","coordinates":[[-5.34935,33.38937],[-5.34896,33.38854]]}},{"type":"Feature","properties":{},"geometry":{"type":"LineString","coordinates":[[-5.34655,33.39012],[-5.34814,33.3895],[-5.34973,33.38933],[-5.35035,33.38909]]}},{"type":"Feature","properties":{},"geometry":{"type":"LineString","coordinates":[[-5.33137,33.37513],[-5.33067,33.37461],[-5.32599,33.37262],[-5.32353,33.37026]]}},{"type":"Feature","properties":{},"geometry":{"type":"LineString","coordinates":[[-5.34192,33.38689],[-5.34166,33.3867],[-5.34049,33.3848],[-5.33893,33.38318],[-5.33639,33.38121],[-5.33554,33.38082],[-5.33352,33.37838],[-5.33251,33.37744],[-5.33152,33.37573],[-5.33137,33.37513]]}},{"type":"Feature","properties":{},"geometry":{"type":"LineString","coordinates":[[-5.34458,33.37245],[-5.34471,33.37029],[-5.34414,33.36988],[-5.344,33.37023],[-5.34323,33.37095],[-5.34198,33.37127],[-5.34232,33.37214],[-5.3425,33.37212],[-5.34193,33.3728],[-5.34215,33.3732],[-5.34201,33.37334],[-5.3416,33.37315],[-5.34128,33.37253],[-5.34056,33.37172],[-5.3391,33.37147],[-5.33741,33.37087],[-5.33463,33.37096],[-5.33234,33.37145],[-5.3309,33.37141],[-5.33094,33.37351],[-5.33137,33.37513]]}},{"type":"Feature","properties":{},"geometry":{"type":"LineString","coordinates":[[-5.34038,33.392],[-5.34017,33.39406],[-5.33912,33.39752],[-5.33894,33.39926],[-5.33846,33.40079]]}},{"type":"Feature","properties":{},"geometry":{"type":"LineString","coordinates":[[-5.34376,33.39505],[-5.34328,33.39533],[-5.34312,33.39516],[-5.34168,33.39478],[-5.34111,33.39394],[-5.34111,33.39306],[-5.34128,33.39282],[-5.34038,33.39206]]}},{"type":"Feature","properties":{},"geometry":{"type":"LineString","coordinates":[[-5.31114,33.40666],[-5.31122,33.40651]]}},{"type":"Feature","properties":{},"geometry":{"type":"LineString","coordinates":[[-5.30824,33.40592],[-5.30861,33.40586],[-5.30983,33.40613],[-5.31171,33.4069]]}},{"type":"Feature","properties":{},"geometry":{"type":"LineString","coordinates":[[-5.34468,33.37368],[-5.34403,33.37609],[-5.34369,33.37627],[-5.34359,33.37674],[-5.34305,33.37747],[-5.34272,33.37861],[-5.34237,33.38145],[-5.34226,33.38471],[-5.3419,33.3867],[-5.34276,33.38952],[-5.34378,33.39142],[-5.34409,33.39243],[-5.34418,33.3938],[-5.34374,33.39497],[-5.34416,33.39553],[-5.34394,33.39594]]}},{"type":"Feature","properties":{},"geometry":{"type":"LineString","coordinates":[[-5.33549,33.39581],[-5.33511,33.39532]]}},{"type":"Feature","properties":{},"geometry":{"type":"LineString","coordinates":[[-5.34046,33.39194],[-5.34008,33.39163],[-5.33963,33.3916],[-5.33762,33.39295],[-5.33578,33.39373]]}},{"type":"Feature","properties":{},"geometry":{"type":"LineString","coordinates":[[-5.34163,33.38778],[-5.34217,33.38771]]}},{"type":"Feature","properties":{},"geometry":{"type":"LineString","coordinates":[[-5.34157,33.38803],[-5.34223,33.38798]]}},{"type":"Feature","properties":{},"geometry":{"type":"LineString","coordinates":[[-5.34126,33.39132],[-5.34069,33.39035],[-5.34111,33.38956],[-5.34167,33.38758],[-5.3421,33.38748]]}},{"type":"Feature","properties":{},"geometry":{"type":"LineString","coordinates":[[-5.34197,33.39083],[-5.34271,33.39188],[-5.34259,33.39279],[-5.3428,33.39345],[-5.3427,33.39392]]}},{"type":"Feature","properties":{},"geometry":{"type":"LineString","coordinates":[[-5.34551,33.40874],[-5.34605,33.40944],[-5.34667,33.40909],[-5.34831,33.40893],[-5.34972,33.41105],[-5.35206,33.4126],[-5.35276,33.41325]]}},{"type":"Feature","properties":{},"geometry":{"type":"LineString","coordinates":[[-5.34483,33.40745],[-5.34503,33.40703]]}},{"type":"Feature","properties":{},"geometry":{"type":"LineString","coordinates":[[-5.34508,33.40922],[-5.34551,33.40874],[-5.34558,33.40844],[-5.34492,33.40816],[-5.34483,33.40745]]}},{"type":"Feature","properties":{},"geometry":{"type":"LineString","coordinates":[[-5.34343,33.41337],[-5.3439,33.41143],[-5.34495,33.41012],[-5.34508,33.40922]]}},{"type":"Feature","properties":{},"geometry":{"type":"LineString","coordinates":[[-5.34009,33.41248],[-5.34014,33.41109],[-5.34057,33.41022],[-5.34314,33.40879],[-5.34361,33.40875],[-5.34508,33.40922]]}},{"type":"Feature","properties":{},"geometry":{"type":"LineString","coordinates":[[-5.33844,33.41103],[-5.33907,33.41232]]}},{"type":"Feature","properties":{},"geometry":{"type":"LineString","coordinates":[[-5.33697,33.4096],[-5.33771,33.41066],[-5.33821,33.41105],[-5.34043,33.41042]]}},{"type":"Feature","properties":{},"geometry":{"type":"LineString","coordinates":[[-5.33689,33.40954],[-5.33697,33.4096]]}},{"type":"Feature","properties":{},"geometry":{"type":"LineString","coordinates":[[-5.32596,33.39965],[-5.32641,33.39979],[-5.32703,33.40091],[-5.32761,33.40141],[-5.32752,33.40208],[-5.32786,33.40278],[-5.32804,33.40369],[-5.32782,33.40418],[-5.32796,33.40486],[-5.32864,33.40523],[-5.32887,33.40565],[-5.32871,33.40627],[-5.32874,33.40734],[-5.33049,33.40835],[-5.33141,33.40986],[-5.33234,33.41084],[-5.33572,33.40926],[-5.33689,33.40954]]}},{"type":"Feature","properties":{},"geometry":{"type":"LineString","coordinates":[[-5.32714,33.39782],[-5.32733,33.39888]]}},{"type":"Feature","properties":{},"geometry":{"type":"LineString","coordinates":[[-5.34705,33.38991],[-5.34699,33.39025]]}},{"type":"Feature","properties":{},"geometry":{"type":"LineString","coordinates":[[-5.34614,33.39073],[-5.3469,33.39064]]}},{"type":"Feature","properties":{},"geometry":{"type":"LineString","coordinates":[[-5.34163,33.39101],[-5.34093,33.3899]]}},{"type":"Feature","properties":{},"geometry":{"type":"LineString","coordinates":[[-5.31247,33.37329],[-5.31101,33.37335],[-5.31039,33.37313]]}},{"type":"Feature","properties":{},"geometry":{"type":"LineString","coordinates":[[-5.31318,33.37332],[-5.31223,33.37262],[-5.31106,33.37215],[-5.31031,33.37136]]}},{"type":"Feature","properties":{},"geometry":{"type":"LineString","coordinates":[[-5.31041,33.37544],[-5.31042,33.37239],[-5.31023,33.37083],[-5.31046,33.37023],[-5.31039,33.36897],[-5.31004,33.36776],[-5.31022,33.36699],[-5.30951,33.366],[-5.30898,33.36471],[-5.309,33.36423]]}},{"type":"Feature","properties":{},"geometry":{"type":"LineString","coordinates":[[-5.29654,33.39236],[-5.29521,33.39183]]}},{"type":"Feature","properties":{},"geometry":{"type":"LineString","coordinates":[[-5.33214,33.3973],[-5.3319,33.39681]]}},{"type":"Feature","properties":{},"geometry":{"type":"LineString","coordinates":[[-5.336,33.39359],[-5.33621,33.39388],[-5.33603,33.39403]]}},{"type":"Feature","properties":{},"geometry":{"type":"LineString","coordinates":[[-5.29431,33.40113],[-5.29513,33.39911],[-5.29537,33.39685],[-5.29614,33.39276]]}},{"type":"Feature","properties":{},"geometry":{"type":"LineString","coordinates":[[-5.29558,33.40625],[-5.29502,33.40557],[-5.29456,33.40409],[-5.29427,33.40256],[-5.29431,33.40113]]}},{"type":"Feature","properties":{},"geometry":{"type":"LineString","coordinates":[[-5.2956,33.40637],[-5.29558,33.40625]]}},{"type":"Feature","properties":{},"geometry":{"type":"LineString","coordinates":[[-5.29393,33.41494],[-5.2942,33.41377],[-5.29394,33.4111],[-5.29406,33.40955],[-5.29385,33.40837],[-5.29427,33.40717],[-5.2956,33.40637]]}},{"type":"Feature","properties":{},"geometry":{"type":"LineString","coordinates":[[-5.28653,33.3943],[-5.28758,33.39427],[-5.2876,33.39329],[-5.28873,33.39291],[-5.28964,33.39222],[-5.28976,33.39194]]}},{"type":"Feature","properties":{},"geometry":{"type":"LineString","coordinates":[[-5.28632,33.39347],[-5.28607,33.39359]]}},{"type":"Feature","properties":{},"geometry":{"type":"LineString","coordinates":[[-5.28623,33.39387],[-5.28647,33.39372],[-5.2861,33.39301]]}},{"type":"Feature","properties":{},"geometry":{"type":"LineString","coordinates":[[-5.28582,33.39305],[-5.28509,33.391],[-5.28474,33.3906]]}},{"type":"Feature","properties":{},"geometry":{"type":"LineString","coordinates":[[-5.34678,33.36992],[-5.3465,33.36979],[-5.34467,33.37021]]}},{"type":"Feature","properties":{},"geometry":{"type":"LineString","coordinates":[[-5.30741,33.3977],[-5.30735,33.39797],[-5.30779,33.39918],[-5.30795,33.39928],[-5.31031,33.39825],[-5.31141,33.39819],[-5.31135,33.39726]]}},{"type":"Feature","properties":{},"geometry":{"type":"LineString","coordinates":[[-5.34768,33.36568],[-5.34762,33.36672],[-5.34733,33.36776],[-5.3465,33.36979]]}},{"type":"Feature","properties":{},"geometry":{"type":"LineString","coordinates":[[-5.3245,33.4005],[-5.32567,33.40118],[-5.32572,33.40197],[-5.32544,33.40228]]}},{"type":"Feature","properties":{},"geometry":{"type":"LineString","coordinates":[[-5.3267,33.39944],[-5.32695,33.39909]]}},{"type":"Feature","properties":{},"geometry":{"type":"LineString","coordinates":[[-5.28986,33.39877],[-5.29067,33.39976]]}},{"type":"Feature","properties":{},"geometry":{"type":"LineString","coordinates":[[-5.3459,33.40928],[-5.3451,33.40949]]}},{"type":"Feature","properties":{},"geometry":{"type":"LineString","coordinates":[[-5.32655,33.39953],[-5.3267,33.39944]]}},{"type":"Feature","properties":{},"geometry":{"type":"LineString","coordinates":[[-5.3263,33.39968],[-5.32655,33.39953]]}},{"type":"Feature","properties":{},"geometry":{"type":"LineString","coordinates":[[-5.69799,33.18238],[-5.69605,33.18165],[-5.69516,33.18018],[-5.69507,33.17983],[-5.69562,33.17723]]}},{"type":"Feature","properties":{},"geometry":{"type":"LineString","coordinates":[[-5.62504,33.20675],[-5.62558,33.20656],[-5.62567,33.20623],[-5.62678,33.20526],[-5.63037,33.20322],[-5.63089,33.20246],[-5.63149,33.20207],[-5.63219,33.20129],[-5.63252,33.20071],[-5.63552,33.19853],[-5.63809,33.19741],[-5.6421,33.19635],[-5.64291,33.19653],[-5.64338,33.19695],[-5.64529,33.19725],[-5.64788,33.19884],[-5.64912,33.20035],[-5.65,33.20198],[-5.65011,33.20258]]}},{"type":"Feature","properties":{},"geometry":{"type":"LineString","coordinates":[[-5.6694,33.19844],[-5.6684,33.19772],[-5.66756,33.19741],[-5.66546,33.19521],[-5.66496,33.19491],[-5.66311,33.19471],[-5.65815,33.19371],[-5.65709,33.19365],[-5.65329,33.19744],[-5.65183,33.19954],[-5.65056,33.20177],[-5.65037,33.20241],[-5.65007,33.20263],[-5.64976,33.20383],[-5.6499,33.20406],[-5.65021,33.20415],[-5.6501,33.20451],[-5.6481,33.20783],[-5.64491,33.21041],[-5.64431,33.21117]]}},{"type":"Feature","properties":{},"geometry":{"type":"LineString","coordinates":[[-5.64163,33.17797],[-5.64192,33.17834],[-5.64209,33.179],[-5.64351,33.17912]]}},{"type":"Feature","properties":{},"geometry":{"type":"LineString","coordinates":[[-5.64687,33.17647],[-5.64443,33.1771],[-5.64358,33.17751],[-5.64274,33.17744],[-5.6422,33.17756],[-5.64043,33.17894]]}},{"type":"Feature","properties":{},"geometry":{"type":"LineString","coordinates":[[-5.62059,33.18761],[-5.61928,33.18883],[-5.61912,33.18942],[-5.61934,33.18975],[-5.61934,33.19024]]}},{"type":"Feature","properties":{},"geometry":{"type":"LineString","coordinates":[[-5.658,33.18076],[-5.65711,33.18013],[-5.65716,33.17924]]}},{"type":"Feature","properties":{},"geometry":{"type":"LineString","coordinates":[[-5.66854,33.182],[-5.6685,33.18137],[-5.6697,33.18052]]}},{"type":"Feature","properties":{},"geometry":{"type":"LineString","coordinates":[[-5.67549,33.18181],[-5.67493,33.17937],[-5.67484,33.17744],[-5.67501,33.17646]]}},{"type":"Feature","properties":{},"geometry":{"type":"LineString","coordinates":[[-5.62384,33.18905],[-5.62459,33.18967],[-5.62475,33.19008],[-5.6246,33.19079],[-5.6238,33.19219]]}},{"type":"Feature","properties":{},"geometry":{"type":"LineString","coordinates":[[-5.62128,33.20241],[-5.61805,33.20237],[-5.61689,33.20251],[-5.61576,33.20293],[-5.61487,33.20409],[-5.61499,33.20466],[-5.6148,33.20511]]}},{"type":"Feature","properties":{},"geometry":{"type":"LineString","coordinates":[[-5.6355,33.15785],[-5.63574,33.15742],[-5.63608,33.15733],[-5.63659,33.15798],[-5.63705,33.15894]]}},{"type":"Feature","properties":{},"geometry":{"type":"LineString","coordinates":[[-5.61803,33.60739],[-5.61978,33.60798],[-5.62082,33.60864],[-5.62074,33.60928],[-5.6204,33.60985],[-5.62059,33.61015],[-5.62097,33.61035],[-5.62122,33.61102],[-5.62068,33.61153]]}},{"type":"Feature","properties":{},"geometry":{"type":"LineString","coordinates":[[-5.61877,33.62372],[-5.61881,33.62253],[-5.61847,33.62104],[-5.61878,33.62078],[-5.61886,33.61975],[-5.61871,33.61941],[-5.61905,33.61912],[-5.61911,33.61831],[-5.61983,33.61706],[-5.6199,33.61548],[-5.61914,33.61379],[-5.61874,33.61334],[-5.61802,33.61287],[-5.61738,33.61295],[-5.61727,33.61237],[-5.61673,33.61209],[-5.61577,33.61118],[-5.61526,33.61113],[-5.61499,33.61094],[-5.61438,33.61117]]}},{"type":"Feature","properties":{},"geometry":{"type":"LineString","coordinates":[[-5.62047,33.62268],[-5.61937,33.62326],[-5.6186,33.62392]]}},{"type":"Feature","properties":{},"geometry":{"type":"LineString","coordinates":[[-5.60465,33.63017],[-5.60533,33.62874],[-5.60546,33.62789],[-5.60602,33.62686],[-5.60662,33.6248],[-5.60747,33.62445],[-5.60834,33.62459],[-5.60972,33.62441],[-5.60991,33.62276],[-5.61133,33.62034]]}},{"type":"Feature","properties":{},"geometry":{"type":"LineString","coordinates":[[-5.62034,33.59757],[-5.62012,33.59733],[-5.6201,33.59695],[-5.6208,33.59561],[-5.62007,33.59542],[-5.62019,33.59445],[-5.61979,33.59386],[-5.61848,33.5932]]}},{"type":"Feature","properties":{},"geometry":{"type":"LineString","coordinates":[[-5.63229,33.60433],[-5.63156,33.60296],[-5.63206,33.60133],[-5.6319,33.60051],[-5.63111,33.59859],[-5.63064,33.598],[-5.63033,33.59704],[-5.62921,33.5954],[-5.62864,33.59505],[-5.62768,33.59495],[-5.62695,33.59492],[-5.62557,33.59521],[-5.6247,33.5957],[-5.62261,33.59641],[-5.62134,33.59732],[-5.62113,33.59706],[-5.62077,33.59703],[-5.62015,33.5978],[-5.61936,33.5984],[-5.61938,33.59878],[-5.61874,33.5999],[-5.61834,33.60041],[-5.61741,33.601],[-5.6168,33.60203],[-5.61664,33.60268],[-5.61653,33.60401],[-5.61706,33.60597],[-5.61803,33.60739],[-5.61816,33.60802],[-5.61775,33.60845],[-5.61604,33.60889],[-5.61577,33.60934],[-5.61364,33.60904],[-5.61385,33.6094],[-5.61376,33.60999],[-5.61387,33.61026]]}},{"type":"Feature","properties":{},"geometry":{"type":"LineString","coordinates":[[-5.64623,33.59647],[-5.64558,33.59671],[-5.64448,33.59674],[-5.64223,33.59742],[-5.6419,33.59735],[-5.64129,33.59682],[-5.64047,33.59672],[-5.63831,33.59713],[-5.63717,33.59707],[-5.63391,33.59775]]}},{"type":"Feature","properties":{},"geometry":{"type":"LineString","coordinates":[[-5.66383,33.60255],[-5.66399,33.6027],[-5.66345,33.60414],[-5.66194,33.60657],[-5.6627,33.60707],[-5.66232,33.60842],[-5.66268,33.60856],[-5.66284,33.60881],[-5.66249,33.60882],[-5.66188,33.60917],[-5.66112,33.61097],[-5.66184,33.61245],[-5.66231,33.61276],[-5.66332,33.61278],[-5.66358,33.61265],[-5.6637,33.61236],[-5.66445,33.61249]]}},{"type":"Feature","properties":{},"geometry":{"type":"LineString","coordinates":[[-5.6454,33.63499],[-5.64395,33.63522],[-5.64277,33.63574],[-5.64218,33.63582],[-5.64004,33.63585],[-5.6385,33.63528],[-5.63703,33.63555],[-5.63482,33.63446],[-5.63455,33.63411],[-5.63332,33.63362],[-5.63262,33.63379],[-5.63193,33.63466]]}},{"type":"Feature","properties":{},"geometry":{"type":"LineString","coordinates":[[-5.59969,33.59016],[-5.60135,33.5913],[-5.60191,33.59129],[-5.6038,33.59228],[-5.6042,33.59288],[-5.60534,33.59372]]}},{"type":"Feature","properties":{},"geometry":{"type":"LineString","coordinates":[[-5.61284,33.63612],[-5.61332,33.63607],[-5.61458,33.63636],[-5.61643,33.63618],[-5.61688,33.63633],[-5.61764,33.6369],[-5.6183,33.63698],[-5.61998,33.63543],[-5.62054,33.6347],[-5.62089,33.63386],[-5.62211,33.63284],[-5.62255,33.63211],[-5.62329,33.63266],[-5.62343,33.63309],[-5.62335,33.63345],[-5.62402,33.63449]]}},{"type":"Feature","properties":{},"geometry":{"type":"LineString","coordinates":[[-5.59728,33.59536],[-5.59908,33.59618],[-5.60196,33.59819],[-5.60309,33.5978],[-5.60438,33.59913],[-5.60432,33.59941],[-5.60382,33.59965],[-5.60386,33.59998],[-5.60537,33.60172],[-5.60693,33.60261],[-5.6088,33.60304],[-5.61067,33.60295],[-5.61086,33.60281],[-5.61484,33.60266],[-5.61893,33.60279],[-5.62081,33.60342],[-5.62263,33.60478]]}},{"type":"Feature","properties":{},"geometry":{"type":"LineString","coordinates":[[-5.59679,33.59662],[-5.60136,33.59957]]}},{"type":"Feature","properties":{},"geometry":{"type":"LineString","coordinates":[[-5.60142,33.59788],[-5.6017,33.59772],[-5.60154,33.59732],[-5.60163,33.59707],[-5.60243,33.59659],[-5.6036,33.59625],[-5.60493,33.59646],[-5.60542,33.59606],[-5.60656,33.59598],[-5.60759,33.59623],[-5.60911,33.59633],[-5.60963,33.5971],[-5.6103,33.59749],[-5.61091,33.5982],[-5.61241,33.59896]]}},{"type":"Feature","properties":{},"geometry":{"type":"LineString","coordinates":[[-5.60739,33.61377],[-5.60751,33.61377],[-5.60767,33.61474],[-5.60864,33.61576],[-5.60901,33.61557],[-5.60921,33.61523],[-5.60878,33.61454],[-5.6091,33.6138],[-5.6095,33.6134],[-5.61011,33.61171],[-5.61056,33.61179],[-5.61071,33.61258],[-5.61121,33.61337]]}},{"type":"Feature","properties":{},"geometry":{"type":"LineString","coordinates":[[-5.60893,33.59626],[-5.61027,33.5959],[-5.61086,33.59526],[-5.61297,33.59515],[-5.61349,33.59442],[-5.61373,33.59471],[-5.61401,33.59457],[-5.61466,33.59545]]}},{"type":"Feature","properties":{},"geometry":{"type":"LineString","coordinates":[[-5.59994,33.5896],[-5.60105,33.58988],[-5.6018,33.59037],[-5.60232,33.58965],[-5.60342,33.58973],[-5.60397,33.59032],[-5.6056,33.59128]]}},{"type":"Feature","properties":{},"geometry":{"type":"LineString","coordinates":[[-5.4139,33.35483],[-5.41375,33.35365],[-5.41315,33.35249],[-5.41158,33.35135],[-5.41129,33.35058],[-5.41106,33.34784],[-5.41172,33.34728],[-5.41183,33.34655]]}},{"type":"Feature","properties":{},"geometry":{"type":"LineString","coordinates":[[-5.41383,33.34591],[-5.41302,33.34504],[-5.41316,33.34371]]}},{"type":"Feature","properties":{},"geometry":{"type":"LineString","coordinates":[[-5.38762,33.35548],[-5.38767,33.35508],[-5.38713,33.35431],[-5.38691,33.35331],[-5.38701,33.35251],[-5.3868,33.35185],[-5.38706,33.34991],[-5.38732,33.34908],[-5.38774,33.34855]]}},{"type":"Feature","properties":{},"geometry":{"type":"LineString","coordinates":[[-5.36783,33.36283],[-5.36792,33.36246],[-5.36768,33.36196]]}},{"type":"Feature","properties":{},"geometry":{"type":"LineString","coordinates":[[-5.38722,33.35992],[-5.38724,33.35746],[-5.3876,33.35551]]}},{"type":"Feature","properties":{},"geometry":{"type":"LineString","coordinates":[[-5.3766,33.34149],[-5.37667,33.34425]]}},{"type":"Feature","properties":{},"geometry":{"type":"LineString","coordinates":[[-5.36359,33.34627],[-5.36184,33.34899],[-5.36006,33.35104]]}},{"type":"Feature","properties":{},"geometry":{"type":"LineString","coordinates":[[-5.37463,33.3416],[-5.37576,33.34133],[-5.37669,33.3415],[-5.37835,33.34146],[-5.38004,33.34056],[-5.38194,33.34009],[-5.38267,33.33957],[-5.38457,33.33893],[-5.38485,33.33869]]}},{"type":"Feature","properties":{},"geometry":{"type":"LineString","coordinates":[[-5.35359,33.32873],[-5.35399,33.32853],[-5.35646,33.32806],[-5.35859,33.32802],[-5.35899,33.32818],[-5.35974,33.32774]]}},{"type":"Feature","properties":{},"geometry":{"type":"LineString","coordinates":[[-5.38714,33.35989],[-5.38688,33.36084],[-5.38641,33.36092],[-5.38573,33.36131],[-5.38421,33.36429],[-5.38372,33.36469]]}},{"type":"Feature","properties":{},"geometry":{"type":"LineString","coordinates":[[-5.40471,33.3496],[-5.40363,33.34944],[-5.40158,33.34951],[-5.40018,33.34884]]}},{"type":"Feature","properties":{},"geometry":{"type":"LineString","coordinates":[[-5.40818,33.34738],[-5.40752,33.3466],[-5.40706,33.34675],[-5.40591,33.34607]]}},{"type":"Feature","properties":{},"geometry":{"type":"LineString","coordinates":[[-5.41376,33.34596],[-5.41449,33.34524]]}},{"type":"Feature","properties":{},"geometry":{"type":"LineString","coordinates":[[-5.39501,33.36464],[-5.38806,33.36039],[-5.38284,33.35763]]}},{"type":"Feature","properties":{},"geometry":{"type":"LineString","coordinates":[[-5.64935,33.35622],[-5.64911,33.35652],[-5.64802,33.357],[-5.64742,33.35691],[-5.64685,33.35651],[-5.64674,33.35631],[-5.647,33.35571],[-5.64707,33.35491],[-5.64634,33.35455],[-5.64648,33.35408],[-5.64582,33.35356],[-5.64547,33.35253],[-5.64613,33.35043],[-5.64653,33.34994],[-5.6466,33.34862],[-5.64685,33.34834],[-5.64722,33.34715],[-5.64727,33.34659],[-5.64705,33.34616],[-5.64698,33.34548],[-5.6476,33.34457],[-5.64849,33.34389],[-5.64944,33.34357],[-5.64995,33.34368],[-5.64998,33.34331],[-5.65028,33.34309],[-5.65133,33.34271],[-5.652,33.34225],[-5.65297,33.34096],[-5.65307,33.34042],[-5.6537,33.33984],[-5.65427,33.34045],[-5.65407,33.34089],[-5.65424,33.3415],[-5.65407,33.34203],[-5.65502,33.34253],[-5.65604,33.34344],[-5.65535,33.34445]]}},{"type":"Feature","properties":{},"geometry":{"type":"LineString","coordinates":[[-5.60271,33.38014],[-5.60358,33.37912],[-5.60397,33.37805],[-5.60468,33.37708],[-5.60511,33.377],[-5.6058,33.37644],[-5.6074,33.3757],[-5.60863,33.37528],[-5.61029,33.37506],[-5.61113,33.37464],[-5.61119,33.37426],[-5.61193,33.37322],[-5.61338,33.37207],[-5.61428,33.37112],[-5.61557,33.36868],[-5.61772,33.36702],[-5.61825,33.36592],[-5.61912,33.36529],[-5.6194,33.36464],[-5.61913,33.36395],[-5.61935,33.36253],[-5.62006,33.36193],[-5.62042,33.36129],[-5.62114,33.36065],[-5.62164,33.35968],[-5.62193,33.35954],[-5.62247,33.35872]]}},{"type":"Feature","properties":{},"geometry":{"type":"LineString","coordinates":[[-5.57809,33.38582],[-5.57781,33.38433],[-5.57787,33.38358],[-5.57885,33.38302],[-5.57927,33.38248],[-5.57883,33.38183],[-5.57899,33.38151],[-5.57893,33.38127],[-5.57798,33.38093],[-5.57859,33.38056],[-5.57871,33.38033],[-5.57877,33.37942],[-5.57862,33.37906],[-5.57884,33.37829],[-5.57876,33.37781],[-5.57894,33.37639],[-5.57877,33.37555],[-5.57895,33.37503],[-5.57866,33.37368],[-5.57829,33.37334],[-5.57818,33.37276],[-5.57651,33.37201]]}},{"type":"Feature","properties":{"grade":"grade2"},"geometry":{"type":"LineString","coordinates":[[-5.7791,33.47597],[-5.77813,33.4752],[-5.77759,33.47354],[-5.77744,33.47352],[-5.77732,33.47379],[-5.77714,33.47361],[-5.77716,33.47296],[-5.77785,33.47151],[-5.7778,33.47118],[-5.77759,33.471],[-5.77716,33.4711],[-5.77678,33.47182],[-5.77574,33.4729],[-5.77506,33.47334],[-5.77428,33.47493],[-5.77358,33.47446],[-5.77312,33.47365],[-5.77271,33.47357],[-5.7723,33.47413],[-5.77187,33.47543],[-5.77098,33.47511],[-5.77075,33.47516],[-5.77059,33.47567],[-5.76972,33.47602],[-5.76895,33.47745],[-5.76835,33.47687],[-5.76774,33.47662],[-5.76699,33.47557],[-5.76558,33.47517],[-5.76516,33.47421],[-5.76387,33.47405],[-5.76289,33.47234],[-5.76131,33.47168],[-5.76034,33.47078],[-5.75967,33.47043],[-5.7585,33.47019],[-5.75742,33.47026],[-5.75641,33.46994],[-5.75533,33.46986],[-5.75407,33.46898],[-5.7535,33.46823],[-5.75424,33.46825],[-5.7551,33.46764],[-5.75649,33.46746],[-5.75864,33.46763],[-5.75886,33.4675],[-5.75886,33.46732],[-5.75758,33.46683],[-5.75711,33.46605],[-5.75681,33.46588],[-5.75579,33.46636],[-5.75487,33.46608],[-5.75421,33.46564],[-5.75291,33.46604],[-5.75267,33.46603],[-5.75217,33.46564],[-5.75143,33.46603],[-5.75031,33.46592],[-5.74955,33.46406],[-5.74868,33.46351],[-5.74819,33.46269],[-5.74763,33.46284],[-5.74725,33.46245],[-5.74681,33.46266],[-5.74625,33.46237],[-5.74567,33.4601],[-5.74464,33.45891],[-5.74419,33.45878],[-5.74384,33.45925],[-5.7436,33.45932],[-5.74356,33.45864],[-5.74252,33.45715],[-5.74124,33.45661],[-5.74275,33.45585],[-5.74331,33.4551],[-5.74424,33.45478],[-5.74568,33.454],[-5.74544,33.45144],[-5.7445,33.45012],[-5.74305,33.4503],[-5.74132,33.45076],[-5.74061,33.45117],[-5.74022,33.45089],[-5.74014,33.44985],[-5.73993,33.44976],[-5.73883,33.45011],[-5.73736,33.45114],[-5.7371,33.45036],[-5.73674,33.45021],[-5.73607,33.4509],[-5.73583,33.45184],[-5.73509,33.45253],[-5.73458,33.4523],[-5.73387,33.45274],[-5.73325,33.45284],[-5.73273,33.45429],[-5.73177,33.45398],[-5.73144,33.45407],[-5.73135,33.45436],[-5.73174,33.45494],[-5.73182,33.45541],[-5.73131,33.45607],[-5.73026,33.4561],[-5.7298,33.45678],[-5.72946,33.45924],[-5.72898,33.46073],[-5.72812,33.46237],[-5.72771,33.46505],[-5.72714,33.4659],[-5.72627,33.46675],[-5.7253,33.46735],[-5.72527,33.46698],[-5.72608,33.46547],[-5.72617,33.46494],[-5.72592,33.46427],[-5.72619,33.4638],[-5.72636,33.46294],[-5.72585,33.4619],[-5.72589,33.46146],[-5.72677,33.45946],[-5.72663,33.45937],[-5.72529,33.45974],[-5.72488,33.45966],[-5.72781,33.45567]]}},{"type":"Feature","properties":{"grade":"grade3"},"geometry":{"type":"LineString","coordinates":[[-5.71012,33.49574],[-5.71044,33.49463],[-5.71035,33.49428],[-5.71555,33.4862],[-5.71655,33.48512],[-5.71933,33.48383]]}},{"type":"Feature","properties":{"grade":"grade5"},"geometry":{"type":"LineString","coordinates":[[-5.71345,33.50633],[-5.71338,33.5053],[-5.71362,33.50334],[-5.71313,33.50168],[-5.71136,33.49876],[-5.71071,33.49703]]}},{"type":"Feature","properties":{"grade":"grade4"},"geometry":{"type":"LineString","coordinates":[[-5.71012,33.49574],[-5.7088,33.49369],[-5.70718,33.49365],[-5.70815,33.49279],[-5.71103,33.4913],[-5.71278,33.4899],[-5.71332,33.48963]]}},{"type":"Feature","properties":{"grade":"grade4"},"geometry":{"type":"LineString","coordinates":[[-5.74524,33.449],[-5.74437,33.44851],[-5.74382,33.44777],[-5.74297,33.44769],[-5.7416,33.44791],[-5.73946,33.44788],[-5.73907,33.44807],[-5.73868,33.44891],[-5.73798,33.44945],[-5.7375,33.44924],[-5.73701,33.44866],[-5.73665,33.44866],[-5.73624,33.4491],[-5.73626,33.44989],[-5.73605,33.45024]]}},{"type":"Feature","properties":{"grade":"grade2"},"geometry":{"type":"LineString","coordinates":[[-5.733,33.45327],[-5.73286,33.45279],[-5.73295,33.45244],[-5.73394,33.45239],[-5.73514,33.45185],[-5.73553,33.45065],[-5.73605,33.45024]]}},{"type":"Feature","properties":{"grade":"grade4"},"geometry":{"type":"LineString","coordinates":[[-5.70718,33.49365],[-5.70638,33.4939]]}},{"type":"Feature","properties":{"grade":"grade3"},"geometry":{"type":"LineString","coordinates":[[-5.71071,33.49703],[-5.71012,33.49574]]}},{"type":"Feature","properties":{},"geometry":{"type":"LineString","coordinates":[[-5.58611,33.39273],[-5.58483,33.39303],[-5.58406,33.39296],[-5.5817,33.39362],[-5.58109,33.39396],[-5.57887,33.39414],[-5.57648,33.39376],[-5.57505,33.39398],[-5.57369,33.39347],[-5.57125,33.393],[-5.57015,33.39312],[-5.5686,33.39355],[-5.56207,33.39046],[-5.56129,33.39033]]}},{"type":"Feature","properties":{},"geometry":{"type":"LineString","coordinates":[[-5.60293,33.4088],[-5.60213,33.40814],[-5.60118,33.40817],[-5.6003,33.40755],[-5.59984,33.40666],[-5.60006,33.40645],[-5.60006,33.40573],[-5.59941,33.40529],[-5.59967,33.40483],[-5.59918,33.40422],[-5.59917,33.40396],[-5.5995,33.4036],[-5.59927,33.40319],[-5.59932,33.40268],[-5.59756,33.40161]]}},{"type":"Feature","properties":{},"geometry":{"type":"LineString","coordinates":[[-4.9673,33.36976],[-4.96795,33.37084],[-4.96835,33.37242],[-4.96882,33.37338],[-4.96943,33.37414],[-4.97043,33.37625],[-4.97323,33.38124],[-4.97211,33.38146],[-4.9703,33.38091],[-4.96953,33.38111],[-4.96882,33.38302],[-4.96874,33.38439],[-4.96844,33.3856],[-4.96822,33.386],[-4.96668,33.38733],[-4.96632,33.38796],[-4.96661,33.39016],[-4.96777,33.39209],[-4.96771,33.39319],[-4.96706,33.39481],[-4.96774,33.39452],[-4.97043,33.39429],[-4.97143,33.39436],[-4.97149,33.39413]]}},{"type":"Feature","properties":{},"geometry":{"type":"LineString","coordinates":[[-5.02923,33.46259],[-5.02815,33.4618],[-5.0277,33.46121],[-5.02762,33.46084],[-5.02825,33.46026],[-5.02959,33.45938],[-5.0314,33.45888],[-5.03257,33.4577],[-5.03348,33.45749],[-5.03575,33.45652],[-5.0366,33.45583]]}},{"type":"Feature","properties":{},"geometry":{"type":"LineString","coordinates":[[-4.92481,33.27639],[-4.92606,33.27478],[-4.92665,33.27509],[-4.92758,33.27517],[-4.9277,33.27494],[-4.92755,33.27447],[-4.92752,33.27206],[-4.92771,33.2715],[-4.92999,33.26904],[-4.93155,33.26798],[-4.9318,33.26757],[-4.93221,33.26731]]}},{"type":"Feature","properties":{},"geometry":{"type":"LineString","coordinates":[[-5.02815,33.46578],[-5.02628,33.46622],[-5.02304,33.46624],[-5.02185,33.46691],[-5.02082,33.46723],[-5.02005,33.46819],[-5.01988,33.46873],[-5.01819,33.47039],[-5.01607,33.47208],[-5.01585,33.47242]]}},{"type":"Feature","properties":{},"geometry":{"type":"LineString","coordinates":[[-4.91597,33.29048],[-4.91784,33.28655],[-4.91889,33.28498],[-4.91978,33.2832],[-4.92068,33.28212],[-4.92196,33.28116],[-4.92296,33.2796],[-4.92347,33.27937],[-4.92338,33.27905],[-4.924,33.27766],[-4.92481,33.27639]]}},{"type":"Feature","properties":{},"geometry":{"type":"LineString","coordinates":[[-4.95793,33.35384],[-4.9573,33.35419],[-4.95641,33.35571],[-4.95566,33.3561],[-4.95548,33.35816],[-4.95502,33.35969],[-4.95638,33.36025],[-4.95618,33.36097],[-4.95634,33.36153],[-4.95624,33.36204],[-4.95649,33.36204],[-4.95673,33.36162],[-4.95798,33.36142],[-4.96121,33.36288],[-4.96348,33.36488],[-4.96454,33.36615],[-4.96531,33.36767],[-4.96622,33.36841],[-4.9673,33.36976]]}},{"type":"Feature","properties":{},"geometry":{"type":"LineString","coordinates":[[-4.74452,33.62502],[-4.74471,33.62459],[-4.74497,33.62263],[-4.74571,33.62218],[-4.74602,33.62181],[-4.7465,33.62077],[-4.74709,33.62],[-4.74755,33.61985],[-4.74991,33.61811],[-4.74993,33.61725]]}},{"type":"Feature","properties":{"grade":"grade5"},"geometry":{"type":"LineString","coordinates":[[-4.7735,33.34258],[-4.77485,33.34239],[-4.77582,33.34168]]}},{"type":"Feature","properties":{"grade":"grade5"},"geometry":{"type":"LineString","coordinates":[[-4.84385,33.23607],[-4.84373,33.23656],[-4.84316,33.23675],[-4.8418,33.23774],[-4.84149,33.23773],[-4.84059,33.2386],[-4.84026,33.23856],[-4.83992,33.23826],[-4.83967,33.23788],[-4.83962,33.23736]]}},{"type":"Feature","properties":{"grade":"grade5"},"geometry":{"type":"LineString","coordinates":[[-4.85291,33.23091],[-4.85237,33.2315],[-4.85112,33.23204],[-4.84912,33.23323],[-4.84767,33.23363],[-4.84659,33.23522],[-4.84572,33.23569],[-4.84331,33.23607],[-4.84244,33.2364],[-4.83911,33.23628],[-4.83885,33.23621],[-4.83814,33.23554],[-4.83813,33.23462],[-4.83752,33.23539],[-4.83703,33.23641],[-4.83644,33.23689],[-4.83266,33.23858],[-4.83151,33.23887],[-4.83073,33.23947],[-4.83008,33.23964],[-4.82916,33.23927],[-4.829,33.23826],[-4.82871,33.23796],[-4.82817,33.23776],[-4.82831,33.23576],[-4.82744,33.23498],[-4.82812,33.2329]]}},{"type":"Feature","properties":{"grade":"grade4"},"geometry":{"type":"LineString","coordinates":[[-4.78317,33.30509],[-4.78301,33.30418],[-4.7825,33.30376],[-4.78211,33.30306],[-4.78178,33.30302],[-4.78101,33.30368],[-4.78076,33.30319],[-4.78015,33.30286],[-4.77891,33.30275],[-4.77868,33.30255],[-4.77922,33.29958],[-4.77827,33.29844],[-4.77807,33.29757],[-4.77732,33.29699],[-4.77658,33.29693],[-4.77454,33.29714],[-4.77164,33.29828],[-4.77062,33.29822],[-4.76868,33.29853],[-4.76671,33.3001],[-4.76398,33.30317],[-4.76374,33.3039],[-4.76303,33.3045],[-4.76302,33.30473],[-4.76394,33.30542],[-4.76416,33.30612],[-4.76247,33.30858],[-4.76212,33.30988],[-4.76216,33.31331],[-4.76266,33.3147],[-4.76192,33.317],[-4.76191,33.31798],[-4.7623,33.31846],[-4.76323,33.31885],[-4.76251,33.32],[-4.76274,33.32006],[-4.7636,33.31973],[-4.76339,33.32075],[-4.76346,33.32245],[-4.76366,33.32299],[-4.76477,33.3236],[-4.76479,33.3241],[-4.76584,33.32439],[-4.766,33.32456],[-4.76599,33.3253],[-4.76626,33.32597],[-4.7662,33.32633],[-4.76657,33.32673],[-4.76616,33.32832],[-4.76677,33.32896],[-4.76741,33.3292],[-4.76761,33.32959],[-4.76773,33.3306],[-4.76763,33.33225],[-4.76799,33.33305],[-4.768,33.33366],[-4.76877,33.33437],[-4.76859,33.33496],[-4.76804,33.33543],[-4.76769,33.33663],[-4.76671,33.33763],[-4.76606,33.3387],[-4.76662,33.34151],[-4.76709,33.34189],[-4.76701,33.34246],[-4.76724,33.34303],[-4.76875,33.34315],[-4.7698,33.34297],[-4.77141,33.34221],[-4.77223,33.34229],[-4.77282,33.34294],[-4.7735,33.34258]]}},{"type":"Feature","properties":{},"geometry":{"type":"LineString","coordinates":[[-4.85607,33.24562],[-4.8564,33.2449],[-4.85743,33.24439],[-4.85728,33.24425],[-4.85597,33.2443],[-4.85501,33.24485],[-4.8537,33.24602],[-4.851,33.24649],[-4.84928,33.24725],[-4.84871,33.24773],[-4.84809,33.24864],[-4.84766,33.24964],[-4.84851,33.25006],[-4.84901,33.25009],[-4.84945,33.24943],[-4.85016,33.24901],[-4.85175,33.24852],[-4.85266,33.24791],[-4.85349,33.24783],[-4.85458,33.24848],[-4.85496,33.24838],[-4.85565,33.2485],[-4.85617,33.24802],[-4.85659,33.24726],[-4.85679,33.24596],[-4.8571,33.24574],[-4.85766,33.24669],[-4.85781,33.24795],[-4.85821,33.24848],[-4.85875,33.24982],[-4.85977,33.25111],[-4.86044,33.25284],[-4.86097,33.25344],[-4.86171,33.25474],[-4.86212,33.2551],[-4.86179,33.25607],[-4.86152,33.25602],[-4.86026,33.25509],[-4.85831,33.25493],[-4.85662,33.2537],[-4.8542,33.25427],[-4.85342,33.25419],[-4.85239,33.25338],[-4.8521,33.25273],[-4.85204,33.25209],[-4.85177,33.25205],[-4.85123,33.25234],[-4.85079,33.25154],[-4.85017,33.25184],[-4.84848,33.25183],[-4.8472,33.25356],[-4.84674,33.25377],[-4.84609,33.2538]]}},{"type":"Feature","properties":{"grade":"grade5"},"geometry":{"type":"LineString","coordinates":[[-4.85448,33.22367],[-4.85344,33.2267],[-4.85394,33.22763],[-4.85412,33.22874],[-4.85291,33.23091]]}},{"type":"Feature","properties":{"grade":"grade5"},"geometry":{"type":"LineString","coordinates":[[-4.95844,33.16627],[-4.95974,33.16715],[-4.96139,33.16741],[-4.96222,33.16828],[-4.96425,33.16989],[-4.96545,33.17051],[-4.96672,33.17005],[-4.96802,33.17005],[-4.96859,33.16982],[-4.96974,33.16976],[-4.97192,33.17001],[-4.97357,33.1697],[-4.97467,33.16999],[-4.97718,33.16966],[-4.9784,33.16969],[-4.97969,33.17007],[-4.98107,33.17015],[-4.98225,33.1708],[-4.98566,33.1712],[-4.98695,33.17162],[-4.98854,33.17102],[-4.99041,33.171],[-4.99132,33.17084],[-4.99476,33.16973],[-4.99509,33.16977],[-4.99566,33.17004],[-4.99664,33.17098],[-4.9975,33.1713],[-4.99814,33.17215],[-4.99943,33.1722],[-4.99984,33.17242],[-5.00007,33.17365],[-5.00066,33.17487],[-5.0013,33.17563],[-5.002,33.17601],[-5.00229,33.17682],[-5.00335,33.17801],[-5.0034,33.17827],[-5.00315,33.17891],[-5.00319,33.17922],[-5.00285,33.17983],[-5.00288,33.18017],[-5.00361,33.18089],[-5.00446,33.18222],[-5.00483,33.18372],[-5.00522,33.18419],[-5.00591,33.18454]]}},{"type":"Feature","properties":{},"geometry":{"type":"LineString","coordinates":[[-4.84406,33.30202],[-4.84361,33.30376],[-4.8432,33.30464]]}},{"type":"Feature","properties":{},"geometry":{"type":"LineString","coordinates":[[-4.85422,33.32178],[-4.85641,33.32117],[-4.85861,33.32117],[-4.86003,33.32096],[-4.86439,33.31972],[-4.86439,33.31957],[-4.86304,33.31881],[-4.86228,33.3174],[-4.86248,33.31592],[-4.86275,33.31541],[-4.86358,33.31476],[-4.8655,33.31459],[-4.86625,33.31487],[-4.86946,33.31392],[-4.87014,33.31378],[-4.87104,33.31387],[-4.87211,33.31271],[-4.8727,33.31271],[-4.87408,33.31345],[-4.87607,33.31225],[-4.87656,33.31211],[-4.87785,33.31216],[-4.87793,33.31281],[-4.87833,33.31267],[-4.87901,33.31206],[-4.87995,33.31205],[-4.88086,33.31231],[-4.88318,33.31157],[-4.88593,33.31152],[-4.88643,33.31127],[-4.88704,33.3112],[-4.88742,33.31123],[-4.88785,33.31156],[-4.88911,33.31136],[-4.89181,33.31202],[-4.89508,33.31152],[-4.89639,33.31149],[-4.89823,33.31077],[-4.89733,33.30967],[-4.89694,33.30873],[-4.89698,33.30846],[-4.89625,33.3081],[-4.89574,33.30697],[-4.89659,33.3047],[-4.89651,33.30446],[-4.89587,33.3042],[-4.89614,33.30378],[-4.89602,33.30346],[-4.89532,33.30355],[-4.89303,33.30434],[-4.89159,33.30444],[-4.89031,33.30495],[-4.88919,33.30469],[-4.88841,33.30393],[-4.88732,33.30331],[-4.88647,33.29979],[-4.88666,33.29791],[-4.88646,33.29745],[-4.88701,33.29689],[-4.88716,33.29605],[-4.88676,33.29553],[-4.8868,33.29512],[-4.88859,33.29234],[-4.8898,33.28821],[-4.88978,33.28759],[-4.88934,33.28597],[-4.88866,33.28406],[-4.8884,33.28243],[-4.88886,33.28164],[-4.88888,33.28112],[-4.89028,33.27936],[-4.89066,33.27854],[-4.89061,33.27805],[-4.89096,33.27715],[-4.8905,33.2765],[-4.89067,33.27479],[-4.89237,33.27325],[-4.8919,33.2726],[-4.89176,33.27197]]}},{"type":"Feature","properties":{},"geometry":{"type":"LineString","coordinates":[[-5.25097,33.28477],[-5.25129,33.28376]]}},{"type":"Feature","properties":{},"geometry":{"type":"LineString","coordinates":[[-5.22027,33.09551],[-5.22022,33.09414],[-5.22085,33.09328],[-5.22068,33.09309],[-5.22029,33.09303],[-5.22,33.09104],[-5.22018,33.09062],[-5.22107,33.08963],[-5.22175,33.08839],[-5.22187,33.08785],[-5.2223,33.08729]]}},{"type":"Feature","properties":{},"geometry":{"type":"LineString","coordinates":[[-4.79215,33.73957],[-4.79173,33.73935],[-4.7916,33.73902],[-4.7917,33.73887],[-4.79317,33.73804],[-4.79409,33.7379],[-4.79444,33.73707],[-4.79426,33.73623],[-4.79479,33.73544],[-4.79584,33.73569],[-4.7964,33.73555],[-4.79666,33.73412],[-4.79701,33.73352],[-4.79721,33.73247],[-4.7975,33.73227],[-4.7977,33.73172],[-4.79835,33.73129],[-4.79958,33.73125],[-4.80017,33.73096],[-4.80046,33.73028],[-4.80068,33.7284],[-4.80183,33.72776],[-4.80242,33.72699],[-4.80285,33.72682],[-4.80537,33.72658],[-4.80584,33.7262],[-4.80615,33.72566],[-4.80681,33.7259],[-4.80723,33.72584],[-4.80768,33.72401],[-4.80787,33.72378],[-4.80973,33.72377],[-4.81036,33.72344],[-4.81159,33.7232],[-4.8123,33.72327],[-4.8125,33.72308],[-4.8141,33.72266],[-4.81455,33.72329],[-4.81506,33.72359],[-4.81599,33.72299],[-4.81653,33.72299],[-4.81715,33.72267],[-4.81778,33.72151],[-4.81796,33.72085],[-4.81835,33.72037],[-4.82,33.71917],[-4.82141,33.71921],[-4.82212,33.7197],[-4.82255,33.71965],[-4.82336,33.71923]]}},{"type":"Feature","properties":{},"geometry":{"type":"LineString","coordinates":[[-5.1269,33.26924],[-5.13022,33.267],[-5.13158,33.26581],[-5.13201,33.26571],[-5.13347,33.26415],[-5.14051,33.25845],[-5.14098,33.25788],[-5.14118,33.25715],[-5.14405,33.25416],[-5.1446,33.25324],[-5.14566,33.25212],[-5.14974,33.24822],[-5.1513,33.24726],[-5.15228,33.24617],[-5.15256,33.24556],[-5.1563,33.24251],[-5.15918,33.23979],[-5.16124,33.23748],[-5.16341,33.23549],[-5.16405,33.23525],[-5.16437,33.23488],[-5.16554,33.23421],[-5.16563,33.23385],[-5.16658,33.23247],[-5.1681,33.23129],[-5.17014,33.22905],[-5.17148,33.22786]]}},{"type":"Feature","properties":{},"geometry":{"type":"LineString","coordinates":[[-4.86489,33.24679],[-4.86412,33.24574],[-4.86349,33.24519],[-4.86195,33.24488],[-4.86128,33.24449],[-4.86021,33.24443],[-4.85861,33.24517],[-4.8579,33.24441],[-4.85738,33.24429]]}},{"type":"Feature","properties":{"grade":"grade5"},"geometry":{"type":"LineString","coordinates":[[-4.85891,33.24297],[-4.8583,33.24193],[-4.85884,33.24044],[-4.85878,33.23979],[-4.86,33.24055],[-4.86242,33.24118],[-4.86345,33.24171],[-4.8654,33.24236],[-4.86667,33.24344],[-4.8675,33.24514],[-4.86823,33.24586],[-4.86889,33.24602],[-4.86923,33.24573],[-4.86902,33.24439]]}},{"type":"Feature","properties":{"grade":"grade5"},"geometry":{"type":"LineString","coordinates":[[-4.86902,33.24439],[-4.8683,33.24264],[-4.86856,33.24255]]}},{"type":"Feature","properties":{"grade":"grade5"},"geometry":{"type":"LineString","coordinates":[[-4.87181,33.24204],[-4.87239,33.24279],[-4.87212,33.24336],[-4.87143,33.24344],[-4.87042,33.24282]]}},{"type":"Feature","properties":{},"geometry":{"type":"LineString","coordinates":[[-4.86287,33.25246],[-4.86323,33.2516],[-4.86303,33.2508],[-4.86263,33.24969],[-4.8618,33.24879],[-4.86181,33.24839],[-4.86274,33.24884],[-4.86405,33.24894],[-4.86493,33.24995],[-4.8658,33.24978],[-4.86658,33.24994],[-4.86688,33.25026],[-4.86715,33.25102],[-4.86704,33.25371],[-4.86736,33.25525],[-4.8692,33.25703]]}},{"type":"Feature","properties":{},"geometry":{"type":"LineString","coordinates":[[-4.84766,33.24964],[-4.8468,33.24988]]}},{"type":"Feature","properties":{},"geometry":{"type":"LineString","coordinates":[[-4.85326,33.24376],[-4.85304,33.24425],[-4.85276,33.24427],[-4.85285,33.24405],[-4.8547,33.24288],[-4.85891,33.24297],[-4.86163,33.24361],[-4.86242,33.24435],[-4.86284,33.24507]]}},{"type":"Feature","properties":{"grade":"grade5"},"geometry":{"type":"LineString","coordinates":[[-4.86757,33.24216],[-4.86834,33.24253],[-4.86939,33.24251],[-4.87052,33.24283],[-4.87027,33.24227],[-4.87127,33.24253],[-4.87148,33.24202],[-4.87181,33.24204]]}},{"type":"Feature","properties":{},"geometry":{"type":"LineString","coordinates":[[-4.85989,33.24319],[-4.85842,33.24355],[-4.85719,33.24327],[-4.85514,33.24348],[-4.85425,33.24392],[-4.85271,33.24502]]}},{"type":"Feature","properties":{},"geometry":{"type":"LineString","coordinates":[[-4.92939,33.40792],[-4.92992,33.40808],[-4.93082,33.40875]]}},{"type":"Feature","properties":{},"geometry":{"type":"LineString","coordinates":[[-4.93082,33.40875],[-4.93028,33.40707],[-4.93054,33.40578],[-4.9304,33.40472],[-4.92969,33.40297],[-4.9298,33.40195],[-4.92967,33.40036],[-4.93004,33.39809],[-4.9297,33.39753],[-4.92895,33.39698],[-4.92785,33.39685],[-4.92731,33.39607],[-4.92721,33.39564],[-4.92746,33.39451],[-4.92704,33.39316],[-4.92639,33.39264],[-4.92635,33.39178],[-4.92566,33.39084],[-4.92592,33.39016],[-4.92567,33.38951],[-4.92484,33.38964],[-4.92189,33.39061],[-4.91947,33.3911],[-4.91817,33.39096],[-4.91675,33.39056],[-4.91562,33.39005],[-4.91499,33.39014],[-4.9132,33.39101],[-4.91224,33.39067],[-4.91134,33.3906],[-4.91031,33.38958],[-4.90915,33.3889],[-4.9088,33.38849],[-4.90858,33.38804],[-4.90842,33.3866],[-4.9086,33.3861],[-4.90834,33.38503],[-4.90801,33.38451],[-4.90692,33.38344],[-4.90681,33.38282],[-4.90599,33.38135],[-4.90525,33.38086],[-4.90472,33.38073],[-4.90295,33.38118],[-4.90002,33.38128],[-4.89976,33.38116],[-4.89923,33.38035],[-4.89819,33.3794],[-4.89721,33.3774]]}},{"type":"Feature","properties":{},"geometry":{"type":"LineString","coordinates":[[-4.93028,33.40707],[-4.92986,33.40774],[-4.92939,33.40792],[-4.9275,33.40695],[-4.9249,33.40741],[-4.92292,33.40708],[-4.92286,33.40664],[-4.92402,33.40482],[-4.92635,33.40332]]}},{"type":"Feature","properties":{"grade":"grade5"},"geometry":{"type":"LineString","coordinates":[[-4.94644,33.18541],[-4.94648,33.18451],[-4.94686,33.18393],[-4.94728,33.18388],[-4.94838,33.18426],[-4.94894,33.18468],[-4.95022,33.18629],[-4.95286,33.18671],[-4.95386,33.18656],[-4.95408,33.1863]]}},{"type":"Feature","properties":{},"geometry":{"type":"LineString","coordinates":[[-4.93712,33.2116],[-4.9371,33.21215],[-4.93644,33.21348],[-4.93608,33.21367],[-4.93542,33.21463],[-4.93559,33.21515],[-4.93626,33.21525],[-4.93666,33.21548],[-4.93691,33.21577],[-4.93706,33.21632],[-4.93737,33.21654],[-4.93737,33.21678],[-4.93644,33.21669],[-4.93361,33.21705],[-4.93263,33.21745],[-4.93161,33.21856],[-4.93154,33.21891],[-4.93228,33.21936],[-4.93266,33.21991],[-4.93306,33.22011],[-4.93321,33.22063],[-4.93273,33.22175],[-4.932,33.22291],[-4.9303,33.22481],[-4.92987,33.22604]]}},{"type":"Feature","properties":{"grade":"grade5"},"geometry":{"type":"LineString","coordinates":[[-4.98886,33.22601],[-4.98978,33.22602],[-4.99051,33.22556],[-4.99142,33.22525],[-4.99617,33.21963],[-4.99688,33.21761],[-4.99767,33.21638],[-4.99826,33.21431],[-4.99945,33.21286],[-5.00055,33.21091]]}},{"type":"Feature","properties":{},"geometry":{"type":"LineString","coordinates":[[-4.84609,33.2538],[-4.84609,33.2538]]}},{"type":"Feature","properties":{},"geometry":{"type":"LineString","coordinates":[[-4.82902,33.2501],[-4.83043,33.24968],[-4.83112,33.2485],[-4.83226,33.24719],[-4.83365,33.24618],[-4.83482,33.24574],[-4.83589,33.24505],[-4.83667,33.24431],[-4.83721,33.24411],[-4.83837,33.2426],[-4.83892,33.24225],[-4.83927,33.24166],[-4.84016,33.24074],[-4.84043,33.2395],[-4.84012,33.23883],[-4.84059,33.2386]]}},{"type":"Feature","properties":{},"geometry":{"type":"LineString","coordinates":[[-4.85206,33.25217],[-4.8518,33.25255],[-4.85206,33.25459],[-4.85331,33.25547],[-4.85488,33.25575],[-4.85577,33.25572],[-4.8585,33.25705],[-4.859,33.25777],[-4.85926,33.25788],[-4.86009,33.25786],[-4.86124,33.25817],[-4.86212,33.25816],[-4.86248,33.25835],[-4.86343,33.25822],[-4.86457,33.25858],[-4.86552,33.25799],[-4.86573,33.25834]]}},{"type":"Feature","properties":{},"geometry":{"type":"LineString","coordinates":[[-5.32002,33.05306],[-5.3214,33.05341],[-5.3223,33.05294],[-5.32326,33.0528],[-5.32362,33.05293],[-5.3242,33.05345],[-5.32479,33.0535],[-5.32584,33.05396],[-5.32591,33.05419],[-5.32731,33.05505],[-5.32801,33.05579],[-5.32908,33.05615],[-5.32929,33.05651],[-5.33029,33.05671],[-5.33159,33.05763],[-5.33206,33.05869],[-5.33195,33.05914],[-5.33232,33.06031],[-5.33234,33.06077],[-5.3321,33.0612],[-5.33305,33.06227],[-5.33404,33.06485],[-5.33406,33.06563],[-5.33444,33.067],[-5.33426,33.06824],[-5.33434,33.06886],[-5.3351,33.07],[-5.33615,33.07106],[-5.33644,33.073],[-5.3368,33.07367],[-5.33591,33.07531],[-5.33594,33.07576],[-5.33545,33.07708],[-5.33506,33.07759],[-5.33489,33.07814],[-5.33413,33.07882],[-5.33387,33.07932],[-5.33407,33.07998]]}},{"type":"Feature","properties":{},"geometry":{"type":"LineString","coordinates":[[-5.47004,33.71543],[-5.47447,33.71809]]}},{"type":"Feature","properties":{},"geometry":{"type":"LineString","coordinates":[[-5.43978,33.66889],[-5.43995,33.66896],[-5.44019,33.67073],[-5.43975,33.67112]]}},{"type":"Feature","properties":{},"geometry":{"type":"LineString","coordinates":[[-5.43982,33.67112],[-5.44019,33.67166],[-5.4408,33.67169],[-5.44147,33.67098],[-5.44376,33.67017],[-5.44496,33.66944],[-5.4462,33.66852],[-5.44909,33.66593],[-5.45089,33.66557]]}},{"type":"Feature","properties":{},"geometry":{"type":"LineString","coordinates":[[-5.43996,33.66939],[-5.44006,33.66931]]}},{"type":"Feature","properties":{},"geometry":{"type":"LineString","coordinates":[[-5.43997,33.6692],[-5.44006,33.66931]]}},{"type":"Feature","properties":{},"geometry":{"type":"LineString","coordinates":[[-5.44006,33.66931],[-5.44173,33.66927]]}},{"type":"Feature","properties":{},"geometry":{"type":"LineString","coordinates":[[-5.4409,33.66927],[-5.44191,33.66882],[-5.44247,33.66756],[-5.4434,33.6665],[-5.44359,33.66589],[-5.44362,33.6648]]}},{"type":"Feature","properties":{},"geometry":{"type":"LineString","coordinates":[[-5.44128,33.66706],[-5.44362,33.6648]]}},{"type":"Feature","properties":{},"geometry":{"type":"LineString","coordinates":[[-5.44362,33.6648],[-5.44529,33.6632],[-5.44504,33.66296]]}},{"type":"Feature","properties":{},"geometry":{"type":"LineString","coordinates":[[-5.44019,33.67065],[-5.4414,33.67008],[-5.44175,33.6701],[-5.44363,33.6694]]}},{"type":"Feature","properties":{},"geometry":{"type":"LineString","coordinates":[[-5.44317,33.6696],[-5.44296,33.66896],[-5.44298,33.6684],[-5.44364,33.66806],[-5.44333,33.66801],[-5.44211,33.6685]]}},{"type":"Feature","properties":{},"geometry":{"type":"LineString","coordinates":[[-5.25921,33.41763],[-5.26044,33.41877],[-5.26204,33.41987],[-5.26222,33.42075]]}},{"type":"Feature","properties":{},"geometry":{"type":"LineString","coordinates":[[-5.33512,33.39612],[-5.33906,33.39814]]}},{"type":"Feature","properties":{},"geometry":{"type":"LineString","coordinates":[[-5.23546,33.44249],[-5.23465,33.44216],[-5.23383,33.44227]]}},{"type":"Feature","properties":{},"geometry":{"type":"LineString","coordinates":[[-5.56654,33.17781],[-5.56744,33.17871],[-5.56873,33.17966],[-5.56958,33.18073],[-5.57196,33.18133],[-5.57477,33.18258],[-5.57583,33.18326],[-5.57863,33.18383],[-5.57935,33.18422],[-5.58163,33.1849],[-5.58246,33.18494],[-5.58357,33.18552],[-5.58487,33.18494],[-5.58494,33.18393],[-5.58552,33.183],[-5.58573,33.18225],[-5.58635,33.18181]]}},{"type":"Feature","properties":{},"geometry":{"type":"LineString","coordinates":[[-5.33172,33.39758],[-5.3315,33.39833],[-5.33092,33.39897],[-5.3301,33.39949],[-5.33019,33.39995],[-5.33074,33.4005]]}},{"type":"Feature","properties":{},"geometry":{"type":"LineString","coordinates":[[-5.61993,33.18672],[-5.61833,33.18669]]}},{"type":"Feature","properties":{},"geometry":{"type":"LineString","coordinates":[[-4.98985,33.76878],[-4.98949,33.76815],[-4.98936,33.76737],[-4.98882,33.76662],[-4.98907,33.76486],[-4.98904,33.7639],[-4.98895,33.76235],[-4.98866,33.76168],[-4.98777,33.76079],[-4.98626,33.76016],[-4.98441,33.76012],[-4.9841,33.75994],[-4.98275,33.75984],[-4.98225,33.75924],[-4.98264,33.75863],[-4.98235,33.75769],[-4.98233,33.75665],[-4.98033,33.7557],[-4.98009,33.75466],[-4.98036,33.75365],[-4.98016,33.75233],[-4.98094,33.75001],[-4.98087,33.74921],[-4.98205,33.74833],[-4.98358,33.74773],[-4.98469,33.74639],[-4.98451,33.74458],[-4.98411,33.74409],[-4.9835,33.74374],[-4.98296,33.74229],[-4.9822,33.74158],[-4.98168,33.74149],[-4.97987,33.74157],[-4.97762,33.7419],[-4.97669,33.74175],[-4.97599,33.7411],[-4.97638,33.74003],[-4.97639,33.73947],[-4.97563,33.7385],[-4.97423,33.7385],[-4.97353,33.7381],[-4.97272,33.73798],[-4.97111,33.73725],[-4.96736,33.73622],[-4.96606,33.73572],[-4.96383,33.73438],[-4.96038,33.72941],[-4.95958,33.72868],[-4.95785,33.72661],[-4.95717,33.725],[-4.95709,33.72356]]}},{"type":"Feature","properties":{},"geometry":{"type":"LineString","coordinates":[[-4.81931,33.67683],[-4.81913,33.67653],[-4.81833,33.67594],[-4.81828,33.67529],[-4.81779,33.67492],[-4.81668,33.67284],[-4.81585,33.67295],[-4.81524,33.67272],[-4.81459,33.67286],[-4.81331,33.67217],[-4.81272,33.67235],[-4.8115,33.67102],[-4.81018,33.67173]]}},{"type":"Feature","properties":{},"geometry":{"type":"LineString","coordinates":[[-5.47869,33.74418],[-5.47741,33.74232],[-5.47559,33.74364]]}},{"type":"Feature","properties":{},"geometry":{"type":"LineString","coordinates":[[-5.52772,33.71113],[-5.52678,33.71804]]}},{"type":"Feature","properties":{},"geometry":{"type":"LineString","coordinates":[[-5.52973,33.69967],[-5.52102,33.68861]]}},{"type":"Feature","properties":{},"geometry":{"type":"LineString","coordinates":[[-5.52185,33.69232],[-5.51937,33.68967]]}},{"type":"Feature","properties":{},"geometry":{"type":"LineString","coordinates":[[-5.68636,32.96127],[-5.6853,32.96078],[-5.68473,32.9607],[-5.6843,32.96082]]}},{"type":"Feature","properties":{},"geometry":{"type":"LineString","coordinates":[[-5.04635,33.23312],[-5.03905,33.23125],[-5.03854,33.23173],[-5.03791,33.23177],[-5.03753,33.23196],[-5.03626,33.23196],[-5.035,33.23232],[-5.03144,33.23443],[-5.03004,33.23508],[-5.0299,33.23503],[-5.02981,33.23422],[-5.02802,33.23333],[-5.02792,33.23284],[-5.02748,33.23245],[-5.02733,33.23205],[-5.02644,33.23145],[-5.02488,33.22997],[-5.02414,33.22991],[-5.02388,33.22978],[-5.02377,33.22944],[-5.02265,33.22884],[-5.02185,33.22875],[-5.02037,33.22808],[-5.01812,33.2283],[-5.01683,33.22825],[-5.01568,33.22867],[-5.01511,33.2287],[-5.01313,33.22694],[-5.0103,33.22708],[-5.00904,33.2261],[-5.00886,33.22442],[-5.00822,33.22497],[-5.00745,33.22504],[-5.00684,33.22528],[-5.00586,33.22463],[-5.00557,33.22419],[-5.00579,33.22357],[-5.00556,33.22286],[-5.00561,33.22247]]}},{"type":"Feature","properties":{},"geometry":{"type":"LineString","coordinates":[[-4.87177,33.3646],[-4.87264,33.36468],[-4.8767,33.3637]]}},{"type":"Feature","properties":{},"geometry":{"type":"LineString","coordinates":[[-4.9387,33.48677],[-4.94016,33.48645],[-4.94084,33.48592],[-4.942,33.48445],[-4.94201,33.48356],[-4.94223,33.48307],[-4.94342,33.4833],[-4.9447,33.48248],[-4.94482,33.48151],[-4.94441,33.48097]]}},{"type":"Feature","properties":{},"geometry":{"type":"LineString","coordinates":[[-4.9387,33.48677],[-4.93797,33.48688],[-4.9366,33.48669],[-4.9358,33.48682],[-4.93491,33.48605]]}},{"type":"Feature","properties":{},"geometry":{"type":"LineString","coordinates":[[-5.33892,33.45783],[-5.33862,33.45799],[-5.33762,33.45772],[-5.33685,33.45796],[-5.33666,33.45843],[-5.33716,33.45886]]}},{"type":"Feature","properties":{},"geometry":{"type":"LineString","coordinates":[[-5.33638,33.45957],[-5.33649,33.45917],[-5.33626,33.45829],[-5.33632,33.45759],[-5.33722,33.45747],[-5.33828,33.45757]]}},{"type":"Feature","properties":{},"geometry":{"type":"LineString","coordinates":[[-5.34963,33.45959],[-5.34988,33.45991],[-5.34993,33.46048],[-5.34956,33.46103],[-5.34802,33.46264],[-5.34712,33.46307],[-5.34606,33.46401],[-5.34681,33.46425],[-5.34697,33.46502],[-5.34679,33.46553],[-5.34643,33.46587],[-5.34598,33.46599],[-5.34586,33.46639]]}},{"type":"Feature","properties":{},"geometry":{"type":"LineString","coordinates":[[-5.34614,33.4659],[-5.34527,33.46576],[-5.34381,33.46595]]}},{"type":"Feature","properties":{},"geometry":{"type":"LineString","coordinates":[[-5.34697,33.46502],[-5.34783,33.46777],[-5.34808,33.46906],[-5.34816,33.46987],[-5.34788,33.47128],[-5.34794,33.4719],[-5.34737,33.47244],[-5.34518,33.47261],[-5.34475,33.47336]]}},{"type":"Feature","properties":{},"geometry":{"type":"LineString","coordinates":[[-5.34757,33.47234],[-5.34621,33.47298]]}},{"type":"Feature","properties":{},"geometry":{"type":"LineString","coordinates":[[-5.40926,33.73384],[-5.40928,33.73347],[-5.40901,33.73296],[-5.40913,33.73197],[-5.40885,33.73154],[-5.40875,33.73049],[-5.40668,33.7314],[-5.40656,33.73167]]}},{"type":"Feature","properties":{},"geometry":{"type":"LineString","coordinates":[[-5.40867,33.73397],[-5.4081,33.73316],[-5.408,33.73224],[-5.40695,33.73232]]}},{"type":"Feature","properties":{},"geometry":{"type":"LineString","coordinates":[[-5.1455,33.46962],[-5.14373,33.47026]]}},{"type":"Feature","properties":{},"geometry":{"type":"LineString","coordinates":[[-5.0913,33.4989],[-5.09174,33.49872],[-5.09253,33.49872],[-5.09276,33.49901]]}},{"type":"Feature","properties":{},"geometry":{"type":"LineString","coordinates":[[-5.09569,33.50317],[-5.09431,33.50248],[-5.09245,33.50124],[-5.09165,33.5013],[-5.09101,33.50155]]}},{"type":"Feature","properties":{},"geometry":{"type":"LineString","coordinates":[[-5.13108,33.56817],[-5.13204,33.56871],[-5.13213,33.56937],[-5.13198,33.56976]]}},{"type":"Feature","properties":{},"geometry":{"type":"LineString","coordinates":[[-5.13344,33.569],[-5.13309,33.5695]]}},{"type":"Feature","properties":{},"geometry":{"type":"LineString","coordinates":[[-5.13335,33.56807],[-5.13373,33.56832]]}},{"type":"Feature","properties":{},"geometry":{"type":"LineString","coordinates":[[-5.00182,33.64463],[-5.00345,33.64531]]}},{"type":"Feature","properties":{},"geometry":{"type":"LineString","coordinates":[[-5.00663,33.64549],[-5.0069,33.64575],[-5.00732,33.64579],[-5.00758,33.64547],[-5.00786,33.64457],[-5.00828,33.64418],[-5.00816,33.6438],[-5.0076,33.64354]]}},{"type":"Feature","properties":{},"geometry":{"type":"LineString","coordinates":[[-5.00649,33.64665],[-5.00587,33.6459],[-5.00488,33.646]]}},{"type":"Feature","properties":{},"geometry":{"type":"LineString","coordinates":[[-5.00682,33.64759],[-5.00538,33.64797]]}},{"type":"Feature","properties":{},"geometry":{"type":"LineString","coordinates":[[-5.00065,33.6481],[-5.00181,33.64861],[-5.00301,33.6485],[-5.00278,33.64802],[-5.00246,33.64779],[-5.00063,33.64781]]}},{"type":"Feature","properties":{},"geometry":{"type":"LineString","coordinates":[[-4.97676,33.64817],[-4.97345,33.64781]]}},{"type":"Feature","properties":{},"geometry":{"type":"LineString","coordinates":[[-4.97657,33.64899],[-4.97702,33.64745]]}},{"type":"Feature","properties":{},"geometry":{"type":"LineString","coordinates":[[-4.97443,33.65043],[-4.97401,33.65298]]}},{"type":"Feature","properties":{},"geometry":{"type":"LineString","coordinates":[[-4.9697,33.64821],[-4.9683,33.64803]]}},{"type":"Feature","properties":{},"geometry":{"type":"LineString","coordinates":[[-4.97057,33.64789],[-4.97005,33.64796],[-4.96929,33.64843],[-4.96917,33.64898],[-4.96864,33.64932]]}},{"type":"Feature","properties":{},"geometry":{"type":"LineString","coordinates":[[-4.96449,33.62821],[-4.96371,33.62778],[-4.96259,33.62769],[-4.96237,33.62729]]}},{"type":"Feature","properties":{},"geometry":{"type":"LineString","coordinates":[[-4.96861,33.62895],[-4.96681,33.62939],[-4.96659,33.6297]]}},{"type":"Feature","properties":{},"geometry":{"type":"LineString","coordinates":[[-4.97195,33.63105],[-4.97168,33.63043],[-4.9717,33.62993],[-4.97111,33.62898],[-4.97144,33.62861],[-4.97123,33.62805],[-4.97133,33.62766]]}},{"type":"Feature","properties":{},"geometry":{"type":"LineString","coordinates":[[-4.96806,33.62906],[-4.968,33.63025],[-4.96779,33.63048]]}},{"type":"Feature","properties":{},"geometry":{"type":"LineString","coordinates":[[-4.96875,33.63127],[-4.96952,33.62999],[-4.96921,33.62943]]}},{"type":"Feature","properties":{},"geometry":{"type":"LineString","coordinates":[[-4.97641,33.62973],[-4.97598,33.62926],[-4.97538,33.62944],[-4.97468,33.62903],[-4.97407,33.62904]]}},{"type":"Feature","properties":{},"geometry":{"type":"LineString","coordinates":[[-5.5556,33.3874],[-5.55604,33.38783],[-5.55617,33.38837],[-5.55538,33.38979],[-5.55463,33.39069],[-5.55459,33.39267],[-5.55304,33.39548],[-5.55042,33.3961]]}},{"type":"Feature","properties":{},"geometry":{"type":"LineString","coordinates":[[-5.57627,33.63961],[-5.57659,33.6405],[-5.57693,33.64062],[-5.57685,33.6417]]}},{"type":"Feature","properties":{},"geometry":{"type":"LineString","coordinates":[[-4.88842,33.34824],[-4.88724,33.34808],[-4.88684,33.34672],[-4.88801,33.34653],[-4.8896,33.34681]]}},{"type":"Feature","properties":{},"geometry":{"type":"LineString","coordinates":[[-5.33284,33.39255],[-5.33268,33.39338],[-5.33284,33.39389]]}},{"type":"Feature","properties":{},"geometry":{"type":"LineString","coordinates":[[-5.56654,33.17864],[-5.56731,33.17899],[-5.56758,33.17882]]}},{"type":"Feature","properties":{},"geometry":{"type":"LineString","coordinates":[[-5.56632,33.17867],[-5.56686,33.17945],[-5.56743,33.18112],[-5.56782,33.18155],[-5.56799,33.18233],[-5.56333,33.18257],[-5.56297,33.18278],[-5.56285,33.18312],[-5.56307,33.18378],[-5.56297,33.18431],[-5.56329,33.18496],[-5.56294,33.18675]]}},{"type":"Feature","properties":{},"geometry":{"type":"LineString","coordinates":[[-5.33982,33.28668],[-5.33955,33.28738],[-5.34004,33.28822],[-5.34062,33.28854]]}},{"type":"Feature","properties":{},"geometry":{"type":"LineString","coordinates":[[-5.33722,33.72358],[-5.33647,33.72259],[-5.33672,33.72209]]}},{"type":"Feature","properties":{},"geometry":{"type":"LineString","coordinates":[[-5.11403,33.54715],[-5.11333,33.54757],[-5.11323,33.54804]]}},{"type":"Feature","properties":{},"geometry":{"type":"LineString","coordinates":[[-5.11253,33.54757],[-5.11242,33.54729],[-5.1128,33.54708],[-5.11337,33.54703],[-5.11377,33.54724]]}},{"type":"Feature","properties":{},"geometry":{"type":"LineString","coordinates":[[-4.99119,33.64907],[-4.99093,33.64889],[-4.99091,33.64854],[-4.99001,33.64816],[-4.99003,33.6476]]}},{"type":"Feature","properties":{},"geometry":{"type":"LineString","coordinates":[[-5.45009,33.74491],[-5.4493,33.74479]]}},{"type":"Feature","properties":{},"geometry":{"type":"LineString","coordinates":[[-5.01521,33.68899],[-5.01615,33.68915],[-5.01623,33.68854],[-5.01682,33.68843],[-5.01746,33.68669],[-5.01785,33.68604],[-5.01856,33.68541],[-5.01871,33.68481],[-5.01915,33.68421],[-5.02034,33.68328],[-5.02076,33.68222],[-5.0207,33.68191],[-5.02036,33.68188],[-5.02023,33.68106],[-5.02048,33.68098],[-5.02152,33.68177]]}},{"type":"Feature","properties":{},"geometry":{"type":"LineString","coordinates":[[-5.01543,33.68999],[-5.01513,33.69012],[-5.01427,33.6899],[-5.01325,33.69035],[-5.01283,33.6902],[-5.01274,33.69179],[-5.01218,33.69302],[-5.01227,33.69339]]}},{"type":"Feature","properties":{},"geometry":{"type":"LineString","coordinates":[[-5.57665,33.73058],[-5.57497,33.72983],[-5.57501,33.72944],[-5.57686,33.72961]]}},{"type":"Feature","properties":{},"geometry":{"type":"LineString","coordinates":[[-5.39306,33.73726],[-5.39218,33.73771],[-5.3918,33.73832],[-5.39106,33.73885]]}},{"type":"Feature","properties":{},"geometry":{"type":"LineString","coordinates":[[-5.34073,33.30001],[-5.34095,33.30154],[-5.34117,33.30196]]}},{"type":"Feature","properties":{},"geometry":{"type":"LineString","coordinates":[[-5.56675,33.15372],[-5.56716,33.15351]]}},{"type":"Feature","properties":{},"geometry":{"type":"LineString","coordinates":[[-5.56715,33.15414],[-5.56702,33.15424],[-5.5663,33.15396]]}},{"type":"Feature","properties":{},"geometry":{"type":"LineString","coordinates":[[-5.56751,33.15453],[-5.56642,33.15348]]}},{"type":"Feature","properties":{},"geometry":{"type":"LineString","coordinates":[[-5.56733,33.15474],[-5.56623,33.15422]]}},{"type":"Feature","properties":{},"geometry":{"type":"LineString","coordinates":[[-5.56706,33.15496],[-5.56609,33.15471]]}},{"type":"Feature","properties":{},"geometry":{"type":"LineString","coordinates":[[-5.56716,33.15487],[-5.56616,33.15446]]}},{"type":"Feature","properties":{},"geometry":{"type":"LineString","coordinates":[[-5.57326,33.1699],[-5.57297,33.16991],[-5.57296,33.16969]]}},{"type":"Feature","properties":{},"geometry":{"type":"LineString","coordinates":[[-5.73886,33.71114],[-5.73781,33.71047],[-5.73741,33.71053],[-5.73733,33.71013]]}},{"type":"Feature","properties":{},"geometry":{"type":"LineString","coordinates":[[-5.25659,33.41815],[-5.25637,33.41781],[-5.25706,33.41719]]}},{"type":"Feature","properties":{},"geometry":{"type":"LineString","coordinates":[[-5.25782,33.42281],[-5.25804,33.42232],[-5.25801,33.42163],[-5.25719,33.421],[-5.25547,33.41857]]}},{"type":"Feature","properties":{},"geometry":{"type":"LineString","coordinates":[[-4.72679,33.36675],[-4.72695,33.36622]]}},{"type":"Feature","properties":{},"geometry":{"type":"LineString","coordinates":[[-4.78454,33.6461],[-4.78091,33.6446],[-4.78174,33.63994],[-4.78171,33.63937],[-4.78219,33.63761],[-4.78203,33.63511],[-4.78209,33.63334],[-4.78192,33.63095],[-4.78173,33.63058],[-4.78171,33.6289],[-4.78142,33.62764],[-4.78128,33.62487],[-4.78103,33.62357],[-4.77987,33.6205]]}},{"type":"Feature","properties":{},"geometry":{"type":"LineString","coordinates":[[-4.84389,33.66223],[-4.84198,33.66209],[-4.84176,33.66134],[-4.8411,33.6612]]}},{"type":"Feature","properties":{},"geometry":{"type":"LineString","coordinates":[[-5.44825,33.38388],[-5.44154,33.38305],[-5.44005,33.38259]]}},{"type":"Feature","properties":{},"geometry":{"type":"LineString","coordinates":[[-5.43962,33.38318],[-5.43985,33.38389],[-5.4395,33.38427],[-5.43948,33.38522]]}},{"type":"Feature","properties":{},"geometry":{"type":"LineString","coordinates":[[-5.57819,33.16344],[-5.57769,33.16267]]}},{"type":"Feature","properties":{},"geometry":{"type":"LineString","coordinates":[[-5.57778,33.16315],[-5.57746,33.16283]]}},{"type":"Feature","properties":{},"geometry":{"type":"LineString","coordinates":[[-5.57784,33.16346],[-5.57787,33.1632],[-5.57729,33.16294]]}},{"type":"Feature","properties":{},"geometry":{"type":"LineString","coordinates":[[-5.5771,33.16257],[-5.57632,33.16198]]}},{"type":"Feature","properties":{},"geometry":{"type":"LineString","coordinates":[[-4.77461,33.66244],[-4.77508,33.66292],[-4.77525,33.66374],[-4.77563,33.66438],[-4.77556,33.66568],[-4.77568,33.66643],[-4.77518,33.66798],[-4.77544,33.67029],[-4.77522,33.67082],[-4.77494,33.67097],[-4.7741,33.67217]]}},{"type":"Feature","properties":{},"geometry":{"type":"LineString","coordinates":[[-5.39441,33.73059],[-5.39385,33.73104]]}},{"type":"Feature","properties":{},"geometry":{"type":"LineString","coordinates":[[-5.39312,33.73033],[-5.39368,33.73109]]}},{"type":"Feature","properties":{},"geometry":{"type":"LineString","coordinates":[[-5.39425,33.73171],[-5.39385,33.73104],[-5.39227,33.73167],[-5.39176,33.73096]]}},{"type":"Feature","properties":{},"geometry":{"type":"LineString","coordinates":[[-5.56792,33.156],[-5.56737,33.15576]]}},{"type":"Feature","properties":{},"geometry":{"type":"LineString","coordinates":[[-5.61807,33.51524],[-5.61973,33.51396]]}},{"type":"Feature","properties":{},"geometry":{"type":"LineString","coordinates":[[-4.87063,33.36464],[-4.86996,33.36505]]}},{"type":"Feature","properties":{},"geometry":{"type":"LineString","coordinates":[[-5.38061,33.68779],[-5.38021,33.68714]]}},{"type":"Feature","properties":{},"geometry":{"type":"LineString","coordinates":[[-5.15786,33.44826],[-5.15789,33.44733],[-5.15679,33.44692],[-5.15633,33.44614],[-5.15612,33.44519]]}},{"type":"Feature","properties":{},"geometry":{"type":"LineString","coordinates":[[-5.08143,33.51595],[-5.08112,33.51593],[-5.08096,33.51609],[-5.08111,33.51718],[-5.08043,33.51717],[-5.07965,33.51762],[-5.07969,33.5178],[-5.08015,33.51789]]}},{"type":"Feature","properties":{},"geometry":{"type":"LineString","coordinates":[[-4.7238,33.36545],[-4.72322,33.36526],[-4.72305,33.36567],[-4.72346,33.36586]]}},{"type":"Feature","properties":{},"geometry":{"type":"LineString","coordinates":[[-4.72421,33.36559],[-4.7238,33.36545],[-4.72346,33.36586],[-4.72402,33.36608]]}},{"type":"Feature","properties":{},"geometry":{"type":"LineString","coordinates":[[-4.72428,33.36542],[-4.72375,33.36646],[-4.72227,33.36594],[-4.72223,33.36581],[-4.72297,33.36477]]}},{"type":"Feature","properties":{},"geometry":{"type":"LineString","coordinates":[[-4.95682,33.29368],[-4.95747,33.29365],[-4.95763,33.29324],[-4.9568,33.29282]]}},{"type":"Feature","properties":{},"geometry":{"type":"LineString","coordinates":[[-4.90163,33.34228],[-4.90123,33.34178]]}},{"type":"Feature","properties":{},"geometry":{"type":"LineString","coordinates":[[-4.89107,33.34721],[-4.89112,33.34755],[-4.89134,33.34768]]}},{"type":"Feature","properties":{},"geometry":{"type":"LineString","coordinates":[[-5.22373,33.44015],[-5.22428,33.44105]]}},{"type":"Feature","properties":{},"geometry":{"type":"LineString","coordinates":[[-5.2233,33.44075],[-5.22357,33.4411]]}},{"type":"Feature","properties":{},"geometry":{"type":"LineString","coordinates":[[-5.22423,33.44118],[-5.22311,33.44098]]}},{"type":"Feature","properties":{},"geometry":{"type":"LineString","coordinates":[[-5.22373,33.44015],[-5.22311,33.44098]]}},{"type":"Feature","properties":{},"geometry":{"type":"LineString","coordinates":[[-4.88837,33.34943],[-4.88782,33.34952],[-4.88751,33.34977]]}},{"type":"Feature","properties":{},"geometry":{"type":"LineString","coordinates":[[-5.2831,33.6219],[-5.28188,33.62146],[-5.28059,33.62034],[-5.27932,33.62117],[-5.27997,33.62186]]}},{"type":"Feature","properties":{},"geometry":{"type":"LineString","coordinates":[[-5.28839,33.62214],[-5.28808,33.62188],[-5.28767,33.62102],[-5.28691,33.62078],[-5.28653,33.61997]]}},{"type":"Feature","properties":{},"geometry":{"type":"LineString","coordinates":[[-5.26414,33.62826],[-5.2637,33.62895],[-5.26275,33.62962],[-5.26278,33.63018],[-5.26128,33.6299],[-5.25945,33.63058],[-5.25648,33.63128]]}},{"type":"Feature","properties":{},"geometry":{"type":"LineString","coordinates":[[-4.87021,33.36452],[-4.87009,33.36465],[-4.87016,33.36487]]}},{"type":"Feature","properties":{},"geometry":{"type":"LineString","coordinates":[[-4.8896,33.34912],[-4.88913,33.34889],[-4.88853,33.34896]]}},{"type":"Feature","properties":{},"geometry":{"type":"LineString","coordinates":[[-4.85501,33.70484],[-4.85515,33.70493]]}},{"type":"Feature","properties":{},"geometry":{"type":"LineString","coordinates":[[-4.85515,33.70493],[-4.85492,33.7052],[-4.85488,33.70569],[-4.85615,33.70612],[-4.85794,33.70573],[-4.85826,33.70664],[-4.85883,33.70664]]}},{"type":"Feature","properties":{},"geometry":{"type":"LineString","coordinates":[[-4.85515,33.70493],[-4.85578,33.70438],[-4.8557,33.70387],[-4.85553,33.70374],[-4.85466,33.70404]]}},{"type":"Feature","properties":{},"geometry":{"type":"LineString","coordinates":[[-4.85276,33.70727],[-4.85368,33.70616],[-4.8548,33.70521],[-4.85514,33.70464],[-4.85508,33.704]]}},{"type":"Feature","properties":{},"geometry":{"type":"LineString","coordinates":[[-5.37815,33.68822],[-5.37779,33.68787],[-5.37724,33.68782],[-5.37706,33.68729],[-5.37538,33.68817],[-5.37491,33.6881],[-5.37467,33.68782]]}},{"type":"Feature","properties":{},"geometry":{"type":"LineString","coordinates":[[-4.68803,33.57775],[-4.68881,33.57751]]}},{"type":"Feature","properties":{},"geometry":{"type":"LineString","coordinates":[[-5.22886,33.43041],[-5.22919,33.43033]]}},{"type":"Feature","properties":{},"geometry":{"type":"LineString","coordinates":[[-5.22873,33.43088],[-5.22866,33.43039]]}},{"type":"Feature","properties":{},"geometry":{"type":"LineString","coordinates":[[-5.33925,33.2952],[-5.33871,33.29472],[-5.33871,33.294],[-5.33843,33.29388]]}},{"type":"Feature","properties":{},"geometry":{"type":"LineString","coordinates":[[-5.33693,33.29037],[-5.33613,33.29087]]}},{"type":"Feature","properties":{},"geometry":{"type":"LineString","coordinates":[[-5.33703,33.28718],[-5.33697,33.28784],[-5.33617,33.28862],[-5.33549,33.28978]]}},{"type":"Feature","properties":{},"geometry":{"type":"LineString","coordinates":[[-5.34157,33.31203],[-5.34139,33.31175],[-5.34089,33.31176]]}},{"type":"Feature","properties":{},"geometry":{"type":"LineString","coordinates":[[-5.34247,33.31089],[-5.34166,33.31121],[-5.341,33.31087],[-5.34092,33.31172],[-5.34021,33.31201]]}},{"type":"Feature","properties":{},"geometry":{"type":"LineString","coordinates":[[-5.34337,33.30562],[-5.34244,33.30599],[-5.34208,33.3065]]}},{"type":"Feature","properties":{},"geometry":{"type":"LineString","coordinates":[[-5.33227,33.32339],[-5.33237,33.32394]]}},{"type":"Feature","properties":{},"geometry":{"type":"LineString","coordinates":[[-5.33282,33.32434],[-5.33113,33.32392],[-5.33073,33.32365]]}},{"type":"Feature","properties":{},"geometry":{"type":"LineString","coordinates":[[-5.32715,33.31952],[-5.32782,33.31852]]}},{"type":"Feature","properties":{},"geometry":{"type":"LineString","coordinates":[[-5.33467,33.30627],[-5.33439,33.30689],[-5.33405,33.3072],[-5.33514,33.30921],[-5.33407,33.30997],[-5.33307,33.30998]]}},{"type":"Feature","properties":{},"geometry":{"type":"LineString","coordinates":[[-5.35616,33.36537],[-5.35599,33.3653],[-5.35601,33.36507],[-5.35727,33.36468]]}},{"type":"Feature","properties":{},"geometry":{"type":"LineString","coordinates":[[-5.35727,33.36468],[-5.35733,33.36501],[-5.35616,33.36537]]}},{"type":"Feature","properties":{},"geometry":{"type":"LineString","coordinates":[[-5.35783,33.36232],[-5.35692,33.36261],[-5.35727,33.36468]]}},{"type":"Feature","properties":{},"geometry":{"type":"LineString","coordinates":[[-5.55924,33.18154],[-5.55816,33.1812]]}},{"type":"Feature","properties":{},"geometry":{"type":"LineString","coordinates":[[-5.56025,33.18142],[-5.55828,33.18086]]}},{"type":"Feature","properties":{},"geometry":{"type":"LineString","coordinates":[[-5.56022,33.1815],[-5.55934,33.1813]]}},{"type":"Feature","properties":{},"geometry":{"type":"LineString","coordinates":[[-5.34667,33.37],[-5.34716,33.37066]]}},{"type":"Feature","properties":{},"geometry":{"type":"LineString","coordinates":[[-5.34735,33.37025],[-5.34678,33.36992]]}},{"type":"Feature","properties":{},"geometry":{"type":"LineString","coordinates":[[-5.34757,33.36976],[-5.34735,33.37025],[-5.34765,33.37078]]}},{"type":"Feature","properties":{},"geometry":{"type":"LineString","coordinates":[[-5.34879,33.36993],[-5.34873,33.37103]]}},{"type":"Feature","properties":{},"geometry":{"type":"LineString","coordinates":[[-4.86683,33.66066],[-4.87341,33.66231],[-4.87397,33.66272],[-4.87439,33.66331]]}},{"type":"Feature","properties":{},"geometry":{"type":"LineString","coordinates":[[-5.12186,33.7362],[-5.12398,33.73603]]}},{"type":"Feature","properties":{},"geometry":{"type":"LineString","coordinates":[[-4.68399,33.70249],[-4.68428,33.70203],[-4.6827,33.70074],[-4.68227,33.70072],[-4.68188,33.70131]]}},{"type":"Feature","properties":{},"geometry":{"type":"LineString","coordinates":[[-5.48848,33.29794],[-5.48891,33.29792],[-5.48918,33.29854]]}},{"type":"Feature","properties":{},"geometry":{"type":"LineString","coordinates":[[-5.06029,33.23457],[-5.05971,33.23555]]}},{"type":"Feature","properties":{},"geometry":{"type":"LineString","coordinates":[[-5.06034,33.23461],[-5.06035,33.23531],[-5.06012,33.23578]]}},{"type":"Feature","properties":{},"geometry":{"type":"LineString","coordinates":[[-5.37673,33.68338],[-5.37641,33.68345]]}},{"type":"Feature","properties":{},"geometry":{"type":"LineString","coordinates":[[-5.37702,33.68333],[-5.37673,33.68338]]}},{"type":"Feature","properties":{},"geometry":{"type":"LineString","coordinates":[[-5.61965,33.5127],[-5.61838,33.51274]]}},{"type":"Feature","properties":{},"geometry":{"type":"LineString","coordinates":[[-5.06113,33.2353],[-5.06057,33.23511],[-5.06056,33.2353],[-5.06102,33.23548]]}},{"type":"Feature","properties":{},"geometry":{"type":"LineString","coordinates":[[-5.05785,33.23527],[-5.0585,33.23514]]}},{"type":"Feature","properties":{},"geometry":{"type":"LineString","coordinates":[[-5.37361,33.66385],[-5.37355,33.66427]]}},{"type":"Feature","properties":{},"geometry":{"type":"LineString","coordinates":[[-5.37355,33.66427],[-5.37348,33.66491]]}},{"type":"Feature","properties":{},"geometry":{"type":"LineString","coordinates":[[-5.37348,33.66491],[-5.37334,33.66595]]}},{"type":"Feature","properties":{},"geometry":{"type":"LineString","coordinates":[[-5.37334,33.66595],[-5.37328,33.66647]]}},{"type":"Feature","properties":{},"geometry":{"type":"LineString","coordinates":[[-5.22168,33.43132],[-5.22239,33.43139]]}},{"type":"Feature","properties":{},"geometry":{"type":"LineString","coordinates":[[-5.59575,33.63888],[-5.59561,33.63863]]}},{"type":"Feature","properties":{},"geometry":{"type":"LineString","coordinates":[[-5.59616,33.63872],[-5.59552,33.63897]]}},{"type":"Feature","properties":{},"geometry":{"type":"LineString","coordinates":[[-5.5968,33.63877],[-5.59565,33.63917],[-5.5953,33.63861]]}},{"type":"Feature","properties":{},"geometry":{"type":"LineString","coordinates":[[-5.06075,33.23648],[-5.0609,33.23759]]}},{"type":"Feature","properties":{},"geometry":{"type":"LineString","coordinates":[[-5.65823,33.68507],[-5.65805,33.68485],[-5.65606,33.68467]]}},{"type":"Feature","properties":{},"geometry":{"type":"LineString","coordinates":[[-5.2331,33.44177],[-5.23364,33.44092],[-5.23419,33.44095]]}},{"type":"Feature","properties":{},"geometry":{"type":"LineString","coordinates":[[-5.22801,33.42997],[-5.22798,33.4301],[-5.22726,33.4302],[-5.22732,33.43046]]}},{"type":"Feature","properties":{},"geometry":{"type":"LineString","coordinates":[[-4.72644,33.36559],[-4.72647,33.36461]]}},{"type":"Feature","properties":{},"geometry":{"type":"LineString","coordinates":[[-4.99883,33.67667],[-5.00014,33.67656],[-5.00065,33.67703],[-5.00149,33.67716],[-5.00228,33.67666],[-5.00246,33.67577],[-5.00411,33.67627],[-5.00654,33.67572],[-5.00882,33.67592],[-5.00976,33.67583],[-5.0111,33.6763],[-5.01232,33.67616],[-5.01285,33.67582]]}},{"type":"Feature","properties":{},"geometry":{"type":"LineString","coordinates":[[-5.01217,33.69307],[-5.01087,33.69292],[-5.00861,33.69115],[-5.00786,33.69078],[-5.00644,33.69041],[-5.00574,33.69058],[-5.00574,33.6919]]}},{"type":"Feature","properties":{},"geometry":{"type":"LineString","coordinates":[[-4.68424,33.70221],[-4.6847,33.70241],[-4.68506,33.70305]]}},{"type":"Feature","properties":{},"geometry":{"type":"LineString","coordinates":[[-4.68343,33.70322],[-4.68399,33.70249]]}},{"type":"Feature","properties":{},"geometry":{"type":"LineString","coordinates":[[-4.68212,33.70423],[-4.68274,33.70509],[-4.68288,33.70508]]}},{"type":"Feature","properties":{},"geometry":{"type":"LineString","coordinates":[[-4.68288,33.70508],[-4.68285,33.70649]]}},{"type":"Feature","properties":{},"geometry":{"type":"LineString","coordinates":[[-4.68288,33.70508],[-4.68343,33.70415],[-4.68319,33.70344]]}},{"type":"Feature","properties":{},"geometry":{"type":"LineString","coordinates":[[-5.0591,33.23345],[-5.05897,33.23321],[-5.05912,33.23314]]}},{"type":"Feature","properties":{},"geometry":{"type":"LineString","coordinates":[[-5.05926,33.2334],[-5.0591,33.23345],[-5.05925,33.23377]]}},{"type":"Feature","properties":{},"geometry":{"type":"LineString","coordinates":[[-5.57596,33.16656],[-5.57608,33.1668]]}},{"type":"Feature","properties":{},"geometry":{"type":"LineString","coordinates":[[-5.06459,33.23695],[-5.06524,33.23698],[-5.06569,33.23641]]}},{"type":"Feature","properties":{},"geometry":{"type":"LineString","coordinates":[[-5.37986,33.68608],[-5.37935,33.68646]]}},{"type":"Feature","properties":{},"geometry":{"type":"LineString","coordinates":[[-5.37393,33.68787],[-5.37349,33.68778],[-5.3731,33.6879]]}},{"type":"Feature","properties":{},"geometry":{"type":"LineString","coordinates":[[-4.72693,33.36968],[-4.72717,33.36977]]}},{"type":"Feature","properties":{},"geometry":{"type":"LineString","coordinates":[[-4.8701,33.3646],[-4.86911,33.36461]]}},{"type":"Feature","properties":{},"geometry":{"type":"LineString","coordinates":[[-5.57608,33.16596],[-5.57629,33.16646]]}},{"type":"Feature","properties":{},"geometry":{"type":"LineString","coordinates":[[-5.57573,33.16607],[-5.57596,33.16656]]}},{"type":"Feature","properties":{},"geometry":{"type":"LineString","coordinates":[[-5.57789,33.16696],[-5.57824,33.16729]]}},{"type":"Feature","properties":{},"geometry":{"type":"LineString","coordinates":[[-5.66609,32.9546],[-5.66609,32.95437]]}},{"type":"Feature","properties":{},"geometry":{"type":"LineString","coordinates":[[-5.66631,32.9546],[-5.66576,32.95461]]}},{"type":"Feature","properties":{},"geometry":{"type":"LineString","coordinates":[[-4.73729,33.36904],[-4.73653,33.36869]]}},{"type":"Feature","properties":{},"geometry":{"type":"LineString","coordinates":[[-5.1187,33.53307],[-5.11934,33.53219],[-5.11927,33.5314]]}},{"type":"Feature","properties":{},"geometry":{"type":"LineString","coordinates":[[-5.19385,33.44304],[-5.1936,33.44367]]}},{"type":"Feature","properties":{},"geometry":{"type":"LineString","coordinates":[[-5.19423,33.4454],[-5.19321,33.44425]]}},{"type":"Feature","properties":{},"geometry":{"type":"LineString","coordinates":[[-4.88876,33.3402],[-4.88774,33.33995],[-4.88705,33.33934],[-4.88645,33.33922]]}},{"type":"Feature","properties":{},"geometry":{"type":"LineString","coordinates":[[-5.19095,33.44559],[-5.19135,33.44595],[-5.19163,33.44593]]}},{"type":"Feature","properties":{},"geometry":{"type":"LineString","coordinates":[[-5.19122,33.44498],[-5.19113,33.44517]]}},{"type":"Feature","properties":{},"geometry":{"type":"LineString","coordinates":[[-5.19182,33.4453],[-5.1917,33.44565]]}},{"type":"Feature","properties":{},"geometry":{"type":"LineString","coordinates":[[-5.19163,33.44593],[-5.1917,33.44565],[-5.19113,33.44517],[-5.19095,33.44559]]}},{"type":"Feature","properties":{},"geometry":{"type":"LineString","coordinates":[[-5.19045,33.44644],[-5.19011,33.44622]]}},{"type":"Feature","properties":{},"geometry":{"type":"LineString","coordinates":[[-4.73408,33.36491],[-4.73348,33.36407]]}},{"type":"Feature","properties":{},"geometry":{"type":"LineString","coordinates":[[-4.72842,33.36038],[-4.72759,33.36011],[-4.72744,33.36052]]}},{"type":"Feature","properties":{},"geometry":{"type":"LineString","coordinates":[[-4.72678,33.3662],[-4.72651,33.36708]]}},{"type":"Feature","properties":{},"geometry":{"type":"LineString","coordinates":[[-4.72651,33.36616],[-4.72641,33.36659]]}},{"type":"Feature","properties":{},"geometry":{"type":"LineString","coordinates":[[-4.72564,33.36545],[-4.72557,33.36595],[-4.72543,33.36604]]}},{"type":"Feature","properties":{},"geometry":{"type":"LineString","coordinates":[[-4.72953,33.36674],[-4.73019,33.36688]]}},{"type":"Feature","properties":{},"geometry":{"type":"LineString","coordinates":[[-5.48895,33.2887],[-5.48851,33.28893],[-5.48852,33.28933],[-5.48895,33.2896],[-5.4895,33.2895]]}},{"type":"Feature","properties":{},"geometry":{"type":"LineString","coordinates":[[-5.2588,33.4177],[-5.25886,33.41787],[-5.25842,33.41809]]}},{"type":"Feature","properties":{},"geometry":{"type":"LineString","coordinates":[[-5.3748,33.68308],[-5.37484,33.68338]]}},{"type":"Feature","properties":{},"geometry":{"type":"LineString","coordinates":[[-5.375,33.68445],[-5.37491,33.68348],[-5.37445,33.68324]]}},{"type":"Feature","properties":{},"geometry":{"type":"LineString","coordinates":[[-5.55877,33.17584],[-5.5584,33.17552]]}},{"type":"Feature","properties":{},"geometry":{"type":"LineString","coordinates":[[-4.93842,33.52344],[-4.93835,33.52278],[-4.93856,33.5226],[-4.93802,33.52243],[-4.93803,33.52196],[-4.93768,33.52145],[-4.93821,33.52145]]}},{"type":"Feature","properties":{},"geometry":{"type":"LineString","coordinates":[[-4.93597,33.52269],[-4.93772,33.52342],[-4.93842,33.52344]]}},{"type":"Feature","properties":{},"geometry":{"type":"LineString","coordinates":[[-5.32616,33.39777],[-5.32654,33.39738],[-5.32686,33.39639],[-5.3278,33.39618]]}},{"type":"Feature","properties":{},"geometry":{"type":"LineString","coordinates":[[-4.71076,33.60981],[-4.7102,33.60921],[-4.70954,33.60881]]}},{"type":"Feature","properties":{},"geometry":{"type":"LineString","coordinates":[[-5.22172,33.43212],[-5.22193,33.43185]]}},{"type":"Feature","properties":{},"geometry":{"type":"LineString","coordinates":[[-5.48738,33.30049],[-5.48727,33.30036],[-5.48704,33.30049]]}},{"type":"Feature","properties":{},"geometry":{"type":"LineString","coordinates":[[-5.48683,33.30062],[-5.48749,33.30066]]}},{"type":"Feature","properties":{},"geometry":{"type":"LineString","coordinates":[[-5.48677,33.30055],[-5.48738,33.30049],[-5.48747,33.3009],[-5.4871,33.30081]]}},{"type":"Feature","properties":{},"geometry":{"type":"LineString","coordinates":[[-5.48635,33.29997],[-5.4871,33.30081]]}},{"type":"Feature","properties":{},"geometry":{"type":"LineString","coordinates":[[-4.8442,33.01098],[-4.84403,33.00984],[-4.8441,33.00916],[-4.84384,33.00889],[-4.84237,33.00811],[-4.83881,33.00764]]}},{"type":"Feature","properties":{},"geometry":{"type":"LineString","coordinates":[[-5.254,33.48953],[-5.25443,33.49023],[-5.25426,33.49056]]}},{"type":"Feature","properties":{},"geometry":{"type":"LineString","coordinates":[[-5.44388,33.67881],[-5.44484,33.67887]]}},{"type":"Feature","properties":{},"geometry":{"type":"LineString","coordinates":[[-5.44555,33.67729],[-5.44185,33.68065]]}},{"type":"Feature","properties":{},"geometry":{"type":"LineString","coordinates":[[-5.62948,33.01748],[-5.62926,33.01726],[-5.62918,33.01659],[-5.62799,33.01578]]}},{"type":"Feature","properties":{},"geometry":{"type":"LineString","coordinates":[[-4.75351,33.35959],[-4.75385,33.36053],[-4.75419,33.36096],[-4.75445,33.36243],[-4.75438,33.36283],[-4.754,33.36336],[-4.75408,33.3638],[-4.7538,33.36417],[-4.75386,33.36466],[-4.75343,33.36655],[-4.75369,33.3669],[-4.75369,33.3673],[-4.75412,33.36833],[-4.75462,33.36886]]}},{"type":"Feature","properties":{"grade":"grade2"},"geometry":{"type":"LineString","coordinates":[[-4.99204,33.08191],[-4.98979,33.08251],[-4.98862,33.0833],[-4.987,33.08371],[-4.98531,33.08357],[-4.98665,33.08469]]}},{"type":"Feature","properties":{},"geometry":{"type":"LineString","coordinates":[[-5.35827,33.6847],[-5.35868,33.68444],[-5.35906,33.68391]]}},{"type":"Feature","properties":{},"geometry":{"type":"LineString","coordinates":[[-5.36394,33.68923],[-5.36317,33.68804],[-5.3623,33.68728],[-5.36174,33.68708]]}},{"type":"Feature","properties":{},"geometry":{"type":"LineString","coordinates":[[-5.32486,33.26794],[-5.32409,33.26841],[-5.32422,33.26903],[-5.32413,33.26985],[-5.32437,33.27062],[-5.32429,33.27222],[-5.3236,33.27279],[-5.3218,33.27372],[-5.32157,33.2746],[-5.3209,33.27491],[-5.32012,33.27589]]}},{"type":"Feature","properties":{},"geometry":{"type":"LineString","coordinates":[[-5.58491,33.10964],[-5.5825,33.1084],[-5.58088,33.10737],[-5.57387,33.10571]]}},{"type":"Feature","properties":{},"geometry":{"type":"LineString","coordinates":[[-4.91844,33.74047],[-4.91866,33.74054],[-4.91869,33.7409],[-4.91849,33.74235],[-4.91803,33.74282],[-4.91753,33.74285]]}},{"type":"Feature","properties":{},"geometry":{"type":"LineString","coordinates":[[-5.63394,33.01707],[-5.6347,33.01738],[-5.6351,33.01733],[-5.63612,33.01595],[-5.63661,33.01499],[-5.6384,33.01316],[-5.64062,33.01042],[-5.64196,33.01002],[-5.64272,33.00955],[-5.64416,33.00792],[-5.64436,33.00732],[-5.64476,33.00679],[-5.64599,33.00587],[-5.64681,33.00551],[-5.64979,33.00362],[-5.65056,33.00265],[-5.6516,33.00172],[-5.65217,33.00082],[-5.65384,32.9998],[-5.65478,32.99891],[-5.6552,32.9987],[-5.65545,32.99828]]}},{"type":"Feature","properties":{},"geometry":{"type":"LineString","coordinates":[[-5.71815,33.12845],[-5.71863,33.12783],[-5.71855,33.12767],[-5.71814,33.12756]]}},{"type":"Feature","properties":{},"geometry":{"type":"LineString","coordinates":[[-5.71986,33.12921],[-5.72057,33.12911],[-5.72069,33.12895],[-5.72029,33.12821],[-5.71943,33.12808],[-5.71946,33.12764],[-5.71933,33.12759]]}},{"type":"Feature","properties":{},"geometry":{"type":"LineString","coordinates":[[-5.71933,33.12759],[-5.71814,33.12756],[-5.71675,33.12707],[-5.71547,33.12712]]}},{"type":"Feature","properties":{},"geometry":{"type":"LineString","coordinates":[[-5.71837,33.12695],[-5.71918,33.12736],[-5.71933,33.12759]]}},{"type":"Feature","properties":{},"geometry":{"type":"LineString","coordinates":[[-5.71608,33.12524],[-5.71677,33.12535],[-5.71779,33.12608]]}},{"type":"Feature","properties":{"grade":"grade2"},"geometry":{"type":"LineString","coordinates":[[-5.15817,33.42765],[-5.15706,33.42805]]}},{"type":"Feature","properties":{},"geometry":{"type":"LineString","coordinates":[[-5.55219,33.12558],[-5.55085,33.1256]]}},{"type":"Feature","properties":{},"geometry":{"type":"LineString","coordinates":[[-5.55227,33.12559],[-5.55219,33.12558]]}},{"type":"Feature","properties":{},"geometry":{"type":"LineString","coordinates":[[-5.35349,33.24081],[-5.35569,33.23982],[-5.35739,33.2388],[-5.35949,33.23791],[-5.35989,33.23759],[-5.3612,33.23733],[-5.3617,33.23687],[-5.36261,33.23671],[-5.36288,33.23652],[-5.36392,33.23498],[-5.36481,33.23459],[-5.36506,33.23413],[-5.36624,33.23332],[-5.36685,33.23252],[-5.36792,33.2317],[-5.36904,33.23053],[-5.37064,33.22992]]}},{"type":"Feature","properties":{},"geometry":{"type":"LineString","coordinates":[[-5.37238,33.21365],[-5.37012,33.2148],[-5.36928,33.21489],[-5.36662,33.21659],[-5.36438,33.21754]]}},{"type":"Feature","properties":{},"geometry":{"type":"LineString","coordinates":[[-5.34921,33.24553],[-5.35032,33.24502],[-5.35106,33.24486],[-5.35257,33.24366],[-5.35295,33.24292],[-5.35287,33.2419],[-5.35349,33.24081]]}},{"type":"Feature","properties":{},"geometry":{"type":"LineString","coordinates":[[-5.35349,33.24081],[-5.34981,33.2419],[-5.34751,33.24225]]}},{"type":"Feature","properties":{},"geometry":{"type":"LineString","coordinates":[[-5.37064,33.22992],[-5.36983,33.22961],[-5.36945,33.22845],[-5.3688,33.22759]]}},{"type":"Feature","properties":{},"geometry":{"type":"LineString","coordinates":[[-5.34967,33.22583],[-5.35208,33.22759],[-5.35315,33.2279],[-5.35369,33.22858],[-5.35498,33.2294],[-5.35583,33.2293],[-5.35645,33.22903],[-5.3576,33.22812],[-5.3591,33.22792],[-5.36085,33.22742],[-5.36327,33.2274],[-5.36626,33.22685],[-5.36764,33.22682],[-5.36804,33.2269],[-5.3688,33.22759]]}},{"type":"Feature","properties":{},"geometry":{"type":"LineString","coordinates":[[-5.3688,33.22759],[-5.36914,33.22778],[-5.36972,33.22769],[-5.36975,33.22702],[-5.36956,33.2264],[-5.36862,33.22562],[-5.36832,33.22507],[-5.36746,33.22455],[-5.3658,33.2243],[-5.3645,33.22375],[-5.3635,33.22392],[-5.36277,33.22426]]}},{"type":"Feature","properties":{},"geometry":{"type":"LineString","coordinates":[[-5.34933,33.22539],[-5.35236,33.22399],[-5.35423,33.22351],[-5.35591,33.22335],[-5.35736,33.22217],[-5.35927,33.22113],[-5.36149,33.21948],[-5.36255,33.21906],[-5.36352,33.21841],[-5.36438,33.21754]]}},{"type":"Feature","properties":{},"geometry":{"type":"LineString","coordinates":[[-5.36438,33.21754],[-5.36391,33.21673],[-5.36427,33.21592],[-5.36415,33.21411],[-5.36439,33.21324],[-5.365,33.21278],[-5.36541,33.21222],[-5.36544,33.21093],[-5.36576,33.20923],[-5.36563,33.2087],[-5.36489,33.208],[-5.36472,33.20671],[-5.3643,33.20659],[-5.36414,33.20629],[-5.36436,33.20606],[-5.36427,33.20536],[-5.36455,33.20501],[-5.36445,33.20464]]}},{"type":"Feature","properties":{},"geometry":{"type":"LineString","coordinates":[[-5.36949,33.23033],[-5.37082,33.23145],[-5.37124,33.23149]]}},{"type":"Feature","properties":{},"geometry":{"type":"LineString","coordinates":[[-5.31701,33.27194],[-5.31667,33.27221],[-5.31586,33.27378],[-5.31605,33.27446],[-5.31587,33.2752],[-5.31599,33.27632],[-5.3158,33.27687],[-5.31639,33.27812],[-5.31616,33.27886],[-5.31655,33.27957],[-5.31648,33.27999]]}},{"type":"Feature","properties":{},"geometry":{"type":"LineString","coordinates":[[-5.33725,33.28738],[-5.33708,33.28747]]}},{"type":"Feature","properties":{},"geometry":{"type":"LineString","coordinates":[[-5.34028,33.27488],[-5.34004,33.27499],[-5.33948,33.27606],[-5.33882,33.27657],[-5.33905,33.27735],[-5.33956,33.27802],[-5.33893,33.27944],[-5.33905,33.28106]]}},{"type":"Feature","properties":{},"geometry":{"type":"LineString","coordinates":[[-5.34481,33.27576],[-5.34366,33.27682],[-5.34298,33.27722],[-5.34011,33.27996]]}},{"type":"Feature","properties":{},"geometry":{"type":"LineString","coordinates":[[-5.36118,33.30512],[-5.36083,33.30629],[-5.35973,33.30682],[-5.35872,33.30685],[-5.35877,33.30714],[-5.35817,33.30818],[-5.3571,33.30884]]}},{"type":"Feature","properties":{},"geometry":{"type":"LineString","coordinates":[[-5.35358,33.25464],[-5.35377,33.25509],[-5.35336,33.25577],[-5.35337,33.25643],[-5.3531,33.25703],[-5.3531,33.25791],[-5.35234,33.25983],[-5.35265,33.2607],[-5.35234,33.26173],[-5.3526,33.26228],[-5.3525,33.26305],[-5.35375,33.26422],[-5.35395,33.26483],[-5.35401,33.26631],[-5.3537,33.26776],[-5.35348,33.26811]]}},{"type":"Feature","properties":{},"geometry":{"type":"LineString","coordinates":[[-5.34088,33.19951],[-5.33963,33.19854],[-5.33941,33.19814],[-5.33918,33.19695],[-5.33928,33.19621],[-5.33804,33.19376],[-5.3379,33.19288],[-5.33796,33.19178],[-5.33747,33.19104],[-5.3374,33.19021]]}},{"type":"Feature","properties":{},"geometry":{"type":"LineString","coordinates":[[-5.34385,33.12607],[-5.34483,33.1249],[-5.34504,33.12424],[-5.34616,33.12354],[-5.34623,33.12336]]}},{"type":"Feature","properties":{},"geometry":{"type":"LineString","coordinates":[[-5.34492,33.12459],[-5.34523,33.1242],[-5.34564,33.12421]]}},{"type":"Feature","properties":{},"geometry":{"type":"LineString","coordinates":[[-4.74666,33.04797],[-4.74565,33.04744],[-4.74276,33.047],[-4.74185,33.04627],[-4.73949,33.04544],[-4.73783,33.04431],[-4.73669,33.04402],[-4.73589,33.04213],[-4.73469,33.04083],[-4.73397,33.04048]]}},{"type":"Feature","properties":{},"geometry":{"type":"LineString","coordinates":[[-4.71774,33.34405],[-4.71741,33.34416]]}},{"type":"Feature","properties":{},"geometry":{"type":"LineString","coordinates":[[-4.71786,33.34403],[-4.71774,33.34405]]}},{"type":"Feature","properties":{},"geometry":{"type":"LineString","coordinates":[[-4.98665,33.08469],[-4.98932,33.08568],[-4.99116,33.08486]]}},{"type":"Feature","properties":{"grade":"grade2"},"geometry":{"type":"LineString","coordinates":[[-4.97849,33.58757],[-4.97946,33.58799],[-4.98018,33.58759],[-4.98037,33.58698],[-4.98031,33.58633],[-4.98051,33.58497],[-4.98028,33.58364],[-4.97948,33.58239],[-4.97957,33.58172],[-4.9789,33.58077],[-4.9789,33.57996],[-4.97824,33.57888],[-4.97823,33.57751],[-4.97637,33.57382],[-4.97528,33.57299],[-4.97442,33.57151],[-4.9725,33.57068],[-4.97196,33.57111],[-4.97152,33.57179]]}},{"type":"Feature","properties":{},"geometry":{"type":"LineString","coordinates":[[-5.24666,33.47533],[-5.24599,33.47669],[-5.24547,33.4772]]}},{"type":"Feature","properties":{},"geometry":{"type":"LineString","coordinates":[[-5.12847,33.50668],[-5.13204,33.50943]]}},{"type":"Feature","properties":{},"geometry":{"type":"LineString","coordinates":[[-5.36754,33.59933],[-5.36866,33.59873],[-5.36893,33.59806],[-5.36974,33.5975],[-5.36996,33.59662]]}},{"type":"Feature","properties":{},"geometry":{"type":"LineString","coordinates":[[-5.37347,33.64902],[-5.37226,33.64927]]}},{"type":"Feature","properties":{},"geometry":{"type":"LineString","coordinates":[[-5.16539,33.45937],[-5.16558,33.45974],[-5.16468,33.46083],[-5.16457,33.46136],[-5.16541,33.46208],[-5.1656,33.4632],[-5.16643,33.46427],[-5.16644,33.46465],[-5.16602,33.46473],[-5.16611,33.46502],[-5.16568,33.46536],[-5.16608,33.46569],[-5.16658,33.46582],[-5.16693,33.46633],[-5.16676,33.4667],[-5.16687,33.46711],[-5.16659,33.46735],[-5.16681,33.46768],[-5.16678,33.46839],[-5.16697,33.46871],[-5.16683,33.46926],[-5.1669,33.46955],[-5.16743,33.46996],[-5.16761,33.47044],[-5.16776,33.47115],[-5.16759,33.47161],[-5.16771,33.47202],[-5.16687,33.4733],[-5.16598,33.47378],[-5.16541,33.47454],[-5.16524,33.47519],[-5.16479,33.47583],[-5.16474,33.47648],[-5.1645,33.47706],[-5.16396,33.47747],[-5.16315,33.47778],[-5.16327,33.47825],[-5.16373,33.47865],[-5.16401,33.47936],[-5.16454,33.4801],[-5.16441,33.48112],[-5.16342,33.48241],[-5.16308,33.48353],[-5.16346,33.48563],[-5.1632,33.48595]]}},{"type":"Feature","properties":{},"geometry":{"type":"LineString","coordinates":[[-5.25818,33.1187],[-5.25739,33.11938],[-5.25726,33.11976],[-5.25757,33.1203],[-5.2572,33.12048]]}},{"type":"Feature","properties":{},"geometry":{"type":"LineString","coordinates":[[-5.01118,33.71863],[-5.00893,33.71839],[-5.00415,33.71698],[-5.00285,33.71751],[-5.00186,33.71814],[-5.00086,33.71991],[-5.00098,33.72011]]}},{"type":"Feature","properties":{},"geometry":{"type":"LineString","coordinates":[[-5.04866,33.71098],[-5.04875,33.71199],[-5.04985,33.71318],[-5.05028,33.71322],[-5.05222,33.71453]]}},{"type":"Feature","properties":{},"geometry":{"type":"LineString","coordinates":[[-5.09833,33.68445],[-5.09648,33.68536],[-5.09536,33.68569],[-5.09298,33.68496],[-5.09058,33.68347],[-5.08801,33.68271],[-5.08751,33.68273],[-5.08661,33.68311],[-5.08545,33.68314],[-5.08396,33.68222],[-5.08236,33.68048],[-5.08183,33.6804],[-5.08076,33.68061],[-5.07898,33.68068],[-5.07763,33.68038],[-5.07577,33.6795],[-5.07465,33.67957],[-5.07291,33.67837],[-5.06986,33.67691]]}},{"type":"Feature","properties":{},"geometry":{"type":"LineString","coordinates":[[-5.12809,33.7347],[-5.12618,33.73491],[-5.12385,33.73401]]}},{"type":"Feature","properties":{},"geometry":{"type":"LineString","coordinates":[[-5.1255,33.74546],[-5.12288,33.74297],[-5.12282,33.74258],[-5.1224,33.74217],[-5.12262,33.74183]]}},{"type":"Feature","properties":{},"geometry":{"type":"LineString","coordinates":[[-4.84227,33.27301],[-4.84536,33.27152]]}},{"type":"Feature","properties":{},"geometry":{"type":"LineString","coordinates":[[-5.37695,33.24646],[-5.37717,33.24712],[-5.3776,33.24748],[-5.37752,33.24789],[-5.37785,33.24871],[-5.37826,33.24886],[-5.37778,33.24911],[-5.37812,33.24972]]}},{"type":"Feature","properties":{},"geometry":{"type":"LineString","coordinates":[[-5.37285,33.64383],[-5.37451,33.64358],[-5.3768,33.64296]]}},{"type":"Feature","properties":{},"geometry":{"type":"LineString","coordinates":[[-5.37312,33.6445],[-5.3732,33.64482],[-5.37678,33.64451],[-5.37692,33.64433],[-5.37657,33.64386],[-5.37301,33.64454]]}},{"type":"Feature","properties":{},"geometry":{"type":"LineString","coordinates":[[-5.73084,33.67692],[-5.73127,33.67655],[-5.73144,33.6757]]}},{"type":"Feature","properties":{},"geometry":{"type":"LineString","coordinates":[[-5.73153,33.67567],[-5.72756,33.67611],[-5.72716,33.67649]]}},{"type":"Feature","properties":{},"geometry":{"type":"LineString","coordinates":[[-5.70963,33.66165],[-5.71024,33.66151],[-5.71079,33.66109],[-5.71135,33.66144],[-5.71195,33.66154]]}},{"type":"Feature","properties":{},"geometry":{"type":"LineString","coordinates":[[-5.7201,33.66587],[-5.72013,33.66597],[-5.71997,33.66595],[-5.71896,33.66538],[-5.7188,33.66549],[-5.71882,33.66592],[-5.71996,33.66658],[-5.72112,33.66685],[-5.72219,33.66689]]}},{"type":"Feature","properties":{},"geometry":{"type":"LineString","coordinates":[[-5.65956,33.52695],[-5.66001,33.52749]]}},{"type":"Feature","properties":{},"geometry":{"type":"LineString","coordinates":[[-5.6595,33.52712],[-5.65869,33.52717],[-5.65537,33.52683],[-5.654,33.52629]]}},{"type":"Feature","properties":{},"geometry":{"type":"LineString","coordinates":[[-5.57467,33.4757],[-5.57428,33.47521],[-5.57386,33.47523]]}},{"type":"Feature","properties":{},"geometry":{"type":"LineString","coordinates":[[-5.57453,33.47329],[-5.57429,33.47382],[-5.57431,33.47462],[-5.57414,33.47504],[-5.57243,33.47632],[-5.57232,33.4767]]}},{"type":"Feature","properties":{},"geometry":{"type":"LineString","coordinates":[[-5.57232,33.4767],[-5.57223,33.47663],[-5.5713,33.47735]]}},{"type":"Feature","properties":{},"geometry":{"type":"LineString","coordinates":[[-5.53026,33.47059],[-5.53037,33.47084],[-5.53028,33.47167],[-5.52991,33.4719],[-5.52723,33.47198],[-5.52419,33.47184],[-5.5232,33.47147]]}},{"type":"Feature","properties":{},"geometry":{"type":"LineString","coordinates":[[-5.53169,33.5591],[-5.5303,33.55782],[-5.52805,33.55631],[-5.52673,33.55491],[-5.52659,33.55438],[-5.52626,33.55407],[-5.5258,33.55392],[-5.52223,33.55437],[-5.52121,33.55469],[-5.5194,33.55492],[-5.51874,33.5553],[-5.51677,33.55567],[-5.5148,33.5557],[-5.51227,33.55545],[-5.51099,33.5556],[-5.50982,33.55543],[-5.50865,33.55566],[-5.50776,33.55565],[-5.50487,33.55525],[-5.50222,33.55479],[-5.50125,33.55394],[-5.49969,33.55352],[-5.4954,33.5511],[-5.49367,33.55063],[-5.49294,33.54909]]}},{"type":"Feature","properties":{},"geometry":{"type":"LineString","coordinates":[[-5.30571,33.59549],[-5.30655,33.59425],[-5.30638,33.59405],[-5.30673,33.59344],[-5.30706,33.59213],[-5.30745,33.59181]]}},{"type":"Feature","properties":{},"geometry":{"type":"LineString","coordinates":[[-5.42519,33.52542],[-5.42572,33.52575],[-5.4257,33.52599],[-5.42304,33.52879],[-5.42458,33.53088],[-5.42548,33.53181]]}},{"type":"Feature","properties":{"grade":"grade2"},"geometry":{"type":"LineString","coordinates":[[-5.42304,33.52879],[-5.42629,33.52364]]}},{"type":"Feature","properties":{"grade":"grade2"},"geometry":{"type":"LineString","coordinates":[[-5.43655,33.53096],[-5.43639,33.53082],[-5.43637,33.52983],[-5.43671,33.52895],[-5.42629,33.52364]]}},{"type":"Feature","properties":{"grade":"grade3"},"geometry":{"type":"LineString","coordinates":[[-5.39165,33.5008],[-5.39222,33.50058],[-5.39335,33.49979],[-5.39733,33.49914],[-5.40002,33.4984],[-5.40303,33.49659],[-5.4035,33.49663],[-5.40695,33.4978]]}},{"type":"Feature","properties":{},"geometry":{"type":"LineString","coordinates":[[-5.36138,33.53091],[-5.36081,33.53083],[-5.36044,33.53042]]}},{"type":"Feature","properties":{},"geometry":{"type":"LineString","coordinates":[[-5.32838,33.49339],[-5.326,33.49486]]}},{"type":"Feature","properties":{},"geometry":{"type":"LineString","coordinates":[[-5.30997,33.5137],[-5.30914,33.51354],[-5.30763,33.51273]]}},{"type":"Feature","properties":{},"geometry":{"type":"LineString","coordinates":[[-5.44232,33.40668],[-5.4416,33.40671]]}},{"type":"Feature","properties":{},"geometry":{"type":"LineString","coordinates":[[-5.29019,33.46808],[-5.29102,33.46552],[-5.29081,33.46528],[-5.2902,33.46524],[-5.29008,33.46492],[-5.29047,33.46308]]}},{"type":"Feature","properties":{},"geometry":{"type":"LineString","coordinates":[[-5.23039,33.55934],[-5.22819,33.55972],[-5.22573,33.55987],[-5.2137,33.55825],[-5.20759,33.55584],[-5.19954,33.5586],[-5.19822,33.56126]]}},{"type":"Feature","properties":{},"geometry":{"type":"LineString","coordinates":[[-5.22636,33.52694],[-5.22653,33.52789],[-5.22648,33.53016],[-5.22677,33.531],[-5.22657,33.53177],[-5.22672,33.53348],[-5.2256,33.53434],[-5.22559,33.53548],[-5.22482,33.53719],[-5.22495,33.53751],[-5.22587,33.53848],[-5.22568,33.53948],[-5.22578,33.53992],[-5.22716,33.54162],[-5.2275,33.54267],[-5.22796,33.54345],[-5.22883,33.54686],[-5.22983,33.54842],[-5.23125,33.54988],[-5.23153,33.5505],[-5.2313,33.55231],[-5.23175,33.55512],[-5.23151,33.55595],[-5.2308,33.55696],[-5.23039,33.55934]]}},{"type":"Feature","properties":{},"geometry":{"type":"LineString","coordinates":[[-5.11399,33.22005],[-5.11328,33.21936],[-5.11203,33.21939],[-5.11091,33.21878],[-5.10995,33.21852],[-5.10949,33.21803],[-5.10867,33.21809],[-5.10803,33.21839],[-5.10568,33.21823],[-5.10072,33.2186],[-5.09863,33.21948]]}},{"type":"Feature","properties":{},"geometry":{"type":"LineString","coordinates":[[-5.06513,33.61964],[-5.0649,33.61916],[-5.06527,33.61893],[-5.0655,33.61827],[-5.06528,33.61724],[-5.06456,33.61601],[-5.06161,33.61407],[-5.0601,33.61265],[-5.05767,33.61111],[-5.05544,33.60925],[-5.05301,33.60901],[-5.05248,33.60851],[-5.05218,33.60842],[-5.05061,33.60839],[-5.04807,33.60667],[-5.04723,33.60644],[-5.04675,33.60521],[-5.04573,33.60477],[-5.04188,33.60419],[-5.04111,33.60448],[-5.04004,33.60452],[-5.03905,33.60503],[-5.03856,33.60508],[-5.03717,33.60392],[-5.03532,33.60323],[-5.03442,33.60219],[-5.03333,33.60191],[-5.03189,33.60053],[-5.03032,33.60001],[-5.03032,33.59954],[-5.02929,33.59944],[-5.02888,33.59837],[-5.02766,33.59802],[-5.02754,33.59759],[-5.02909,33.59641],[-5.02929,33.59545],[-5.02916,33.59523],[-5.0278,33.59427],[-5.02641,33.59395],[-5.02563,33.59101],[-5.02498,33.58951],[-5.0244,33.58886],[-5.0234,33.58705],[-5.02157,33.58581],[-5.02068,33.58496],[-5.02044,33.58496],[-5.02011,33.58532]]}},{"type":"Feature","properties":{},"geometry":{"type":"LineString","coordinates":[[-5.48112,33.13762],[-5.48139,33.13721],[-5.48189,33.13699],[-5.48134,33.13618],[-5.48109,33.1353],[-5.48172,33.13427],[-5.48303,33.13304],[-5.48331,33.13244],[-5.48311,33.13181],[-5.48328,33.13082]]}},{"type":"Feature","properties":{"grade":"grade2"},"geometry":{"type":"LineString","coordinates":[[-4.78732,32.98913],[-4.78833,32.99],[-4.78897,32.99034],[-4.78966,32.99039],[-4.79068,32.99012],[-4.79113,32.98981],[-4.79211,32.98996],[-4.79288,32.99133],[-4.79331,32.99335],[-4.79411,32.99479],[-4.79367,32.99526],[-4.79491,32.99636],[-4.79499,32.9967]]}},{"type":"Feature","properties":{},"geometry":{"type":"LineString","coordinates":[[-5.58674,32.9523],[-5.58681,32.9538],[-5.58648,32.95453],[-5.58672,32.95525],[-5.58649,32.95582],[-5.58647,32.95719],[-5.58682,32.95862],[-5.58667,32.95921],[-5.58668,32.96078],[-5.58648,32.96123],[-5.58658,32.96166],[-5.58605,32.96209],[-5.5857,32.96277],[-5.58494,32.96315],[-5.58386,32.96439]]}},{"type":"Feature","properties":{},"geometry":{"type":"LineString","coordinates":[[-5.31899,33.71898],[-5.31757,33.71824],[-5.31643,33.7188]]}},{"type":"Feature","properties":{"grade":"grade3"},"geometry":{"type":"LineString","coordinates":[[-5.69902,33.20713],[-5.69988,33.20785],[-5.70213,33.20908],[-5.70633,33.21292],[-5.70689,33.21328]]}},{"type":"Feature","properties":{},"geometry":{"type":"LineString","coordinates":[[-4.91657,33.55637],[-4.91756,33.55613],[-4.91876,33.55533],[-4.92104,33.55337],[-4.92237,33.55257],[-4.92345,33.55213],[-4.92503,33.55109],[-4.93429,33.54847],[-4.93612,33.54812]]}},{"type":"Feature","properties":{},"geometry":{"type":"LineString","coordinates":[[-5.58768,33.64434],[-5.58694,33.64457]]}},{"type":"Feature","properties":{},"geometry":{"type":"LineString","coordinates":[[-5.5861,33.64186],[-5.58644,33.64266],[-5.58716,33.64329]]}},{"type":"Feature","properties":{},"geometry":{"type":"LineString","coordinates":[[-5.213,33.4365],[-5.21253,33.4379]]}},{"type":"Feature","properties":{},"geometry":{"type":"LineString","coordinates":[[-4.95872,33.71276],[-4.96,33.71062],[-4.96047,33.70934],[-4.9614,33.70769],[-4.96213,33.70469],[-4.96306,33.70324],[-4.96436,33.70187],[-4.96558,33.70004],[-4.96639,33.69806],[-4.96556,33.69553],[-4.96542,33.69404],[-4.96541,33.69311],[-4.96592,33.69229],[-4.96607,33.69153],[-4.96594,33.69095],[-4.96554,33.69032],[-4.96454,33.6894]]}},{"type":"Feature","properties":{},"geometry":{"type":"LineString","coordinates":[[-4.96454,33.6894],[-4.96375,33.68782],[-4.9627,33.6863],[-4.96275,33.68603],[-4.96216,33.68451],[-4.96132,33.68253],[-4.9607,33.68153],[-4.9597,33.67837]]}},{"type":"Feature","properties":{},"geometry":{"type":"LineString","coordinates":[[-5.01909,33.58409],[-5.01951,33.584],[-5.02004,33.58331],[-5.02104,33.58185],[-5.02248,33.57925],[-5.0239,33.57847],[-5.02489,33.57756],[-5.02526,33.57631],[-5.02632,33.57556],[-5.0263,33.57441],[-5.02687,33.57226],[-5.02683,33.57138],[-5.02714,33.57072],[-5.02723,33.56981],[-5.02576,33.5675],[-5.02565,33.56669],[-5.02611,33.56628],[-5.02656,33.56512],[-5.02884,33.56238],[-5.02954,33.56128]]}},{"type":"Feature","properties":{},"geometry":{"type":"LineString","coordinates":[[-5.05176,33.47162],[-5.05224,33.47162],[-5.05255,33.47189],[-5.05322,33.47171],[-5.05356,33.47121],[-5.05447,33.47095],[-5.05542,33.47021],[-5.05614,33.47001],[-5.05636,33.4692],[-5.05564,33.4681],[-5.05558,33.46772],[-5.05615,33.46663],[-5.05728,33.4658],[-5.05695,33.46433],[-5.05743,33.46362],[-5.05742,33.46302],[-5.05914,33.46115],[-5.06,33.45936],[-5.06105,33.45823],[-5.06361,33.45729],[-5.06433,33.45683],[-5.06624,33.45531],[-5.06693,33.45444],[-5.06848,33.45438],[-5.0713,33.45323],[-5.07792,33.44899],[-5.08203,33.44655],[-5.08318,33.44545],[-5.08494,33.44468],[-5.08773,33.44173],[-5.08878,33.44083],[-5.08934,33.43981],[-5.0919,33.43762],[-5.09567,33.43747],[-5.09914,33.43683],[-5.10028,33.4371],[-5.10148,33.43657],[-5.10348,33.43643],[-5.10545,33.43591],[-5.10622,33.43428],[-5.10643,33.43281]]}},{"type":"Feature","properties":{},"geometry":{"type":"LineString","coordinates":[[-5.44833,33.74521],[-5.44802,33.74489],[-5.44739,33.74523]]}},{"type":"Feature","properties":{},"geometry":{"type":"LineString","coordinates":[[-5.01114,33.71888],[-5.01064,33.71858]]}},{"type":"Feature","properties":{},"geometry":{"type":"LineString","coordinates":[[-5.51672,33.72754],[-5.5167,33.72781],[-5.51633,33.72801],[-5.50663,33.73199]]}},{"type":"Feature","properties":{},"geometry":{"type":"LineString","coordinates":[[-5.58884,33.63729],[-5.5884,33.63693],[-5.5874,33.6367],[-5.5863,33.63594],[-5.58534,33.63557]]}},{"type":"Feature","properties":{},"geometry":{"type":"LineString","coordinates":[[-5.34187,33.13584],[-5.34207,33.13465],[-5.34241,33.13386]]}},{"type":"Feature","properties":{},"geometry":{"type":"LineString","coordinates":[[-4.99238,33.08479],[-4.99162,33.08479],[-4.99146,33.08427]]}},{"type":"Feature","properties":{},"geometry":{"type":"LineString","coordinates":[[-5.0506,33.14119],[-5.05111,33.14049]]}},{"type":"Feature","properties":{},"geometry":{"type":"LineString","coordinates":[[-5.06601,33.15962],[-5.06622,33.15984]]}},{"type":"Feature","properties":{},"geometry":{"type":"LineString","coordinates":[[-5.68584,32.95153],[-5.6851,32.95184]]}},{"type":"Feature","properties":{},"geometry":{"type":"LineString","coordinates":[[-5.68664,32.95107],[-5.68658,32.95134],[-5.68614,32.95134],[-5.68584,32.95153],[-5.68508,32.95147]]}},{"type":"Feature","properties":{},"geometry":{"type":"LineString","coordinates":[[-5.68714,32.95297],[-5.68625,32.95135]]}},{"type":"Feature","properties":{},"geometry":{"type":"LineString","coordinates":[[-5.68711,32.95554],[-5.68779,32.9549],[-5.68817,32.95488],[-5.68802,32.95462]]}},{"type":"Feature","properties":{},"geometry":{"type":"LineString","coordinates":[[-5.36619,33.68574],[-5.36532,33.6853]]}},{"type":"Feature","properties":{},"geometry":{"type":"LineString","coordinates":[[-5.36774,33.68532],[-5.36742,33.68625]]}},{"type":"Feature","properties":{},"geometry":{"type":"LineString","coordinates":[[-5.36394,33.70051],[-5.36409,33.70208],[-5.36441,33.70257]]}},{"type":"Feature","properties":{},"geometry":{"type":"LineString","coordinates":[[-5.3629,33.69443],[-5.36352,33.69433]]}},{"type":"Feature","properties":{},"geometry":{"type":"LineString","coordinates":[[-5.23265,33.43677],[-5.23046,33.43634]]}},{"type":"Feature","properties":{},"geometry":{"type":"LineString","coordinates":[[-5.56616,33.17596],[-5.56727,33.17603],[-5.56759,33.17542],[-5.56852,33.17575],[-5.56955,33.17406],[-5.57003,33.17272]]}},{"type":"Feature","properties":{},"geometry":{"type":"LineString","coordinates":[[-5.57366,33.17204],[-5.56896,33.17288]]}},{"type":"Feature","properties":{},"geometry":{"type":"LineString","coordinates":[[-5.5689,33.17296],[-5.56762,33.173],[-5.56652,33.1751]]}},{"type":"Feature","properties":{},"geometry":{"type":"LineString","coordinates":[[-5.62995,33.74655],[-5.62975,33.74611]]}},{"type":"Feature","properties":{},"geometry":{"type":"LineString","coordinates":[[-5.63255,33.74596],[-5.62974,33.74658],[-5.62949,33.74694],[-5.62863,33.74713],[-5.62823,33.74772],[-5.62655,33.74838],[-5.62599,33.74817],[-5.6248,33.7485]]}}]}